specobjid,label,ra,dec,z,plate,mjd,fiberid,class,subclass,filepath,source_csv
3.15321e+17,white_dwarf,170.01664,-0.38968843,-0.000194091,280,51612,251,STAR,WD,C:\Users\Harshit\OneDrive\Desktop\stellar-spectra-ai\data\raw\white_dwarf\spec-0280-51612-0251.fits,C:\Users\Harshit\OneDrive\Desktop\stellar-spectra-ai\data\catalog\white_dwarfs.csv
3.16509e+17,white_dwarf,171.80071,0.2789693,9.19e-05,281,51614,476,STAR,WD,C:\Users\Harshit\OneDrive\Desktop\stellar-spectra-ai\data\raw\white_dwarf\spec-0281-51614-0476.fits,C:\Users\Harshit\OneDrive\Desktop\stellar-spectra-ai\data\catalog\white_dwarfs.csv
3.85208e+17,white_dwarf,237.38482,0.37923855,-0.000120285,342,51691,547,STAR,WD,C:\Users\Harshit\OneDrive\Desktop\stellar-spectra-ai\data\raw\white_dwarf\spec-0342-51691-0547.fits,C:\Users\Harshit\OneDrive\Desktop\stellar-spectra-ai\data\catalog\white_dwarfs.csv
3.85213e+17,white_dwarf,237.45804,1.1465347,0.000118514,342,51691,565,STAR,WD,C:\Users\Harshit\OneDrive\Desktop\stellar-spectra-ai\data\raw\white_dwarf\spec-0342-51691-0565.fits,C:\Users\Harshit\OneDrive\Desktop\stellar-spectra-ai\data\catalog\white_dwarfs.csv
3.85233e+17,white_dwarf,238.15921,0.65288534,0.000136894,342,51691,639,STAR,WD,C:\Users\Harshit\OneDrive\Desktop\stellar-spectra-ai\data\raw\white_dwarf\spec-0342-51691-0639.fits,C:\Users\Harshit\OneDrive\Desktop\stellar-spectra-ai\data\catalog\white_dwarfs.csv
3.85234e+17,white_dwarf,238.09394,0.62348302,-6.62e-05,342,51691,640,STAR,WD,C:\Users\Harshit\OneDrive\Desktop\stellar-spectra-ai\data\raw\white_dwarf\spec-0342-51691-0640.fits,C:\Users\Harshit\OneDrive\Desktop\stellar-spectra-ai\data\catalog\white_dwarfs.csv
3.86205e+17,white_dwarf,240.03364,-0.14456297,-6.48e-05,343,51692,78,STAR,WD,C:\Users\Harshit\OneDrive\Desktop\stellar-spectra-ai\data\raw\white_dwarf\spec-0343-51692-0078.fits,C:\Users\Harshit\OneDrive\Desktop\stellar-spectra-ai\data\catalog\white_dwarfs.csv
3.86236e+17,white_dwarf,239.01093,-0.12270452,-5.82e-05,343,51692,191,STAR,WD,C:\Users\Harshit\OneDrive\Desktop\stellar-spectra-ai\data\raw\white_dwarf\spec-0343-51692-0191.fits,C:\Users\Harshit\OneDrive\Desktop\stellar-spectra-ai\data\catalog\white_dwarfs.csv
3.86267e+17,white_dwarf,237.77718,-0.19579812,0.00053349,343,51692,303,STAR,WD,C:\Users\Harshit\OneDrive\Desktop\stellar-spectra-ai\data\raw\white_dwarf\spec-0343-51692-0303.fits,C:\Users\Harshit\OneDrive\Desktop\stellar-spectra-ai\data\catalog\white_dwarfs.csv
3.86285e+17,white_dwarf,238.52744,0.58146071,-7.34e-05,343,51692,369,STAR,WD,C:\Users\Harshit\OneDrive\Desktop\stellar-spectra-ai\data\raw\white_dwarf\spec-0343-51692-0369.fits,C:\Users\Harshit\OneDrive\Desktop\stellar-spectra-ai\data\catalog\white_dwarfs.csv
3.8629e+17,white_dwarf,238.3176,0.53146625,-0.000550796,343,51692,385,STAR,WD,C:\Users\Harshit\OneDrive\Desktop\stellar-spectra-ai\data\raw\white_dwarf\spec-0343-51692-0385.fits,C:\Users\Harshit\OneDrive\Desktop\stellar-spectra-ai\data\catalog\white_dwarfs.csv
3.86294e+17,white_dwarf,238.55353,1.1888375,-9.85e-05,343,51692,402,STAR,WD,C:\Users\Harshit\OneDrive\Desktop\stellar-spectra-ai\data\raw\white_dwarf\spec-0343-51692-0402.fits,C:\Users\Harshit\OneDrive\Desktop\stellar-spectra-ai\data\catalog\white_dwarfs.csv
3.86311e+17,white_dwarf,238.70601,0.19756403,-2.47e-05,343,51692,462,STAR,WD,C:\Users\Harshit\OneDrive\Desktop\stellar-spectra-ai\data\raw\white_dwarf\spec-0343-51692-0462.fits,C:\Users\Harshit\OneDrive\Desktop\stellar-spectra-ai\data\catalog\white_dwarfs.csv
3.8734e+17,white_dwarf,241.47719,-0.46978019,-0.000172512,344,51693,111,STAR,WD,C:\Users\Harshit\OneDrive\Desktop\stellar-spectra-ai\data\raw\white_dwarf\spec-0344-51693-0111.fits,C:\Users\Harshit\OneDrive\Desktop\stellar-spectra-ai\data\catalog\white_dwarfs.csv
3.98613e+17,white_dwarf,261.19568,60.25025,2.09e-05,354,51792,163,STAR,WD,C:\Users\Harshit\OneDrive\Desktop\stellar-spectra-ai\data\raw\white_dwarf\spec-0354-51792-0163.fits,C:\Users\Harshit\OneDrive\Desktop\stellar-spectra-ai\data\catalog\white_dwarfs.csv
3.98624e+17,white_dwarf,261.08998,60.763707,9.57e-05,354,51792,200,STAR,WD,C:\Users\Harshit\OneDrive\Desktop\stellar-spectra-ai\data\raw\white_dwarf\spec-0354-51792-0200.fits,C:\Users\Harshit\OneDrive\Desktop\stellar-spectra-ai\data\catalog\white_dwarfs.csv
3.98632e+17,white_dwarf,260.71108,60.183991,1.95e-05,354,51792,229,STAR,WD,C:\Users\Harshit\OneDrive\Desktop\stellar-spectra-ai\data\raw\white_dwarf\spec-0354-51792-0229.fits,C:\Users\Harshit\OneDrive\Desktop\stellar-spectra-ai\data\catalog\white_dwarfs.csv
3.98641e+17,white_dwarf,259.25025,60.528268,3.55e-05,354,51792,264,STAR,WD,C:\Users\Harshit\OneDrive\Desktop\stellar-spectra-ai\data\raw\white_dwarf\spec-0354-51792-0264.fits,C:\Users\Harshit\OneDrive\Desktop\stellar-spectra-ai\data\catalog\white_dwarfs.csv
3.98647e+17,white_dwarf,259.47344,60.065626,-0.000210689,354,51792,286,STAR,WD,C:\Users\Harshit\OneDrive\Desktop\stellar-spectra-ai\data\raw\white_dwarf\spec-0354-51792-0286.fits,C:\Users\Harshit\OneDrive\Desktop\stellar-spectra-ai\data\catalog\white_dwarfs.csv
3.98656e+17,white_dwarf,258.98454,60.112193,-0.000154449,354,51792,318,STAR,WD,C:\Users\Harshit\OneDrive\Desktop\stellar-spectra-ai\data\raw\white_dwarf\spec-0354-51792-0318.fits,C:\Users\Harshit\OneDrive\Desktop\stellar-spectra-ai\data\catalog\white_dwarfs.csv
3.98662e+17,white_dwarf,258.53863,61.267284,-0.000661424,354,51792,341,STAR,WD,C:\Users\Harshit\OneDrive\Desktop\stellar-spectra-ai\data\raw\white_dwarf\spec-0354-51792-0341.fits,C:\Users\Harshit\OneDrive\Desktop\stellar-spectra-ai\data\catalog\white_dwarfs.csv
3.9868e+17,white_dwarf,260.32251,61.509167,0.000403289,354,51792,407,STAR,WD,C:\Users\Harshit\OneDrive\Desktop\stellar-spectra-ai\data\raw\white_dwarf\spec-0354-51792-0407.fits,C:\Users\Harshit\OneDrive\Desktop\stellar-spectra-ai\data\catalog\white_dwarfs.csv
3.98699e+17,white_dwarf,260.00675,61.188037,0.000121657,354,51792,474,STAR,WD,C:\Users\Harshit\OneDrive\Desktop\stellar-spectra-ai\data\raw\white_dwarf\spec-0354-51792-0474.fits,C:\Users\Harshit\OneDrive\Desktop\stellar-spectra-ai\data\catalog\white_dwarfs.csv
3.9872e+17,white_dwarf,262.0442,61.151276,-2.99e-05,354,51792,549,STAR,WD,C:\Users\Harshit\OneDrive\Desktop\stellar-spectra-ai\data\raw\white_dwarf\spec-0354-51792-0549.fits,C:\Users\Harshit\OneDrive\Desktop\stellar-spectra-ai\data\catalog\white_dwarfs.csv
3.98724e+17,white_dwarf,262.58382,61.660413,-0.000315721,354,51792,565,STAR,WD,C:\Users\Harshit\OneDrive\Desktop\stellar-spectra-ai\data\raw\white_dwarf\spec-0354-51792-0565.fits,C:\Users\Harshit\OneDrive\Desktop\stellar-spectra-ai\data\catalog\white_dwarfs.csv
3.98729e+17,white_dwarf,262.3247,61.393189,-0.000141041,354,51792,583,STAR,WD,C:\Users\Harshit\OneDrive\Desktop\stellar-spectra-ai\data\raw\white_dwarf\spec-0354-51792-0583.fits,C:\Users\Harshit\OneDrive\Desktop\stellar-spectra-ai\data\catalog\white_dwarfs.csv
3.98732e+17,white_dwarf,262.58829,60.882798,-0.000306929,354,51792,595,STAR,WD,C:\Users\Harshit\OneDrive\Desktop\stellar-spectra-ai\data\raw\white_dwarf\spec-0354-51792-0595.fits,C:\Users\Harshit\OneDrive\Desktop\stellar-spectra-ai\data\catalog\white_dwarfs.csv
3.98734e+17,white_dwarf,262.85579,62.200356,-0.000115164,354,51792,603,STAR,WD,C:\Users\Harshit\OneDrive\Desktop\stellar-spectra-ai\data\raw\white_dwarf\spec-0354-51792-0603.fits,C:\Users\Harshit\OneDrive\Desktop\stellar-spectra-ai\data\catalog\white_dwarfs.csv
3.98739e+17,white_dwarf,263.34594,61.520422,1.1e-05,354,51792,620,STAR,WD,C:\Users\Harshit\OneDrive\Desktop\stellar-spectra-ai\data\raw\white_dwarf\spec-0354-51792-0620.fits,C:\Users\Harshit\OneDrive\Desktop\stellar-spectra-ai\data\catalog\white_dwarfs.csv
3.99732e+17,white_dwarf,258.52304,56.784822,-0.00016802,355,51788,135,STAR,WD,C:\Users\Harshit\OneDrive\Desktop\stellar-spectra-ai\data\raw\white_dwarf\spec-0355-51788-0135.fits,C:\Users\Harshit\OneDrive\Desktop\stellar-spectra-ai\data\catalog\white_dwarfs.csv
3.99754e+17,white_dwarf,258.27803,56.923768,-0.000144699,355,51788,217,STAR,WD,C:\Users\Harshit\OneDrive\Desktop\stellar-spectra-ai\data\raw\white_dwarf\spec-0355-51788-0217.fits,C:\Users\Harshit\OneDrive\Desktop\stellar-spectra-ai\data\catalog\white_dwarfs.csv
5.12415e+17,white_dwarf,39.03908,-8.1399757,0.000800757,455,51909,474,STAR,CarbonWD,C:\Users\Harshit\OneDrive\Desktop\stellar-spectra-ai\data\raw\white_dwarf\spec-0455-51909-0474.fits,C:\Users\Harshit\OneDrive\Desktop\stellar-spectra-ai\data\catalog\white_dwarfs.csv
5.18014e+17,white_dwarf,50.11402,-5.881511,6.27e-05,460,51924,364,STAR,WD,C:\Users\Harshit\OneDrive\Desktop\stellar-spectra-ai\data\raw\white_dwarf\spec-0460-51924-0364.fits,C:\Users\Harshit\OneDrive\Desktop\stellar-spectra-ai\data\catalog\white_dwarfs.csv
5.18016e+17,white_dwarf,50.356409,-6.2449621,-0.000125928,460,51924,372,STAR,WD,C:\Users\Harshit\OneDrive\Desktop\stellar-spectra-ai\data\raw\white_dwarf\spec-0460-51924-0372.fits,C:\Users\Harshit\OneDrive\Desktop\stellar-spectra-ai\data\catalog\white_dwarfs.csv
5.18018e+17,white_dwarf,50.107666,-6.0996741,-0.000117521,460,51924,379,STAR,WD,C:\Users\Harshit\OneDrive\Desktop\stellar-spectra-ai\data\raw\white_dwarf\spec-0460-51924-0379.fits,C:\Users\Harshit\OneDrive\Desktop\stellar-spectra-ai\data\catalog\white_dwarfs.csv
5.18027e+17,white_dwarf,50.668232,-6.1744033,1.35e-05,460,51924,410,STAR,WD,C:\Users\Harshit\OneDrive\Desktop\stellar-spectra-ai\data\raw\white_dwarf\spec-0460-51924-0410.fits,C:\Users\Harshit\OneDrive\Desktop\stellar-spectra-ai\data\catalog\white_dwarfs.csv
5.18028e+17,white_dwarf,50.564976,-5.7853748,6.27e-05,460,51924,414,STAR,WD,C:\Users\Harshit\OneDrive\Desktop\stellar-spectra-ai\data\raw\white_dwarf\spec-0460-51924-0414.fits,C:\Users\Harshit\OneDrive\Desktop\stellar-spectra-ai\data\catalog\white_dwarfs.csv
5.1805e+17,white_dwarf,50.792974,-6.591374,-0.000388115,460,51924,494,STAR,WD,C:\Users\Harshit\OneDrive\Desktop\stellar-spectra-ai\data\raw\white_dwarf\spec-0460-51924-0494.fits,C:\Users\Harshit\OneDrive\Desktop\stellar-spectra-ai\data\catalog\white_dwarfs.csv
5.18074e+17,white_dwarf,51.308607,-6.4674993,-7.35e-05,460,51924,583,STAR,WD,C:\Users\Harshit\OneDrive\Desktop\stellar-spectra-ai\data\raw\white_dwarf\spec-0460-51924-0583.fits,C:\Users\Harshit\OneDrive\Desktop\stellar-spectra-ai\data\catalog\white_dwarfs.csv
5.18086e+17,white_dwarf,51.978139,-6.7034,-0.000238116,460,51924,627,STAR,WD,C:\Users\Harshit\OneDrive\Desktop\stellar-spectra-ai\data\raw\white_dwarf\spec-0460-51924-0627.fits,C:\Users\Harshit\OneDrive\Desktop\stellar-spectra-ai\data\catalog\white_dwarfs.csv
5.18087e+17,white_dwarf,51.776129,-6.4745791,-0.000153093,460,51924,629,STAR,WD,C:\Users\Harshit\OneDrive\Desktop\stellar-spectra-ai\data\raw\white_dwarf\spec-0460-51924-0629.fits,C:\Users\Harshit\OneDrive\Desktop\stellar-spectra-ai\data\catalog\white_dwarfs.csv
5.19058e+17,white_dwarf,53.615071,-7.2568567,-8.31e-05,461,51910,65,STAR,WD,C:\Users\Harshit\OneDrive\Desktop\stellar-spectra-ai\data\raw\white_dwarf\spec-0461-51910-0065.fits,C:\Users\Harshit\OneDrive\Desktop\stellar-spectra-ai\data\catalog\white_dwarfs.csv
5.19065e+17,white_dwarf,53.349429,-7.4699357,0.000479727,461,51910,92,STAR,WD,C:\Users\Harshit\OneDrive\Desktop\stellar-spectra-ai\data\raw\white_dwarf\spec-0461-51910-0092.fits,C:\Users\Harshit\OneDrive\Desktop\stellar-spectra-ai\data\catalog\white_dwarfs.csv
5.19081e+17,white_dwarf,53.29347,-7.1463025,-9.63e-05,461,51910,148,STAR,WD,C:\Users\Harshit\OneDrive\Desktop\stellar-spectra-ai\data\raw\white_dwarf\spec-0461-51910-0148.fits,C:\Users\Harshit\OneDrive\Desktop\stellar-spectra-ai\data\catalog\white_dwarfs.csv
5.19083e+17,white_dwarf,53.240344,-7.0763631,0.000123122,461,51910,158,STAR,WD,C:\Users\Harshit\OneDrive\Desktop\stellar-spectra-ai\data\raw\white_dwarf\spec-0461-51910-0158.fits,C:\Users\Harshit\OneDrive\Desktop\stellar-spectra-ai\data\catalog\white_dwarfs.csv
5.40501e+17,white_dwarf,145.96358,1.0178131,0.000103547,480,51989,251,STAR,WD,C:\Users\Harshit\OneDrive\Desktop\stellar-spectra-ai\data\raw\white_dwarf\spec-0480-51989-0251.fits,C:\Users\Harshit\OneDrive\Desktop\stellar-spectra-ai\data\catalog\white_dwarfs.csv
5.40559e+17,white_dwarf,146.50696,2.1338035,-4.21e-06,480,51989,462,STAR,WD,C:\Users\Harshit\OneDrive\Desktop\stellar-spectra-ai\data\raw\white_dwarf\spec-0480-51989-0462.fits,C:\Users\Harshit\OneDrive\Desktop\stellar-spectra-ai\data\catalog\white_dwarfs.csv
6.03649e+17,white_dwarf,220.49639,2.9401869,-0.000147355,536,52024,605,STAR,WD,C:\Users\Harshit\OneDrive\Desktop\stellar-spectra-ai\data\raw\white_dwarf\spec-0536-52024-0605.fits,C:\Users\Harshit\OneDrive\Desktop\stellar-spectra-ai\data\catalog\white_dwarfs.csv
6.03653e+17,white_dwarf,220.73133,2.7974567,-2.91e-05,536,52024,620,STAR,WD,C:\Users\Harshit\OneDrive\Desktop\stellar-spectra-ai\data\raw\white_dwarf\spec-0536-52024-0620.fits,C:\Users\Harshit\OneDrive\Desktop\stellar-spectra-ai\data\catalog\white_dwarfs.csv
6.03654e+17,white_dwarf,220.98114,2.2508858,-4.49e-05,536,52024,625,STAR,WD,C:\Users\Harshit\OneDrive\Desktop\stellar-spectra-ai\data\raw\white_dwarf\spec-0536-52024-0625.fits,C:\Users\Harshit\OneDrive\Desktop\stellar-spectra-ai\data\catalog\white_dwarfs.csv
6.04618e+17,white_dwarf,223.06768,1.5178742,-6.69e-05,537,52027,36,STAR,WD,C:\Users\Harshit\OneDrive\Desktop\stellar-spectra-ai\data\raw\white_dwarf\spec-0537-52027-0036.fits,C:\Users\Harshit\OneDrive\Desktop\stellar-spectra-ai\data\catalog\white_dwarfs.csv
6.04626e+17,white_dwarf,222.48188,1.3347166,1.29e-05,537,52027,63,STAR,WD,C:\Users\Harshit\OneDrive\Desktop\stellar-spectra-ai\data\raw\white_dwarf\spec-0537-52027-0063.fits,C:\Users\Harshit\OneDrive\Desktop\stellar-spectra-ai\data\catalog\white_dwarfs.csv
6.04629e+17,white_dwarf,222.502,1.7121235,9.75e-05,537,52027,77,STAR,WD,C:\Users\Harshit\OneDrive\Desktop\stellar-spectra-ai\data\raw\white_dwarf\spec-0537-52027-0077.fits,C:\Users\Harshit\OneDrive\Desktop\stellar-spectra-ai\data\catalog\white_dwarfs.csv
6.04631e+17,white_dwarf,221.92378,0.52617119,6.15e-05,537,52027,84,STAR,WD,C:\Users\Harshit\OneDrive\Desktop\stellar-spectra-ai\data\raw\white_dwarf\spec-0537-52027-0084.fits,C:\Users\Harshit\OneDrive\Desktop\stellar-spectra-ai\data\catalog\white_dwarfs.csv
6.04649e+17,white_dwarf,221.94661,1.2606156,0.000153737,537,52027,147,STAR,WD,C:\Users\Harshit\OneDrive\Desktop\stellar-spectra-ai\data\raw\white_dwarf\spec-0537-52027-0147.fits,C:\Users\Harshit\OneDrive\Desktop\stellar-spectra-ai\data\catalog\white_dwarfs.csv
6.04685e+17,white_dwarf,220.87888,1.5682899,-0.000554391,537,52027,279,STAR,WD,C:\Users\Harshit\OneDrive\Desktop\stellar-spectra-ai\data\raw\white_dwarf\spec-0537-52027-0279.fits,C:\Users\Harshit\OneDrive\Desktop\stellar-spectra-ai\data\catalog\white_dwarfs.csv
6.04686e+17,white_dwarf,220.67004,0.69068555,0.000524472,537,52027,284,STAR,WD,C:\Users\Harshit\OneDrive\Desktop\stellar-spectra-ai\data\raw\white_dwarf\spec-0537-52027-0284.fits,C:\Users\Harshit\OneDrive\Desktop\stellar-spectra-ai\data\catalog\white_dwarfs.csv
6.35087e+17,white_dwarf,130.40257,2.2892293,-7.67e-05,564,52224,290,STAR,WD,C:\Users\Harshit\OneDrive\Desktop\stellar-spectra-ai\data\raw\white_dwarf\spec-0564-52224-0290.fits,C:\Users\Harshit\OneDrive\Desktop\stellar-spectra-ai\data\catalog\white_dwarfs.csv
6.35089e+17,white_dwarf,130.23361,2.2881651,8.58e-05,564,52224,298,STAR,WD,C:\Users\Harshit\OneDrive\Desktop\stellar-spectra-ai\data\raw\white_dwarf\spec-0564-52224-0298.fits,C:\Users\Harshit\OneDrive\Desktop\stellar-spectra-ai\data\catalog\white_dwarfs.csv
6.35115e+17,white_dwarf,130.35816,3.0690029,-0.000387824,564,52224,390,STAR,WD,C:\Users\Harshit\OneDrive\Desktop\stellar-spectra-ai\data\raw\white_dwarf\spec-0564-52224-0390.fits,C:\Users\Harshit\OneDrive\Desktop\stellar-spectra-ai\data\catalog\white_dwarfs.csv
6.3513e+17,white_dwarf,131.3596,3.6636973,-6.29e-05,564,52224,445,STAR,WD,C:\Users\Harshit\OneDrive\Desktop\stellar-spectra-ai\data\raw\white_dwarf\spec-0564-52224-0445.fits,C:\Users\Harshit\OneDrive\Desktop\stellar-spectra-ai\data\catalog\white_dwarfs.csv
6.35136e+17,white_dwarf,130.78743,3.3053538,0.000216296,564,52224,466,STAR,WD,C:\Users\Harshit\OneDrive\Desktop\stellar-spectra-ai\data\raw\white_dwarf\spec-0564-52224-0466.fits,C:\Users\Harshit\OneDrive\Desktop\stellar-spectra-ai\data\catalog\white_dwarfs.csv
6.3515e+17,white_dwarf,131.54476,3.3141126,0.000113323,564,52224,518,STAR,WD,C:\Users\Harshit\OneDrive\Desktop\stellar-spectra-ai\data\raw\white_dwarf\spec-0564-52224-0518.fits,C:\Users\Harshit\OneDrive\Desktop\stellar-spectra-ai\data\catalog\white_dwarfs.csv
6.35155e+17,white_dwarf,131.83006,3.4642395,-0.000168078,564,52224,537,STAR,WD,C:\Users\Harshit\OneDrive\Desktop\stellar-spectra-ai\data\raw\white_dwarf\spec-0564-52224-0537.fits,C:\Users\Harshit\OneDrive\Desktop\stellar-spectra-ai\data\catalog\white_dwarfs.csv
6.35172e+17,white_dwarf,131.91926,3.0031511,0.000494247,564,52224,598,STAR,WD,C:\Users\Harshit\OneDrive\Desktop\stellar-spectra-ai\data\raw\white_dwarf\spec-0564-52224-0598.fits,C:\Users\Harshit\OneDrive\Desktop\stellar-spectra-ai\data\catalog\white_dwarfs.csv
6.36149e+17,white_dwarf,134.99355,2.47294,0.000145438,565,52225,58,STAR,WD,C:\Users\Harshit\OneDrive\Desktop\stellar-spectra-ai\data\raw\white_dwarf\spec-0565-52225-0058.fits,C:\Users\Harshit\OneDrive\Desktop\stellar-spectra-ai\data\catalog\white_dwarfs.csv
6.36154e+17,white_dwarf,134.93649,2.8063348,5.45e-05,565,52225,73,STAR,WD,C:\Users\Harshit\OneDrive\Desktop\stellar-spectra-ai\data\raw\white_dwarf\spec-0565-52225-0073.fits,C:\Users\Harshit\OneDrive\Desktop\stellar-spectra-ai\data\catalog\white_dwarfs.csv
6.36155e+17,white_dwarf,135.00855,2.9076757,-5.49e-05,565,52225,80,STAR,WD,C:\Users\Harshit\OneDrive\Desktop\stellar-spectra-ai\data\raw\white_dwarf\spec-0565-52225-0080.fits,C:\Users\Harshit\OneDrive\Desktop\stellar-spectra-ai\data\catalog\white_dwarfs.csv
6.36179e+17,white_dwarf,134.2216,2.8068202,7.77e-05,565,52225,166,STAR,WD,C:\Users\Harshit\OneDrive\Desktop\stellar-spectra-ai\data\raw\white_dwarf\spec-0565-52225-0166.fits,C:\Users\Harshit\OneDrive\Desktop\stellar-spectra-ai\data\catalog\white_dwarfs.csv
6.36196e+17,white_dwarf,133.53074,2.7266953,-5.73e-05,565,52225,228,STAR,WD,C:\Users\Harshit\OneDrive\Desktop\stellar-spectra-ai\data\raw\white_dwarf\spec-0565-52225-0228.fits,C:\Users\Harshit\OneDrive\Desktop\stellar-spectra-ai\data\catalog\white_dwarfs.csv
6.36199e+17,white_dwarf,133.27951,2.8376346,-0.000159132,565,52225,240,STAR,WD,C:\Users\Harshit\OneDrive\Desktop\stellar-spectra-ai\data\raw\white_dwarf\spec-0565-52225-0240.fits,C:\Users\Harshit\OneDrive\Desktop\stellar-spectra-ai\data\catalog\white_dwarfs.csv
5.32603e+17,white_dwarf,139.51212,1.5078471,-9.78e-05,473,51929,191,STAR,WD,C:\Users\Harshit\OneDrive\Desktop\stellar-spectra-ai\data\raw\white_dwarf\spec-0473-51929-0191.fits,C:\Users\Harshit\OneDrive\Desktop\stellar-spectra-ai\data\catalog\white_dwarfs.csv
5.32607e+17,white_dwarf,139.73708,1.0621889,0.000323787,473,51929,204,STAR,WD,C:\Users\Harshit\OneDrive\Desktop\stellar-spectra-ai\data\raw\white_dwarf\spec-0473-51929-0204.fits,C:\Users\Harshit\OneDrive\Desktop\stellar-spectra-ai\data\catalog\white_dwarfs.csv
5.32649e+17,white_dwarf,138.40177,2.0340139,-0.00072369,473,51929,357,STAR,WD,C:\Users\Harshit\OneDrive\Desktop\stellar-spectra-ai\data\raw\white_dwarf\spec-0473-51929-0357.fits,C:\Users\Harshit\OneDrive\Desktop\stellar-spectra-ai\data\catalog\white_dwarfs.csv
5.32668e+17,white_dwarf,139.39372,2.1567739,0.000772269,473,51929,428,STAR,WD,C:\Users\Harshit\OneDrive\Desktop\stellar-spectra-ai\data\raw\white_dwarf\spec-0473-51929-0428.fits,C:\Users\Harshit\OneDrive\Desktop\stellar-spectra-ai\data\catalog\white_dwarfs.csv
5.3267e+17,white_dwarf,139.57994,1.8960671,0.000682717,473,51929,435,STAR,WD,C:\Users\Harshit\OneDrive\Desktop\stellar-spectra-ai\data\raw\white_dwarf\spec-0473-51929-0435.fits,C:\Users\Harshit\OneDrive\Desktop\stellar-spectra-ai\data\catalog\white_dwarfs.csv
5.32677e+17,white_dwarf,139.75174,2.284084,0.000111254,473,51929,460,STAR,WD,C:\Users\Harshit\OneDrive\Desktop\stellar-spectra-ai\data\raw\white_dwarf\spec-0473-51929-0460.fits,C:\Users\Harshit\OneDrive\Desktop\stellar-spectra-ai\data\catalog\white_dwarfs.csv
5.32679e+17,white_dwarf,139.66555,1.9479649,4.24e-05,473,51929,465,STAR,WD,C:\Users\Harshit\OneDrive\Desktop\stellar-spectra-ai\data\raw\white_dwarf\spec-0473-51929-0465.fits,C:\Users\Harshit\OneDrive\Desktop\stellar-spectra-ai\data\catalog\white_dwarfs.csv
5.32692e+17,white_dwarf,140.13466,2.2036748,0.000186689,473,51929,513,STAR,WD,C:\Users\Harshit\OneDrive\Desktop\stellar-spectra-ai\data\raw\white_dwarf\spec-0473-51929-0513.fits,C:\Users\Harshit\OneDrive\Desktop\stellar-spectra-ai\data\catalog\white_dwarfs.csv
5.48323e+17,white_dwarf,151.70415,62.797263,0.000106213,487,51943,36,STAR,WD,C:\Users\Harshit\OneDrive\Desktop\stellar-spectra-ai\data\raw\white_dwarf\spec-0487-51943-0036.fits,C:\Users\Harshit\OneDrive\Desktop\stellar-spectra-ai\data\catalog\white_dwarfs.csv
5.48405e+17,white_dwarf,147.13852,63.694696,-0.000108102,487,51943,333,STAR,WD,C:\Users\Harshit\OneDrive\Desktop\stellar-spectra-ai\data\raw\white_dwarf\spec-0487-51943-0333.fits,C:\Users\Harshit\OneDrive\Desktop\stellar-spectra-ai\data\catalog\white_dwarfs.csv
5.48409e+17,white_dwarf,146.71748,63.311591,-0.000488363,487,51943,350,STAR,WD,C:\Users\Harshit\OneDrive\Desktop\stellar-spectra-ai\data\raw\white_dwarf\spec-0487-51943-0350.fits,C:\Users\Harshit\OneDrive\Desktop\stellar-spectra-ai\data\catalog\white_dwarfs.csv
5.48414e+17,white_dwarf,148.91027,64.008911,-0.000437426,487,51943,366,STAR,WD,C:\Users\Harshit\OneDrive\Desktop\stellar-spectra-ai\data\raw\white_dwarf\spec-0487-51943-0366.fits,C:\Users\Harshit\OneDrive\Desktop\stellar-spectra-ai\data\catalog\white_dwarfs.csv
7.31986e+17,white_dwarf,0.7846892,-9.6963886,-7.15e-05,650,52143,550,STAR,WD,C:\Users\Harshit\OneDrive\Desktop\stellar-spectra-ai\data\raw\white_dwarf\spec-0650-52143-0550.fits,C:\Users\Harshit\OneDrive\Desktop\stellar-spectra-ai\data\catalog\white_dwarfs.csv
7.32967e+17,white_dwarf,3.5649505,-10.584965,-5.5e-05,651,52141,23,STAR,WD,C:\Users\Harshit\OneDrive\Desktop\stellar-spectra-ai\data\raw\white_dwarf\spec-0651-52141-0023.fits,C:\Users\Harshit\OneDrive\Desktop\stellar-spectra-ai\data\catalog\white_dwarfs.csv
4.07668e+17,white_dwarf,263.2124,55.119898,-2.85e-05,362,51999,337,STAR,WD,C:\Users\Harshit\OneDrive\Desktop\stellar-spectra-ai\data\raw\white_dwarf\spec-0362-51999-0337.fits,C:\Users\Harshit\OneDrive\Desktop\stellar-spectra-ai\data\catalog\white_dwarfs.csv
4.0769e+17,white_dwarf,264.09082,55.168875,0.000316052,362,51999,416,STAR,WD,C:\Users\Harshit\OneDrive\Desktop\stellar-spectra-ai\data\raw\white_dwarf\spec-0362-51999-0416.fits,C:\Users\Harshit\OneDrive\Desktop\stellar-spectra-ai\data\catalog\white_dwarfs.csv
4.07699e+17,white_dwarf,264.41532,55.838865,-0.000150963,362,51999,447,STAR,WD,C:\Users\Harshit\OneDrive\Desktop\stellar-spectra-ai\data\raw\white_dwarf\spec-0362-51999-0447.fits,C:\Users\Harshit\OneDrive\Desktop\stellar-spectra-ai\data\catalog\white_dwarfs.csv
4.50376e+17,white_dwarf,23.940092,-0.96115202,0.000105152,400,51820,60,STAR,WD,C:\Users\Harshit\OneDrive\Desktop\stellar-spectra-ai\data\raw\white_dwarf\spec-0400-51820-0060.fits,C:\Users\Harshit\OneDrive\Desktop\stellar-spectra-ai\data\catalog\white_dwarfs.csv
4.17838e+17,white_dwarf,327.61292,0.57839475,-3.38e-05,371,52078,469,STAR,WD,C:\Users\Harshit\OneDrive\Desktop\stellar-spectra-ai\data\raw\white_dwarf\spec-0371-52078-0469.fits,C:\Users\Harshit\OneDrive\Desktop\stellar-spectra-ai\data\catalog\white_dwarfs.csv
4.17841e+17,white_dwarf,327.90862,0.53949782,0.000544944,371,52078,481,STAR,WD,C:\Users\Harshit\OneDrive\Desktop\stellar-spectra-ai\data\raw\white_dwarf\spec-0371-52078-0481.fits,C:\Users\Harshit\OneDrive\Desktop\stellar-spectra-ai\data\catalog\white_dwarfs.csv
4.17852e+17,white_dwarf,328.29985,0.32589761,-1.89e-05,371,52078,519,STAR,WD,C:\Users\Harshit\OneDrive\Desktop\stellar-spectra-ai\data\raw\white_dwarf\spec-0371-52078-0519.fits,C:\Users\Harshit\OneDrive\Desktop\stellar-spectra-ai\data\catalog\white_dwarfs.csv
4.17879e+17,white_dwarf,328.92692,0.85774796,-0.000355451,371,52078,618,STAR,WD,C:\Users\Harshit\OneDrive\Desktop\stellar-spectra-ai\data\raw\white_dwarf\spec-0371-52078-0618.fits,C:\Users\Harshit\OneDrive\Desktop\stellar-spectra-ai\data\catalog\white_dwarfs.csv
4.18894e+17,white_dwarf,329.63012,-1.0357946,3.96e-05,372,52173,217,STAR,WD,C:\Users\Harshit\OneDrive\Desktop\stellar-spectra-ai\data\raw\white_dwarf\spec-0372-52173-0217.fits,C:\Users\Harshit\OneDrive\Desktop\stellar-spectra-ai\data\catalog\white_dwarfs.csv
4.18904e+17,white_dwarf,329.42383,-0.83249433,-2.68e-05,372,52173,251,STAR,WD,C:\Users\Harshit\OneDrive\Desktop\stellar-spectra-ai\data\raw\white_dwarf\spec-0372-52173-0251.fits,C:\Users\Harshit\OneDrive\Desktop\stellar-spectra-ai\data\catalog\white_dwarfs.csv
4.18911e+17,white_dwarf,329.1322,-0.43393673,-0.000188679,372,52173,277,STAR,WD,C:\Users\Harshit\OneDrive\Desktop\stellar-spectra-ai\data\raw\white_dwarf\spec-0372-52173-0277.fits,C:\Users\Harshit\OneDrive\Desktop\stellar-spectra-ai\data\catalog\white_dwarfs.csv
4.18915e+17,white_dwarf,329.11774,-0.77142699,-0.000162738,372,52173,291,STAR,WD,C:\Users\Harshit\OneDrive\Desktop\stellar-spectra-ai\data\raw\white_dwarf\spec-0372-52173-0291.fits,C:\Users\Harshit\OneDrive\Desktop\stellar-spectra-ai\data\catalog\white_dwarfs.csv
4.18946e+17,white_dwarf,329.41304,0.87009311,-1.76e-05,372,52173,404,STAR,WD,C:\Users\Harshit\OneDrive\Desktop\stellar-spectra-ai\data\raw\white_dwarf\spec-0372-52173-0404.fits,C:\Users\Harshit\OneDrive\Desktop\stellar-spectra-ai\data\catalog\white_dwarfs.csv
4.18971e+17,white_dwarf,330.04666,0.025325702,4.83e-05,372,52173,496,STAR,WD,C:\Users\Harshit\OneDrive\Desktop\stellar-spectra-ai\data\raw\white_dwarf\spec-0372-52173-0496.fits,C:\Users\Harshit\OneDrive\Desktop\stellar-spectra-ai\data\catalog\white_dwarfs.csv
4.04213e+17,white_dwarf,261.70601,53.111339,-0.00028932,359,51821,55,STAR,WD,C:\Users\Harshit\OneDrive\Desktop\stellar-spectra-ai\data\raw\white_dwarf\spec-0359-51821-0055.fits,C:\Users\Harshit\OneDrive\Desktop\stellar-spectra-ai\data\catalog\white_dwarfs.csv
4.0422e+17,white_dwarf,263.05625,53.603404,-0.00108267,359,51821,80,STAR,WD,C:\Users\Harshit\OneDrive\Desktop\stellar-spectra-ai\data\raw\white_dwarf\spec-0359-51821-0080.fits,C:\Users\Harshit\OneDrive\Desktop\stellar-spectra-ai\data\catalog\white_dwarfs.csv
4.04233e+17,white_dwarf,261.23624,52.708029,-0.000992591,359,51821,127,STAR,WD,C:\Users\Harshit\OneDrive\Desktop\stellar-spectra-ai\data\raw\white_dwarf\spec-0359-51821-0127.fits,C:\Users\Harshit\OneDrive\Desktop\stellar-spectra-ai\data\catalog\white_dwarfs.csv
4.04245e+17,white_dwarf,261.26713,53.664137,-0.00045282,359,51821,171,STAR,WD,C:\Users\Harshit\OneDrive\Desktop\stellar-spectra-ai\data\raw\white_dwarf\spec-0359-51821-0171.fits,C:\Users\Harshit\OneDrive\Desktop\stellar-spectra-ai\data\catalog\white_dwarfs.csv
4.04247e+17,white_dwarf,261.50067,53.517769,-0.000123932,359,51821,178,STAR,WD,C:\Users\Harshit\OneDrive\Desktop\stellar-spectra-ai\data\raw\white_dwarf\spec-0359-51821-0178.fits,C:\Users\Harshit\OneDrive\Desktop\stellar-spectra-ai\data\catalog\white_dwarfs.csv
4.04251e+17,white_dwarf,261.24127,53.315414,-0.000436307,359,51821,194,STAR,WD,C:\Users\Harshit\OneDrive\Desktop\stellar-spectra-ai\data\raw\white_dwarf\spec-0359-51821-0194.fits,C:\Users\Harshit\OneDrive\Desktop\stellar-spectra-ai\data\catalog\white_dwarfs.csv
4.04252e+17,white_dwarf,261.2308,53.564929,-0.000299597,359,51821,197,STAR,WD,C:\Users\Harshit\OneDrive\Desktop\stellar-spectra-ai\data\raw\white_dwarf\spec-0359-51821-0197.fits,C:\Users\Harshit\OneDrive\Desktop\stellar-spectra-ai\data\catalog\white_dwarfs.csv
4.04255e+17,white_dwarf,260.59223,52.611581,-0.000886846,359,51821,206,STAR,WD,C:\Users\Harshit\OneDrive\Desktop\stellar-spectra-ai\data\raw\white_dwarf\spec-0359-51821-0206.fits,C:\Users\Harshit\OneDrive\Desktop\stellar-spectra-ai\data\catalog\white_dwarfs.csv
4.04264e+17,white_dwarf,260.6164,53.500594,-0.000940917,359,51821,240,STAR,WD,C:\Users\Harshit\OneDrive\Desktop\stellar-spectra-ai\data\raw\white_dwarf\spec-0359-51821-0240.fits,C:\Users\Harshit\OneDrive\Desktop\stellar-spectra-ai\data\catalog\white_dwarfs.csv
4.0427e+17,white_dwarf,260.25127,53.251154,-0.000561108,359,51821,263,STAR,WD,C:\Users\Harshit\OneDrive\Desktop\stellar-spectra-ai\data\raw\white_dwarf\spec-0359-51821-0263.fits,C:\Users\Harshit\OneDrive\Desktop\stellar-spectra-ai\data\catalog\white_dwarfs.csv
4.04275e+17,white_dwarf,260.25413,53.409365,-0.000507042,359,51821,279,STAR,WD,C:\Users\Harshit\OneDrive\Desktop\stellar-spectra-ai\data\raw\white_dwarf\spec-0359-51821-0279.fits,C:\Users\Harshit\OneDrive\Desktop\stellar-spectra-ai\data\catalog\white_dwarfs.csv
4.04281e+17,white_dwarf,259.74142,53.455067,0.00019025,359,51821,301,STAR,WD,C:\Users\Harshit\OneDrive\Desktop\stellar-spectra-ai\data\raw\white_dwarf\spec-0359-51821-0301.fits,C:\Users\Harshit\OneDrive\Desktop\stellar-spectra-ai\data\catalog\white_dwarfs.csv
4.04295e+17,white_dwarf,259.35728,53.744881,-0.000625206,359,51821,351,STAR,WD,C:\Users\Harshit\OneDrive\Desktop\stellar-spectra-ai\data\raw\white_dwarf\spec-0359-51821-0351.fits,C:\Users\Harshit\OneDrive\Desktop\stellar-spectra-ai\data\catalog\white_dwarfs.csv
4.04303e+17,white_dwarf,260.612,54.720587,-9.7e-05,359,51821,380,STAR,WD,C:\Users\Harshit\OneDrive\Desktop\stellar-spectra-ai\data\raw\white_dwarf\spec-0359-51821-0380.fits,C:\Users\Harshit\OneDrive\Desktop\stellar-spectra-ai\data\catalog\white_dwarfs.csv
4.04305e+17,white_dwarf,260.17343,54.048209,5.75e-05,359,51821,389,STAR,WD,C:\Users\Harshit\OneDrive\Desktop\stellar-spectra-ai\data\raw\white_dwarf\spec-0359-51821-0389.fits,C:\Users\Harshit\OneDrive\Desktop\stellar-spectra-ai\data\catalog\white_dwarfs.csv
4.04311e+17,white_dwarf,261.12766,54.670481,4.05e-05,359,51821,410,STAR,WD,C:\Users\Harshit\OneDrive\Desktop\stellar-spectra-ai\data\raw\white_dwarf\spec-0359-51821-0410.fits,C:\Users\Harshit\OneDrive\Desktop\stellar-spectra-ai\data\catalog\white_dwarfs.csv
4.04318e+17,white_dwarf,260.33604,54.105501,0.000395834,359,51821,437,STAR,WD,C:\Users\Harshit\OneDrive\Desktop\stellar-spectra-ai\data\raw\white_dwarf\spec-0359-51821-0437.fits,C:\Users\Harshit\OneDrive\Desktop\stellar-spectra-ai\data\catalog\white_dwarfs.csv
4.04325e+17,white_dwarf,261.45248,54.271144,-0.000272304,359,51821,460,STAR,WD,C:\Users\Harshit\OneDrive\Desktop\stellar-spectra-ai\data\raw\white_dwarf\spec-0359-51821-0460.fits,C:\Users\Harshit\OneDrive\Desktop\stellar-spectra-ai\data\catalog\white_dwarfs.csv
4.04333e+17,white_dwarf,261.45552,54.016373,-0.000183762,359,51821,491,STAR,WD,C:\Users\Harshit\OneDrive\Desktop\stellar-spectra-ai\data\raw\white_dwarf\spec-0359-51821-0491.fits,C:\Users\Harshit\OneDrive\Desktop\stellar-spectra-ai\data\catalog\white_dwarfs.csv
4.04349e+17,white_dwarf,262.42331,53.904806,1.68e-05,359,51821,549,STAR,WD,C:\Users\Harshit\OneDrive\Desktop\stellar-spectra-ai\data\raw\white_dwarf\spec-0359-51821-0549.fits,C:\Users\Harshit\OneDrive\Desktop\stellar-spectra-ai\data\catalog\white_dwarfs.csv
4.04355e+17,white_dwarf,262.31316,54.632784,-0.0003608,359,51821,569,STAR,WD,C:\Users\Harshit\OneDrive\Desktop\stellar-spectra-ai\data\raw\white_dwarf\spec-0359-51821-0569.fits,C:\Users\Harshit\OneDrive\Desktop\stellar-spectra-ai\data\catalog\white_dwarfs.csv
5.26979e+17,white_dwarf,133.06023,-0.54555457,-0.000975259,468,51912,211,STAR,WD,C:\Users\Harshit\OneDrive\Desktop\stellar-spectra-ai\data\raw\white_dwarf\spec-0468-51912-0211.fits,C:\Users\Harshit\OneDrive\Desktop\stellar-spectra-ai\data\catalog\white_dwarfs.csv
5.26987e+17,white_dwarf,132.92014,-0.28907096,-0.000409808,468,51912,241,STAR,WD,C:\Users\Harshit\OneDrive\Desktop\stellar-spectra-ai\data\raw\white_dwarf\spec-0468-51912-0241.fits,C:\Users\Harshit\OneDrive\Desktop\stellar-spectra-ai\data\catalog\white_dwarfs.csv
5.27006e+17,white_dwarf,131.87328,0.43536339,7.41e-05,468,51912,307,STAR,WD,C:\Users\Harshit\OneDrive\Desktop\stellar-spectra-ai\data\raw\white_dwarf\spec-0468-51912-0307.fits,C:\Users\Harshit\OneDrive\Desktop\stellar-spectra-ai\data\catalog\white_dwarfs.csv
5.2703e+17,white_dwarf,132.74494,1.0537608,-5.69e-05,468,51912,395,STAR,WD,C:\Users\Harshit\OneDrive\Desktop\stellar-spectra-ai\data\raw\white_dwarf\spec-0468-51912-0395.fits,C:\Users\Harshit\OneDrive\Desktop\stellar-spectra-ai\data\catalog\white_dwarfs.csv
5.27034e+17,white_dwarf,132.9009,1.9124936,-8.32e-05,468,51912,409,STAR,WD,C:\Users\Harshit\OneDrive\Desktop\stellar-spectra-ai\data\raw\white_dwarf\spec-0468-51912-0409.fits,C:\Users\Harshit\OneDrive\Desktop\stellar-spectra-ai\data\catalog\white_dwarfs.csv
5.27045e+17,white_dwarf,133.1228,1.7232774,0.000282454,468,51912,451,STAR,WD,C:\Users\Harshit\OneDrive\Desktop\stellar-spectra-ai\data\raw\white_dwarf\spec-0468-51912-0451.fits,C:\Users\Harshit\OneDrive\Desktop\stellar-spectra-ai\data\catalog\white_dwarfs.csv
5.27063e+17,white_dwarf,133.82683,0.97592968,0.000119525,468,51912,515,STAR,WD,C:\Users\Harshit\OneDrive\Desktop\stellar-spectra-ai\data\raw\white_dwarf\spec-0468-51912-0515.fits,C:\Users\Harshit\OneDrive\Desktop\stellar-spectra-ai\data\catalog\white_dwarfs.csv
5.2805e+17,white_dwarf,135.31742,0.14507933,4.71e-05,469,51913,12,STAR,WD,C:\Users\Harshit\OneDrive\Desktop\stellar-spectra-ai\data\raw\white_dwarf\spec-0469-51913-0012.fits,C:\Users\Harshit\OneDrive\Desktop\stellar-spectra-ai\data\catalog\white_dwarfs.csv
5.28051e+17,white_dwarf,135.48762,0.30675734,-0.00034013,469,51913,16,STAR,WDmagnetic,C:\Users\Harshit\OneDrive\Desktop\stellar-spectra-ai\data\raw\white_dwarf\spec-0469-51913-0016.fits,C:\Users\Harshit\OneDrive\Desktop\stellar-spectra-ai\data\catalog\white_dwarfs.csv
5.28053e+17,white_dwarf,135.93139,0.42140931,0.000273051,469,51913,21,STAR,WD,C:\Users\Harshit\OneDrive\Desktop\stellar-spectra-ai\data\raw\white_dwarf\spec-0469-51913-0021.fits,C:\Users\Harshit\OneDrive\Desktop\stellar-spectra-ai\data\catalog\white_dwarfs.csv
5.28062e+17,white_dwarf,135.02876,0.25193245,0.000401275,469,51913,56,STAR,WD,C:\Users\Harshit\OneDrive\Desktop\stellar-spectra-ai\data\raw\white_dwarf\spec-0469-51913-0056.fits,C:\Users\Harshit\OneDrive\Desktop\stellar-spectra-ai\data\catalog\white_dwarfs.csv
5.28063e+17,white_dwarf,135.20879,0.047043373,-3.53e-05,469,51913,57,STAR,WD,C:\Users\Harshit\OneDrive\Desktop\stellar-spectra-ai\data\raw\white_dwarf\spec-0469-51913-0057.fits,C:\Users\Harshit\OneDrive\Desktop\stellar-spectra-ai\data\catalog\white_dwarfs.csv
5.28066e+17,white_dwarf,135.65175,0.55792289,8.77e-06,469,51913,69,STAR,WD,C:\Users\Harshit\OneDrive\Desktop\stellar-spectra-ai\data\raw\white_dwarf\spec-0469-51913-0069.fits,C:\Users\Harshit\OneDrive\Desktop\stellar-spectra-ai\data\catalog\white_dwarfs.csv
5.28077e+17,white_dwarf,135.45261,0.83776206,0.000138103,469,51913,108,STAR,WD,C:\Users\Harshit\OneDrive\Desktop\stellar-spectra-ai\data\raw\white_dwarf\spec-0469-51913-0108.fits,C:\Users\Harshit\OneDrive\Desktop\stellar-spectra-ai\data\catalog\white_dwarfs.csv
5.2808e+17,white_dwarf,135.46423,0.95038347,6.96e-05,469,51913,119,STAR,WD,C:\Users\Harshit\OneDrive\Desktop\stellar-spectra-ai\data\raw\white_dwarf\spec-0469-51913-0119.fits,C:\Users\Harshit\OneDrive\Desktop\stellar-spectra-ai\data\catalog\white_dwarfs.csv
5.28083e+17,white_dwarf,134.61239,0.33111208,0.000139829,469,51913,131,STAR,WD,C:\Users\Harshit\OneDrive\Desktop\stellar-spectra-ai\data\raw\white_dwarf\spec-0469-51913-0131.fits,C:\Users\Harshit\OneDrive\Desktop\stellar-spectra-ai\data\catalog\white_dwarfs.csv
5.28086e+17,white_dwarf,134.65484,0.29345251,4.93e-05,469,51913,140,STAR,WD,C:\Users\Harshit\OneDrive\Desktop\stellar-spectra-ai\data\raw\white_dwarf\spec-0469-51913-0140.fits,C:\Users\Harshit\OneDrive\Desktop\stellar-spectra-ai\data\catalog\white_dwarfs.csv
5.32701e+17,white_dwarf,140.76234,2.1754691,7.38e-05,473,51929,547,STAR,WD,C:\Users\Harshit\OneDrive\Desktop\stellar-spectra-ai\data\raw\white_dwarf\spec-0473-51929-0547.fits,C:\Users\Harshit\OneDrive\Desktop\stellar-spectra-ai\data\catalog\white_dwarfs.csv
5.32703e+17,white_dwarf,140.58893,2.2779517,7.16e-05,473,51929,555,STAR,WD,C:\Users\Harshit\OneDrive\Desktop\stellar-spectra-ai\data\raw\white_dwarf\spec-0473-51929-0555.fits,C:\Users\Harshit\OneDrive\Desktop\stellar-spectra-ai\data\catalog\white_dwarfs.csv
5.337e+17,white_dwarf,141.82266,-0.90459066,9.24e-05,474,52000,84,STAR,WD,C:\Users\Harshit\OneDrive\Desktop\stellar-spectra-ai\data\raw\white_dwarf\spec-0474-52000-0084.fits,C:\Users\Harshit\OneDrive\Desktop\stellar-spectra-ai\data\catalog\white_dwarfs.csv
5.28155e+17,white_dwarf,134.10555,1.2634583,0.000113859,469,51913,392,STAR,WD,C:\Users\Harshit\OneDrive\Desktop\stellar-spectra-ai\data\raw\white_dwarf\spec-0469-51913-0392.fits,C:\Users\Harshit\OneDrive\Desktop\stellar-spectra-ai\data\catalog\white_dwarfs.csv
5.28164e+17,white_dwarf,134.40064,1.287257,-6.53e-05,469,51913,424,STAR,WD,C:\Users\Harshit\OneDrive\Desktop\stellar-spectra-ai\data\raw\white_dwarf\spec-0469-51913-0424.fits,C:\Users\Harshit\OneDrive\Desktop\stellar-spectra-ai\data\catalog\white_dwarfs.csv
5.28183e+17,white_dwarf,134.77591,1.3268208,-0.000222657,469,51913,493,STAR,WD,C:\Users\Harshit\OneDrive\Desktop\stellar-spectra-ai\data\raw\white_dwarf\spec-0469-51913-0493.fits,C:\Users\Harshit\OneDrive\Desktop\stellar-spectra-ai\data\catalog\white_dwarfs.csv
5.28188e+17,white_dwarf,135.17471,1.2641152,5.83e-05,469,51913,511,STAR,WD,C:\Users\Harshit\OneDrive\Desktop\stellar-spectra-ai\data\raw\white_dwarf\spec-0469-51913-0511.fits,C:\Users\Harshit\OneDrive\Desktop\stellar-spectra-ai\data\catalog\white_dwarfs.csv
5.28196e+17,white_dwarf,134.92336,1.957333,0.000189206,469,51913,540,STAR,WD,C:\Users\Harshit\OneDrive\Desktop\stellar-spectra-ai\data\raw\white_dwarf\spec-0469-51913-0540.fits,C:\Users\Harshit\OneDrive\Desktop\stellar-spectra-ai\data\catalog\white_dwarfs.csv
5.28218e+17,white_dwarf,135.82229,1.7632236,-0.000406503,469,51913,622,STAR,WD,C:\Users\Harshit\OneDrive\Desktop\stellar-spectra-ai\data\raw\white_dwarf\spec-0469-51913-0622.fits,C:\Users\Harshit\OneDrive\Desktop\stellar-spectra-ai\data\catalog\white_dwarfs.csv
5.2822e+17,white_dwarf,135.91242,1.1954449,-0.0001324,469,51913,630,STAR,WD,C:\Users\Harshit\OneDrive\Desktop\stellar-spectra-ai\data\raw\white_dwarf\spec-0469-51913-0630.fits,C:\Users\Harshit\OneDrive\Desktop\stellar-spectra-ai\data\catalog\white_dwarfs.csv
5.29182e+17,white_dwarf,137.38286,0.071299507,0.000190121,470,51929,31,STAR,WD,C:\Users\Harshit\OneDrive\Desktop\stellar-spectra-ai\data\raw\white_dwarf\spec-0470-51929-0031.fits,C:\Users\Harshit\OneDrive\Desktop\stellar-spectra-ai\data\catalog\white_dwarfs.csv
5.29187e+17,white_dwarf,136.6323,-0.4661066,-0.000201445,470,51929,51,STAR,WD,C:\Users\Harshit\OneDrive\Desktop\stellar-spectra-ai\data\raw\white_dwarf\spec-0470-51929-0051.fits,C:\Users\Harshit\OneDrive\Desktop\stellar-spectra-ai\data\catalog\white_dwarfs.csv
5.29193e+17,white_dwarf,137.1918,-0.090682024,0.000483113,470,51929,74,STAR,WD,C:\Users\Harshit\OneDrive\Desktop\stellar-spectra-ai\data\raw\white_dwarf\spec-0470-51929-0074.fits,C:\Users\Harshit\OneDrive\Desktop\stellar-spectra-ai\data\catalog\white_dwarfs.csv
5.29195e+17,white_dwarf,136.60108,-0.40783476,8.81e-05,470,51929,81,STAR,WD,C:\Users\Harshit\OneDrive\Desktop\stellar-spectra-ai\data\raw\white_dwarf\spec-0470-51929-0081.fits,C:\Users\Harshit\OneDrive\Desktop\stellar-spectra-ai\data\catalog\white_dwarfs.csv
5.29203e+17,white_dwarf,136.73277,-0.2387894,0.000767787,470,51929,109,STAR,WD,C:\Users\Harshit\OneDrive\Desktop\stellar-spectra-ai\data\raw\white_dwarf\spec-0470-51929-0109.fits,C:\Users\Harshit\OneDrive\Desktop\stellar-spectra-ai\data\catalog\white_dwarfs.csv
5.29211e+17,white_dwarf,136.18773,-0.47737162,-0.000128861,470,51929,138,STAR,WD,C:\Users\Harshit\OneDrive\Desktop\stellar-spectra-ai\data\raw\white_dwarf\spec-0470-51929-0138.fits,C:\Users\Harshit\OneDrive\Desktop\stellar-spectra-ai\data\catalog\white_dwarfs.csv
5.29214e+17,white_dwarf,136.48154,-0.071641528,9.17e-05,470,51929,150,STAR,WD,C:\Users\Harshit\OneDrive\Desktop\stellar-spectra-ai\data\raw\white_dwarf\spec-0470-51929-0150.fits,C:\Users\Harshit\OneDrive\Desktop\stellar-spectra-ai\data\catalog\white_dwarfs.csv
5.29227e+17,white_dwarf,135.76988,-0.048947005,-5.68e-05,470,51929,197,STAR,WD,C:\Users\Harshit\OneDrive\Desktop\stellar-spectra-ai\data\raw\white_dwarf\spec-0470-51929-0197.fits,C:\Users\Harshit\OneDrive\Desktop\stellar-spectra-ai\data\catalog\white_dwarfs.csv
5.31533e+17,white_dwarf,137.86514,0.48825215,5.8e-05,472,51955,394,STAR,WD,C:\Users\Harshit\OneDrive\Desktop\stellar-spectra-ai\data\raw\white_dwarf\spec-0472-51955-0394.fits,C:\Users\Harshit\OneDrive\Desktop\stellar-spectra-ai\data\catalog\white_dwarfs.csv
5.31558e+17,white_dwarf,138.63135,0.29507708,-6.03e-05,472,51955,483,STAR,WD,C:\Users\Harshit\OneDrive\Desktop\stellar-spectra-ai\data\raw\white_dwarf\spec-0472-51955-0483.fits,C:\Users\Harshit\OneDrive\Desktop\stellar-spectra-ai\data\catalog\white_dwarfs.csv
5.3156e+17,white_dwarf,138.54712,0.73516464,0.000180101,472,51955,492,STAR,WD,C:\Users\Harshit\OneDrive\Desktop\stellar-spectra-ai\data\raw\white_dwarf\spec-0472-51955-0492.fits,C:\Users\Harshit\OneDrive\Desktop\stellar-spectra-ai\data\catalog\white_dwarfs.csv
5.31597e+17,white_dwarf,140.00092,0.46165999,-0.000983305,472,51955,628,STAR,WD,C:\Users\Harshit\OneDrive\Desktop\stellar-spectra-ai\data\raw\white_dwarf\spec-0472-51955-0628.fits,C:\Users\Harshit\OneDrive\Desktop\stellar-spectra-ai\data\catalog\white_dwarfs.csv
5.31601e+17,white_dwarf,139.87143,0.4850274,-1.43e-05,472,51955,640,STAR,WD,C:\Users\Harshit\OneDrive\Desktop\stellar-spectra-ai\data\raw\white_dwarf\spec-0472-51955-0640.fits,C:\Users\Harshit\OneDrive\Desktop\stellar-spectra-ai\data\catalog\white_dwarfs.csv
5.32571e+17,white_dwarf,140.87422,1.3388928,0.000108337,473,51929,74,STAR,WD,C:\Users\Harshit\OneDrive\Desktop\stellar-spectra-ai\data\raw\white_dwarf\spec-0473-51929-0074.fits,C:\Users\Harshit\OneDrive\Desktop\stellar-spectra-ai\data\catalog\white_dwarfs.csv
5.32572e+17,white_dwarf,140.52962,1.7769898,-4.07e-05,473,51929,77,STAR,WD,C:\Users\Harshit\OneDrive\Desktop\stellar-spectra-ai\data\raw\white_dwarf\spec-0473-51929-0077.fits,C:\Users\Harshit\OneDrive\Desktop\stellar-spectra-ai\data\catalog\white_dwarfs.csv
7.67886e+17,white_dwarf,354.57114,-0.95548016,0.000124918,682,52525,82,STAR,WD,C:\Users\Harshit\OneDrive\Desktop\stellar-spectra-ai\data\raw\white_dwarf\spec-0682-52525-0082.fits,C:\Users\Harshit\OneDrive\Desktop\stellar-spectra-ai\data\catalog\white_dwarfs.csv
7.67896e+17,white_dwarf,355.32264,-0.058420265,7.3e-05,682,52525,117,STAR,WD,C:\Users\Harshit\OneDrive\Desktop\stellar-spectra-ai\data\raw\white_dwarf\spec-0682-52525-0117.fits,C:\Users\Harshit\OneDrive\Desktop\stellar-spectra-ai\data\catalog\white_dwarfs.csv
7.67932e+17,white_dwarf,353.7942,-0.9652389,-1.61e-05,682,52525,248,STAR,WD,C:\Users\Harshit\OneDrive\Desktop\stellar-spectra-ai\data\raw\white_dwarf\spec-0682-52525-0248.fits,C:\Users\Harshit\OneDrive\Desktop\stellar-spectra-ai\data\catalog\white_dwarfs.csv
7.67951e+17,white_dwarf,353.36793,-0.34352784,-5.19e-05,682,52525,317,STAR,WD,C:\Users\Harshit\OneDrive\Desktop\stellar-spectra-ai\data\raw\white_dwarf\spec-0682-52525-0317.fits,C:\Users\Harshit\OneDrive\Desktop\stellar-spectra-ai\data\catalog\white_dwarfs.csv
7.67956e+17,white_dwarf,353.40994,0.68440093,-5.3e-05,682,52525,335,STAR,WD,C:\Users\Harshit\OneDrive\Desktop\stellar-spectra-ai\data\raw\white_dwarf\spec-0682-52525-0335.fits,C:\Users\Harshit\OneDrive\Desktop\stellar-spectra-ai\data\catalog\white_dwarfs.csv
7.79156e+17,white_dwarf,14.008765,-0.37896177,-0.000416821,692,52201,120,STAR,WD,C:\Users\Harshit\OneDrive\Desktop\stellar-spectra-ai\data\raw\white_dwarf\spec-0692-52201-0120.fits,C:\Users\Harshit\OneDrive\Desktop\stellar-spectra-ai\data\catalog\white_dwarfs.csv
7.79183e+17,white_dwarf,13.356952,-0.97093823,2.58e-05,692,52201,219,STAR,WD,C:\Users\Harshit\OneDrive\Desktop\stellar-spectra-ai\data\raw\white_dwarf\spec-0692-52201-0219.fits,C:\Users\Harshit\OneDrive\Desktop\stellar-spectra-ai\data\catalog\white_dwarfs.csv
6.11371e+17,white_dwarf,118.57193,36.387059,-0.000205034,543,52017,25,STAR,WD,C:\Users\Harshit\OneDrive\Desktop\stellar-spectra-ai\data\raw\white_dwarf\spec-0543-52017-0025.fits,C:\Users\Harshit\OneDrive\Desktop\stellar-spectra-ai\data\catalog\white_dwarfs.csv
6.11376e+17,white_dwarf,118.99892,36.961876,-8.17e-05,543,52017,44,STAR,WD,C:\Users\Harshit\OneDrive\Desktop\stellar-spectra-ai\data\raw\white_dwarf\spec-0543-52017-0044.fits,C:\Users\Harshit\OneDrive\Desktop\stellar-spectra-ai\data\catalog\white_dwarfs.csv
6.11387e+17,white_dwarf,118.69428,36.825899,-0.000530747,543,52017,84,STAR,WD,C:\Users\Harshit\OneDrive\Desktop\stellar-spectra-ai\data\raw\white_dwarf\spec-0543-52017-0084.fits,C:\Users\Harshit\OneDrive\Desktop\stellar-spectra-ai\data\catalog\white_dwarfs.csv
3.31095e+17,white_dwarf,195.69993,-0.83407393,-6.98e-05,294,51986,293,STAR,WD,C:\Users\Harshit\OneDrive\Desktop\stellar-spectra-ai\data\raw\white_dwarf\spec-0294-51986-0293.fits,C:\Users\Harshit\OneDrive\Desktop\stellar-spectra-ai\data\catalog\white_dwarfs.csv
3.8972e+17,white_dwarf,244.88229,0.95859758,-0.000364403,346,51693,576,STAR,WD,C:\Users\Harshit\OneDrive\Desktop\stellar-spectra-ai\data\raw\white_dwarf\spec-0346-51693-0576.fits,C:\Users\Harshit\OneDrive\Desktop\stellar-spectra-ai\data\catalog\white_dwarfs.csv
3.91853e+17,white_dwarf,249.11533,-0.49729989,-1.47e-05,348,51671,144,STAR,WD,C:\Users\Harshit\OneDrive\Desktop\stellar-spectra-ai\data\raw\white_dwarf\spec-0348-51671-0144.fits,C:\Users\Harshit\OneDrive\Desktop\stellar-spectra-ai\data\catalog\white_dwarfs.csv
3.46802e+17,white_dwarf,221.85876,-1.0235098,0.000360072,308,51662,91,STAR,WD,C:\Users\Harshit\OneDrive\Desktop\stellar-spectra-ai\data\raw\white_dwarf\spec-0308-51662-0091.fits,C:\Users\Harshit\OneDrive\Desktop\stellar-spectra-ai\data\catalog\white_dwarfs.csv
3.70516e+17,white_dwarf,175.75202,-2.126777,0.000125704,329,52056,346,STAR,WD,C:\Users\Harshit\OneDrive\Desktop\stellar-spectra-ai\data\raw\white_dwarf\spec-0329-52056-0346.fits,C:\Users\Harshit\OneDrive\Desktop\stellar-spectra-ai\data\catalog\white_dwarfs.csv
3.851e+17,white_dwarf,237.13651,-0.28831429,8.01e-06,342,51691,155,STAR,WD,C:\Users\Harshit\OneDrive\Desktop\stellar-spectra-ai\data\raw\white_dwarf\spec-0342-51691-0155.fits,C:\Users\Harshit\OneDrive\Desktop\stellar-spectra-ai\data\catalog\white_dwarfs.csv
3.85115e+17,white_dwarf,236.64616,-0.88659257,-9.18e-06,342,51691,209,STAR,WD,C:\Users\Harshit\OneDrive\Desktop\stellar-spectra-ai\data\raw\white_dwarf\spec-0342-51691-0209.fits,C:\Users\Harshit\OneDrive\Desktop\stellar-spectra-ai\data\catalog\white_dwarfs.csv
3.85116e+17,white_dwarf,236.69707,-0.83430794,7.61e-05,342,51691,211,STAR,WD,C:\Users\Harshit\OneDrive\Desktop\stellar-spectra-ai\data\raw\white_dwarf\spec-0342-51691-0211.fits,C:\Users\Harshit\OneDrive\Desktop\stellar-spectra-ai\data\catalog\white_dwarfs.csv
3.8517e+17,white_dwarf,236.58546,1.146849,-0.000323197,342,51691,410,STAR,WD,C:\Users\Harshit\OneDrive\Desktop\stellar-spectra-ai\data\raw\white_dwarf\spec-0342-51691-0410.fits,C:\Users\Harshit\OneDrive\Desktop\stellar-spectra-ai\data\catalog\white_dwarfs.csv
3.85173e+17,white_dwarf,236.66598,0.98796201,-0.000358328,342,51691,419,STAR,WD,C:\Users\Harshit\OneDrive\Desktop\stellar-spectra-ai\data\raw\white_dwarf\spec-0342-51691-0419.fits,C:\Users\Harshit\OneDrive\Desktop\stellar-spectra-ai\data\catalog\white_dwarfs.csv
3.85185e+17,white_dwarf,236.76464,0.47199742,-0.000122342,342,51691,464,STAR,WD,C:\Users\Harshit\OneDrive\Desktop\stellar-spectra-ai\data\raw\white_dwarf\spec-0342-51691-0464.fits,C:\Users\Harshit\OneDrive\Desktop\stellar-spectra-ai\data\catalog\white_dwarfs.csv
3.95366e+17,white_dwarf,258.233,61.734861,0.000225719,351,51695,636,STAR,WD,C:\Users\Harshit\OneDrive\Desktop\stellar-spectra-ai\data\raw\white_dwarf\spec-0351-51695-0636.fits,C:\Users\Harshit\OneDrive\Desktop\stellar-spectra-ai\data\catalog\white_dwarfs.csv
4.18998e+17,white_dwarf,330.80074,0.26321431,-0.00100891,372,52173,595,STAR,WD,C:\Users\Harshit\OneDrive\Desktop\stellar-spectra-ai\data\raw\white_dwarf\spec-0372-52173-0595.fits,C:\Users\Harshit\OneDrive\Desktop\stellar-spectra-ai\data\catalog\white_dwarfs.csv
4.19007e+17,white_dwarf,331.14604,0.21193044,-2.56e-05,372,52173,626,STAR,WD,C:\Users\Harshit\OneDrive\Desktop\stellar-spectra-ai\data\raw\white_dwarf\spec-0372-52173-0626.fits,C:\Users\Harshit\OneDrive\Desktop\stellar-spectra-ai\data\catalog\white_dwarfs.csv
4.19961e+17,white_dwarf,332.63017,-0.6674047,0.000219305,373,51788,2,STAR,WD,C:\Users\Harshit\OneDrive\Desktop\stellar-spectra-ai\data\raw\white_dwarf\spec-0373-51788-0002.fits,C:\Users\Harshit\OneDrive\Desktop\stellar-spectra-ai\data\catalog\white_dwarfs.csv
4.19976e+17,white_dwarf,332.37541,-1.0774068,-9.28e-05,373,51788,55,STAR,WD,C:\Users\Harshit\OneDrive\Desktop\stellar-spectra-ai\data\raw\white_dwarf\spec-0373-51788-0055.fits,C:\Users\Harshit\OneDrive\Desktop\stellar-spectra-ai\data\catalog\white_dwarfs.csv
4.19984e+17,white_dwarf,332.09859,-1.2594572,-0.000456993,373,51788,86,STAR,WD,C:\Users\Harshit\OneDrive\Desktop\stellar-spectra-ai\data\raw\white_dwarf\spec-0373-51788-0086.fits,C:\Users\Harshit\OneDrive\Desktop\stellar-spectra-ai\data\catalog\white_dwarfs.csv
4.19998e+17,white_dwarf,331.66892,-0.86526184,0.000176514,373,51788,137,STAR,WD,C:\Users\Harshit\OneDrive\Desktop\stellar-spectra-ai\data\raw\white_dwarf\spec-0373-51788-0137.fits,C:\Users\Harshit\OneDrive\Desktop\stellar-spectra-ai\data\catalog\white_dwarfs.csv
4.20002e+17,white_dwarf,332.17353,-0.087337623,8.6e-06,373,51788,152,STAR,WD,C:\Users\Harshit\OneDrive\Desktop\stellar-spectra-ai\data\raw\white_dwarf\spec-0373-51788-0152.fits,C:\Users\Harshit\OneDrive\Desktop\stellar-spectra-ai\data\catalog\white_dwarfs.csv
4.20027e+17,white_dwarf,331.30867,-0.97824229,-2.45e-05,373,51788,243,STAR,WD,C:\Users\Harshit\OneDrive\Desktop\stellar-spectra-ai\data\raw\white_dwarf\spec-0373-51788-0243.fits,C:\Users\Harshit\OneDrive\Desktop\stellar-spectra-ai\data\catalog\white_dwarfs.csv
4.20051e+17,white_dwarf,330.95291,0.92199443,-0.001042151,373,51788,330,STAR,WD,C:\Users\Harshit\OneDrive\Desktop\stellar-spectra-ai\data\raw\white_dwarf\spec-0373-51788-0330.fits,C:\Users\Harshit\OneDrive\Desktop\stellar-spectra-ai\data\catalog\white_dwarfs.csv
4.20075e+17,white_dwarf,331.52003,0.77650276,0.000137532,373,51788,415,STAR,WD,C:\Users\Harshit\OneDrive\Desktop\stellar-spectra-ai\data\raw\white_dwarf\spec-0373-51788-0415.fits,C:\Users\Harshit\OneDrive\Desktop\stellar-spectra-ai\data\catalog\white_dwarfs.csv
4.20076e+17,white_dwarf,331.44782,0.55188525,0.000365974,373,51788,421,STAR,WD,C:\Users\Harshit\OneDrive\Desktop\stellar-spectra-ai\data\raw\white_dwarf\spec-0373-51788-0421.fits,C:\Users\Harshit\OneDrive\Desktop\stellar-spectra-ai\data\catalog\white_dwarfs.csv
4.71779e+17,white_dwarf,11.543192,13.65286,0.000119377,419,51879,98,STAR,WD,C:\Users\Harshit\OneDrive\Desktop\stellar-spectra-ai\data\raw\white_dwarf\spec-0419-51879-0098.fits,C:\Users\Harshit\OneDrive\Desktop\stellar-spectra-ai\data\catalog\white_dwarfs.csv
4.71786e+17,white_dwarf,11.115195,13.659988,-0.000191922,419,51879,122,STAR,WD,C:\Users\Harshit\OneDrive\Desktop\stellar-spectra-ai\data\raw\white_dwarf\spec-0419-51879-0122.fits,C:\Users\Harshit\OneDrive\Desktop\stellar-spectra-ai\data\catalog\white_dwarfs.csv
4.89832e+17,white_dwarf,117.56911,40.482843,-0.000187913,435,51882,237,STAR,WD,C:\Users\Harshit\OneDrive\Desktop\stellar-spectra-ai\data\raw\white_dwarf\spec-0435-51882-0237.fits,C:\Users\Harshit\OneDrive\Desktop\stellar-spectra-ai\data\catalog\white_dwarfs.csv
5.29317e+17,white_dwarf,136.25517,1.2338403,-8.22e-05,470,51929,524,STAR,WD,C:\Users\Harshit\OneDrive\Desktop\stellar-spectra-ai\data\raw\white_dwarf\spec-0470-51929-0524.fits,C:\Users\Harshit\OneDrive\Desktop\stellar-spectra-ai\data\catalog\white_dwarfs.csv
5.29318e+17,white_dwarf,136.37393,1.1931415,-0.000367091,470,51929,529,STAR,WD,C:\Users\Harshit\OneDrive\Desktop\stellar-spectra-ai\data\raw\white_dwarf\spec-0470-51929-0529.fits,C:\Users\Harshit\OneDrive\Desktop\stellar-spectra-ai\data\catalog\white_dwarfs.csv
5.29327e+17,white_dwarf,136.62584,0.97128727,-0.000405032,470,51929,562,STAR,WD,C:\Users\Harshit\OneDrive\Desktop\stellar-spectra-ai\data\raw\white_dwarf\spec-0470-51929-0562.fits,C:\Users\Harshit\OneDrive\Desktop\stellar-spectra-ai\data\catalog\white_dwarfs.csv
5.2934e+17,white_dwarf,136.8621,1.2629969,-2.72e-05,470,51929,608,STAR,WD,C:\Users\Harshit\OneDrive\Desktop\stellar-spectra-ai\data\raw\white_dwarf\spec-0470-51929-0608.fits,C:\Users\Harshit\OneDrive\Desktop\stellar-spectra-ai\data\catalog\white_dwarfs.csv
5.91136e+17,white_dwarf,198.22978,1.6062531,-0.000120819,525,52295,139,STAR,WD,C:\Users\Harshit\OneDrive\Desktop\stellar-spectra-ai\data\raw\white_dwarf\spec-0525-52295-0139.fits,C:\Users\Harshit\OneDrive\Desktop\stellar-spectra-ai\data\catalog\white_dwarfs.csv
5.91138e+17,white_dwarf,198.44785,1.8842813,0.000107986,525,52295,146,STAR,WD,C:\Users\Harshit\OneDrive\Desktop\stellar-spectra-ai\data\raw\white_dwarf\spec-0525-52295-0146.fits,C:\Users\Harshit\OneDrive\Desktop\stellar-spectra-ai\data\catalog\white_dwarfs.csv
6.0246e+17,white_dwarf,216.89715,2.6627974,0.000129374,535,51999,377,STAR,WD,C:\Users\Harshit\OneDrive\Desktop\stellar-spectra-ai\data\raw\white_dwarf\spec-0535-51999-0377.fits,C:\Users\Harshit\OneDrive\Desktop\stellar-spectra-ai\data\catalog\white_dwarfs.csv
6.03617e+17,white_dwarf,219.73615,2.0089752,-8.02e-05,536,52024,491,STAR,WD,C:\Users\Harshit\OneDrive\Desktop\stellar-spectra-ai\data\raw\white_dwarf\spec-0536-52024-0491.fits,C:\Users\Harshit\OneDrive\Desktop\stellar-spectra-ai\data\catalog\white_dwarfs.csv
6.03635e+17,white_dwarf,220.53733,2.0230169,-0.000217556,536,52024,554,STAR,WD,C:\Users\Harshit\OneDrive\Desktop\stellar-spectra-ai\data\raw\white_dwarf\spec-0536-52024-0554.fits,C:\Users\Harshit\OneDrive\Desktop\stellar-spectra-ai\data\catalog\white_dwarfs.csv
6.46312e+17,white_dwarf,154.07655,4.1557169,0.002164288,574,52355,166,STAR,WDmagnetic,C:\Users\Harshit\OneDrive\Desktop\stellar-spectra-ai\data\raw\white_dwarf\spec-0574-52355-0166.fits,C:\Users\Harshit\OneDrive\Desktop\stellar-spectra-ai\data\catalog\white_dwarfs.csv
6.46317e+17,white_dwarf,153.78111,3.6872929,-0.00014724,574,52355,183,STAR,WD,C:\Users\Harshit\OneDrive\Desktop\stellar-spectra-ai\data\raw\white_dwarf\spec-0574-52355-0183.fits,C:\Users\Harshit\OneDrive\Desktop\stellar-spectra-ai\data\catalog\white_dwarfs.csv
6.68892e+17,white_dwarf,235.33975,3.7986688,-0.000230673,594,52045,390,STAR,WD,C:\Users\Harshit\OneDrive\Desktop\stellar-spectra-ai\data\raw\white_dwarf\spec-0594-52045-0390.fits,C:\Users\Harshit\OneDrive\Desktop\stellar-spectra-ai\data\catalog\white_dwarfs.csv
6.68895e+17,white_dwarf,235.55615,3.8001182,-0.000567936,594,52045,400,STAR,WDmagnetic,C:\Users\Harshit\OneDrive\Desktop\stellar-spectra-ai\data\raw\white_dwarf\spec-0594-52045-0400.fits,C:\Users\Harshit\OneDrive\Desktop\stellar-spectra-ai\data\catalog\white_dwarfs.csv
6.68897e+17,white_dwarf,235.47762,3.2761842,-0.000363491,594,52045,410,STAR,WD,C:\Users\Harshit\OneDrive\Desktop\stellar-spectra-ai\data\raw\white_dwarf\spec-0594-52045-0410.fits,C:\Users\Harshit\OneDrive\Desktop\stellar-spectra-ai\data\catalog\white_dwarfs.csv
6.71158e+17,white_dwarf,167.92332,64.911,-1.17e-05,596,52370,443,STAR,WD,C:\Users\Harshit\OneDrive\Desktop\stellar-spectra-ai\data\raw\white_dwarf\spec-0596-52370-0443.fits,C:\Users\Harshit\OneDrive\Desktop\stellar-spectra-ai\data\catalog\white_dwarfs.csv
6.71175e+17,white_dwarf,168.72771,64.655609,2.82e-05,596,52370,504,STAR,WD,C:\Users\Harshit\OneDrive\Desktop\stellar-spectra-ai\data\raw\white_dwarf\spec-0596-52370-0504.fits,C:\Users\Harshit\OneDrive\Desktop\stellar-spectra-ai\data\catalog\white_dwarfs.csv
6.71183e+17,white_dwarf,168.25282,64.986493,-0.000490071,596,52370,535,STAR,WD,C:\Users\Harshit\OneDrive\Desktop\stellar-spectra-ai\data\raw\white_dwarf\spec-0596-52370-0535.fits,C:\Users\Harshit\OneDrive\Desktop\stellar-spectra-ai\data\catalog\white_dwarfs.csv
6.73412e+17,white_dwarf,178.6156,66.032318,-0.000397973,598,52316,450,STAR,WD,C:\Users\Harshit\OneDrive\Desktop\stellar-spectra-ai\data\raw\white_dwarf\spec-0598-52316-0450.fits,C:\Users\Harshit\OneDrive\Desktop\stellar-spectra-ai\data\catalog\white_dwarfs.csv
6.85714e+17,white_dwarf,222.75773,62.063716,-8.01e-05,609,52339,150,STAR,WD,C:\Users\Harshit\OneDrive\Desktop\stellar-spectra-ai\data\raw\white_dwarf\spec-0609-52339-0150.fits,C:\Users\Harshit\OneDrive\Desktop\stellar-spectra-ai\data\catalog\white_dwarfs.csv
6.86945e+17,white_dwarf,225.46155,59.92672,-0.000111152,610,52056,533,STAR,WD,C:\Users\Harshit\OneDrive\Desktop\stellar-spectra-ai\data\raw\white_dwarf\spec-0610-52056-0533.fits,C:\Users\Harshit\OneDrive\Desktop\stellar-spectra-ai\data\catalog\white_dwarfs.csv
6.86946e+17,white_dwarf,225.18178,59.395462,-3.17e-05,610,52056,536,STAR,WD,C:\Users\Harshit\OneDrive\Desktop\stellar-spectra-ai\data\raw\white_dwarf\spec-0610-52056-0536.fits,C:\Users\Harshit\OneDrive\Desktop\stellar-spectra-ai\data\catalog\white_dwarfs.csv
8.53566e+17,white_dwarf,121.8535,38.091189,0.00026626,758,52253,488,STAR,WD,C:\Users\Harshit\OneDrive\Desktop\stellar-spectra-ai\data\raw\white_dwarf\spec-0758-52253-0488.fits,C:\Users\Harshit\OneDrive\Desktop\stellar-spectra-ai\data\catalog\white_dwarfs.csv
8.53568e+17,white_dwarf,121.77539,38.028004,-0.000158767,758,52253,494,STAR,WD,C:\Users\Harshit\OneDrive\Desktop\stellar-spectra-ai\data\raw\white_dwarf\spec-0758-52253-0494.fits,C:\Users\Harshit\OneDrive\Desktop\stellar-spectra-ai\data\catalog\white_dwarfs.csv
8.53576e+17,white_dwarf,122.199,38.246002,8.78e-05,758,52253,523,STAR,WD,C:\Users\Harshit\OneDrive\Desktop\stellar-spectra-ai\data\raw\white_dwarf\spec-0758-52253-0523.fits,C:\Users\Harshit\OneDrive\Desktop\stellar-spectra-ai\data\catalog\white_dwarfs.csv
8.53582e+17,white_dwarf,122.07254,38.784083,-6.89e-05,758,52253,545,STAR,WD,C:\Users\Harshit\OneDrive\Desktop\stellar-spectra-ai\data\raw\white_dwarf\spec-0758-52253-0545.fits,C:\Users\Harshit\OneDrive\Desktop\stellar-spectra-ai\data\catalog\white_dwarfs.csv
8.53588e+17,white_dwarf,122.23893,37.932723,-0.000485817,758,52253,567,STAR,WD,C:\Users\Harshit\OneDrive\Desktop\stellar-spectra-ai\data\raw\white_dwarf\spec-0758-52253-0567.fits,C:\Users\Harshit\OneDrive\Desktop\stellar-spectra-ai\data\catalog\white_dwarfs.csv
8.65908e+17,white_dwarf,145.91445,54.705976,-0.000279835,769,54530,332,STAR,WD,C:\Users\Harshit\OneDrive\Desktop\stellar-spectra-ai\data\raw\white_dwarf\spec-0769-54530-0332.fits,C:\Users\Harshit\OneDrive\Desktop\stellar-spectra-ai\data\catalog\white_dwarfs.csv
8.65912e+17,white_dwarf,146.00725,54.310811,0.000121035,769,54530,345,STAR,WD,C:\Users\Harshit\OneDrive\Desktop\stellar-spectra-ai\data\raw\white_dwarf\spec-0769-54530-0345.fits,C:\Users\Harshit\OneDrive\Desktop\stellar-spectra-ai\data\catalog\white_dwarfs.csv
8.65925e+17,white_dwarf,146.35299,54.26657,-0.000524565,769,54530,392,STAR,WD,C:\Users\Harshit\OneDrive\Desktop\stellar-spectra-ai\data\raw\white_dwarf\spec-0769-54530-0392.fits,C:\Users\Harshit\OneDrive\Desktop\stellar-spectra-ai\data\catalog\white_dwarfs.csv
8.71514e+17,white_dwarf,164.88005,60.348838,0.003802443,774,52286,244,STAR,WDmagnetic,C:\Users\Harshit\OneDrive\Desktop\stellar-spectra-ai\data\raw\white_dwarf\spec-0774-52286-0244.fits,C:\Users\Harshit\OneDrive\Desktop\stellar-spectra-ai\data\catalog\white_dwarfs.csv
8.71515e+17,white_dwarf,165.11977,60.449778,-0.000356657,774,52286,249,STAR,WD,C:\Users\Harshit\OneDrive\Desktop\stellar-spectra-ai\data\raw\white_dwarf\spec-0774-52286-0249.fits,C:\Users\Harshit\OneDrive\Desktop\stellar-spectra-ai\data\catalog\white_dwarfs.csv
8.71526e+17,white_dwarf,164.49072,60.063924,-1.06e-05,774,52286,290,STAR,WD,C:\Users\Harshit\OneDrive\Desktop\stellar-spectra-ai\data\raw\white_dwarf\spec-0774-52286-0290.fits,C:\Users\Harshit\OneDrive\Desktop\stellar-spectra-ai\data\catalog\white_dwarfs.csv
8.71527e+17,white_dwarf,164.46356,60.388565,4.13e-05,774,52286,292,STAR,WD,C:\Users\Harshit\OneDrive\Desktop\stellar-spectra-ai\data\raw\white_dwarf\spec-0774-52286-0292.fits,C:\Users\Harshit\OneDrive\Desktop\stellar-spectra-ai\data\catalog\white_dwarfs.csv
8.71543e+17,white_dwarf,164.13812,61.541777,-6.76e-05,774,52286,350,STAR,WD,C:\Users\Harshit\OneDrive\Desktop\stellar-spectra-ai\data\raw\white_dwarf\spec-0774-52286-0350.fits,C:\Users\Harshit\OneDrive\Desktop\stellar-spectra-ai\data\catalog\white_dwarfs.csv
8.71549e+17,white_dwarf,164.93194,61.853451,0.000181471,774,52286,373,STAR,WD,C:\Users\Harshit\OneDrive\Desktop\stellar-spectra-ai\data\raw\white_dwarf\spec-0774-52286-0373.fits,C:\Users\Harshit\OneDrive\Desktop\stellar-spectra-ai\data\catalog\white_dwarfs.csv
8.84973e+17,white_dwarf,207.64206,60.09705,-0.000241796,786,52319,58,STAR,WD,C:\Users\Harshit\OneDrive\Desktop\stellar-spectra-ai\data\raw\white_dwarf\spec-0786-52319-0058.fits,C:\Users\Harshit\OneDrive\Desktop\stellar-spectra-ai\data\catalog\white_dwarfs.csv
8.84985e+17,white_dwarf,207.55346,60.671484,-0.000369819,786,52319,101,STAR,WD,C:\Users\Harshit\OneDrive\Desktop\stellar-spectra-ai\data\raw\white_dwarf\spec-0786-52319-0101.fits,C:\Users\Harshit\OneDrive\Desktop\stellar-spectra-ai\data\catalog\white_dwarfs.csv
8.86161e+17,white_dwarf,208.37711,59.355726,0.000874957,787,52320,283,STAR,WD,C:\Users\Harshit\OneDrive\Desktop\stellar-spectra-ai\data\raw\white_dwarf\spec-0787-52320-0283.fits,C:\Users\Harshit\OneDrive\Desktop\stellar-spectra-ai\data\catalog\white_dwarfs.csv
7.84896e+17,white_dwarf,23.117028,1.0195343,-8.8e-05,697,52226,522,STAR,WD,C:\Users\Harshit\OneDrive\Desktop\stellar-spectra-ai\data\raw\white_dwarf\spec-0697-52226-0522.fits,C:\Users\Harshit\OneDrive\Desktop\stellar-spectra-ai\data\catalog\white_dwarfs.csv
7.84897e+17,white_dwarf,23.095531,1.1342377,-9.14e-05,697,52226,528,STAR,WD,C:\Users\Harshit\OneDrive\Desktop\stellar-spectra-ai\data\raw\white_dwarf\spec-0697-52226-0528.fits,C:\Users\Harshit\OneDrive\Desktop\stellar-spectra-ai\data\catalog\white_dwarfs.csv
7.84906e+17,white_dwarf,22.966699,0.5341293,-0.000386898,697,52226,559,STAR,WD,C:\Users\Harshit\OneDrive\Desktop\stellar-spectra-ai\data\raw\white_dwarf\spec-0697-52226-0559.fits,C:\Users\Harshit\OneDrive\Desktop\stellar-spectra-ai\data\catalog\white_dwarfs.csv
7.85879e+17,white_dwarf,25.521861,-1.0293747,-0.000173546,698,52203,2,STAR,WD,C:\Users\Harshit\OneDrive\Desktop\stellar-spectra-ai\data\raw\white_dwarf\spec-0698-52203-0002.fits,C:\Users\Harshit\OneDrive\Desktop\stellar-spectra-ai\data\catalog\white_dwarfs.csv
7.85919e+17,white_dwarf,24.811945,-0.61042648,-4.19e-05,698,52203,150,STAR,WD,C:\Users\Harshit\OneDrive\Desktop\stellar-spectra-ai\data\raw\white_dwarf\spec-0698-52203-0150.fits,C:\Users\Harshit\OneDrive\Desktop\stellar-spectra-ai\data\catalog\white_dwarfs.csv
7.8593e+17,white_dwarf,24.506278,-0.3324378,-1.52e-05,698,52203,190,STAR,WD,C:\Users\Harshit\OneDrive\Desktop\stellar-spectra-ai\data\raw\white_dwarf\spec-0698-52203-0190.fits,C:\Users\Harshit\OneDrive\Desktop\stellar-spectra-ai\data\catalog\white_dwarfs.csv
7.87115e+17,white_dwarf,26.500811,1.1374342,-5.88e-05,699,52202,402,STAR,WD,C:\Users\Harshit\OneDrive\Desktop\stellar-spectra-ai\data\raw\white_dwarf\spec-0699-52202-0402.fits,C:\Users\Harshit\OneDrive\Desktop\stellar-spectra-ai\data\catalog\white_dwarfs.csv
7.87119e+17,white_dwarf,26.351419,1.13317,-0.000338664,699,52202,419,STAR,WD,C:\Users\Harshit\OneDrive\Desktop\stellar-spectra-ai\data\raw\white_dwarf\spec-0699-52202-0419.fits,C:\Users\Harshit\OneDrive\Desktop\stellar-spectra-ai\data\catalog\white_dwarfs.csv
7.87133e+17,white_dwarf,26.356694,0.65203954,-6.13e-05,699,52202,470,STAR,WD,C:\Users\Harshit\OneDrive\Desktop\stellar-spectra-ai\data\raw\white_dwarf\spec-0699-52202-0470.fits,C:\Users\Harshit\OneDrive\Desktop\stellar-spectra-ai\data\catalog\white_dwarfs.csv
7.87144e+17,white_dwarf,26.699141,0.48217942,-0.000563228,699,52202,510,STAR,WD,C:\Users\Harshit\OneDrive\Desktop\stellar-spectra-ai\data\raw\white_dwarf\spec-0699-52202-0510.fits,C:\Users\Harshit\OneDrive\Desktop\stellar-spectra-ai\data\catalog\white_dwarfs.csv
7.8715e+17,white_dwarf,26.835275,1.2330803,-0.001141694,699,52202,530,STAR,WD,C:\Users\Harshit\OneDrive\Desktop\stellar-spectra-ai\data\raw\white_dwarf\spec-0699-52202-0530.fits,C:\Users\Harshit\OneDrive\Desktop\stellar-spectra-ai\data\catalog\white_dwarfs.csv
7.87152e+17,white_dwarf,26.842786,0.87461669,-0.000147924,699,52202,537,STAR,WD,C:\Users\Harshit\OneDrive\Desktop\stellar-spectra-ai\data\raw\white_dwarf\spec-0699-52202-0537.fits,C:\Users\Harshit\OneDrive\Desktop\stellar-spectra-ai\data\catalog\white_dwarfs.csv
7.93911e+17,white_dwarf,38.234281,0.60066101,8.56e-05,705,52200,552,STAR,WD,C:\Users\Harshit\OneDrive\Desktop\stellar-spectra-ai\data\raw\white_dwarf\spec-0705-52200-0552.fits,C:\Users\Harshit\OneDrive\Desktop\stellar-spectra-ai\data\catalog\white_dwarfs.csv
7.93917e+17,white_dwarf,38.204929,0.8439785,-0.000218664,705,52200,573,STAR,WD,C:\Users\Harshit\OneDrive\Desktop\stellar-spectra-ai\data\raw\white_dwarf\spec-0705-52200-0573.fits,C:\Users\Harshit\OneDrive\Desktop\stellar-spectra-ai\data\catalog\white_dwarfs.csv
8.00551e+17,white_dwarf,49.555241,-1.1199226,0.000144682,711,52202,131,STAR,WD,C:\Users\Harshit\OneDrive\Desktop\stellar-spectra-ai\data\raw\white_dwarf\spec-0711-52202-0131.fits,C:\Users\Harshit\OneDrive\Desktop\stellar-spectra-ai\data\catalog\white_dwarfs.csv
8.00571e+17,white_dwarf,49.004684,-1.232656,0.000460344,711,52202,203,STAR,WD,C:\Users\Harshit\OneDrive\Desktop\stellar-spectra-ai\data\raw\white_dwarf\spec-0711-52202-0203.fits,C:\Users\Harshit\OneDrive\Desktop\stellar-spectra-ai\data\catalog\white_dwarfs.csv
8.97473e+17,white_dwarf,71.851507,0.36378392,0.000156408,797,52263,477,STAR,WD,C:\Users\Harshit\OneDrive\Desktop\stellar-spectra-ai\data\raw\white_dwarf\spec-0797-52263-0477.fits,C:\Users\Harshit\OneDrive\Desktop\stellar-spectra-ai\data\catalog\white_dwarfs.csv
8.97476e+17,white_dwarf,72.081428,0.30393562,-0.000225431,797,52263,485,STAR,WD,C:\Users\Harshit\OneDrive\Desktop\stellar-spectra-ai\data\raw\white_dwarf\spec-0797-52263-0485.fits,C:\Users\Harshit\OneDrive\Desktop\stellar-spectra-ai\data\catalog\white_dwarfs.csv
8.97488e+17,white_dwarf,72.555293,0.96083582,0.000215203,797,52263,532,STAR,WD,C:\Users\Harshit\OneDrive\Desktop\stellar-spectra-ai\data\raw\white_dwarf\spec-0797-52263-0532.fits,C:\Users\Harshit\OneDrive\Desktop\stellar-spectra-ai\data\catalog\white_dwarfs.csv
8.9749e+17,white_dwarf,72.537389,0.89430989,-0.000234001,797,52263,539,STAR,WD,C:\Users\Harshit\OneDrive\Desktop\stellar-spectra-ai\data\raw\white_dwarf\spec-0797-52263-0539.fits,C:\Users\Harshit\OneDrive\Desktop\stellar-spectra-ai\data\catalog\white_dwarfs.csv
8.97491e+17,white_dwarf,72.439954,0.93729744,0.000243471,797,52263,540,STAR,WD,C:\Users\Harshit\OneDrive\Desktop\stellar-spectra-ai\data\raw\white_dwarf\spec-0797-52263-0540.fits,C:\Users\Harshit\OneDrive\Desktop\stellar-spectra-ai\data\catalog\white_dwarfs.csv
8.97493e+17,white_dwarf,72.761975,0.30400745,-9.94e-05,797,52263,547,STAR,WD,C:\Users\Harshit\OneDrive\Desktop\stellar-spectra-ai\data\raw\white_dwarf\spec-0797-52263-0547.fits,C:\Users\Harshit\OneDrive\Desktop\stellar-spectra-ai\data\catalog\white_dwarfs.csv
4.03167e+17,white_dwarf,261.17093,57.043285,-2e-05,358,51818,346,STAR,WD,C:\Users\Harshit\OneDrive\Desktop\stellar-spectra-ai\data\raw\white_dwarf\spec-0358-51818-0346.fits,C:\Users\Harshit\OneDrive\Desktop\stellar-spectra-ai\data\catalog\white_dwarfs.csv
4.03176e+17,white_dwarf,261.81136,57.152797,4.1e-05,358,51818,379,STAR,WD,C:\Users\Harshit\OneDrive\Desktop\stellar-spectra-ai\data\raw\white_dwarf\spec-0358-51818-0379.fits,C:\Users\Harshit\OneDrive\Desktop\stellar-spectra-ai\data\catalog\white_dwarfs.csv
4.0318e+17,white_dwarf,261.74766,56.668171,1.36e-05,358,51818,392,STAR,WD,C:\Users\Harshit\OneDrive\Desktop\stellar-spectra-ai\data\raw\white_dwarf\spec-0358-51818-0392.fits,C:\Users\Harshit\OneDrive\Desktop\stellar-spectra-ai\data\catalog\white_dwarfs.csv
4.03184e+17,white_dwarf,262.6504,57.831732,6.27e-05,358,51818,405,STAR,WD,C:\Users\Harshit\OneDrive\Desktop\stellar-spectra-ai\data\raw\white_dwarf\spec-0358-51818-0405.fits,C:\Users\Harshit\OneDrive\Desktop\stellar-spectra-ai\data\catalog\white_dwarfs.csv
4.03195e+17,white_dwarf,263.25833,57.689961,3.93e-07,358,51818,447,STAR,WD,C:\Users\Harshit\OneDrive\Desktop\stellar-spectra-ai\data\raw\white_dwarf\spec-0358-51818-0447.fits,C:\Users\Harshit\OneDrive\Desktop\stellar-spectra-ai\data\catalog\white_dwarfs.csv
4.03198e+17,white_dwarf,263.33598,57.347084,-1.16e-05,358,51818,459,STAR,WD,C:\Users\Harshit\OneDrive\Desktop\stellar-spectra-ai\data\raw\white_dwarf\spec-0358-51818-0459.fits,C:\Users\Harshit\OneDrive\Desktop\stellar-spectra-ai\data\catalog\white_dwarfs.csv
4.032e+17,white_dwarf,262.5137,57.050413,-0.000328073,358,51818,466,STAR,WD,C:\Users\Harshit\OneDrive\Desktop\stellar-spectra-ai\data\raw\white_dwarf\spec-0358-51818-0466.fits,C:\Users\Harshit\OneDrive\Desktop\stellar-spectra-ai\data\catalog\white_dwarfs.csv
4.03222e+17,white_dwarf,264.38212,56.835717,-0.000111401,358,51818,545,STAR,WD,C:\Users\Harshit\OneDrive\Desktop\stellar-spectra-ai\data\raw\white_dwarf\spec-0358-51818-0545.fits,C:\Users\Harshit\OneDrive\Desktop\stellar-spectra-ai\data\catalog\white_dwarfs.csv
4.03225e+17,white_dwarf,264.66503,57.045391,-0.000220347,358,51818,556,STAR,WD,C:\Users\Harshit\OneDrive\Desktop\stellar-spectra-ai\data\raw\white_dwarf\spec-0358-51818-0556.fits,C:\Users\Harshit\OneDrive\Desktop\stellar-spectra-ai\data\catalog\white_dwarfs.csv
4.03237e+17,white_dwarf,264.75098,56.710224,-0.000329191,358,51818,599,STAR,WD,C:\Users\Harshit\OneDrive\Desktop\stellar-spectra-ai\data\raw\white_dwarf\spec-0358-51818-0599.fits,C:\Users\Harshit\OneDrive\Desktop\stellar-spectra-ai\data\catalog\white_dwarfs.csv
4.03248e+17,white_dwarf,265.14966,56.986428,-0.000145041,358,51818,640,STAR,WD,C:\Users\Harshit\OneDrive\Desktop\stellar-spectra-ai\data\raw\white_dwarf\spec-0358-51818-0640.fits,C:\Users\Harshit\OneDrive\Desktop\stellar-spectra-ai\data\catalog\white_dwarfs.csv
4.07741e+17,white_dwarf,265.73108,55.628076,-0.000138256,362,51999,601,STAR,WD,C:\Users\Harshit\OneDrive\Desktop\stellar-spectra-ai\data\raw\white_dwarf\spec-0362-51999-0601.fits,C:\Users\Harshit\OneDrive\Desktop\stellar-spectra-ai\data\catalog\white_dwarfs.csv
4.08703e+17,white_dwarf,233.65709,-0.78870602,-0.000130193,363,51989,5,STAR,WD,C:\Users\Harshit\OneDrive\Desktop\stellar-spectra-ai\data\raw\white_dwarf\spec-0363-51989-0005.fits,C:\Users\Harshit\OneDrive\Desktop\stellar-spectra-ai\data\catalog\white_dwarfs.csv
3.35595e+17,white_dwarf,202.66873,-1.2510204,-7.2e-05,298,51955,281,STAR,WD,C:\Users\Harshit\OneDrive\Desktop\stellar-spectra-ai\data\raw\white_dwarf\spec-0298-51955-0281.fits,C:\Users\Harshit\OneDrive\Desktop\stellar-spectra-ai\data\catalog\white_dwarfs.csv
3.35606e+17,white_dwarf,202.50056,-0.038409651,0.000215895,298,51955,318,STAR,WD,C:\Users\Harshit\OneDrive\Desktop\stellar-spectra-ai\data\raw\white_dwarf\spec-0298-51955-0318.fits,C:\Users\Harshit\OneDrive\Desktop\stellar-spectra-ai\data\catalog\white_dwarfs.csv
3.35609e+17,white_dwarf,202.57999,1.1593673,0.000848431,298,51955,330,STAR,WD,C:\Users\Harshit\OneDrive\Desktop\stellar-spectra-ai\data\raw\white_dwarf\spec-0298-51955-0330.fits,C:\Users\Harshit\OneDrive\Desktop\stellar-spectra-ai\data\catalog\white_dwarfs.csv
3.3561e+17,white_dwarf,202.44395,0.7083264,-1.17e-05,298,51955,335,STAR,WD,C:\Users\Harshit\OneDrive\Desktop\stellar-spectra-ai\data\raw\white_dwarf\spec-0298-51955-0335.fits,C:\Users\Harshit\OneDrive\Desktop\stellar-spectra-ai\data\catalog\white_dwarfs.csv
4.20111e+17,white_dwarf,332.21058,0.23030151,-5.28e-05,373,51788,546,STAR,WD,C:\Users\Harshit\OneDrive\Desktop\stellar-spectra-ai\data\raw\white_dwarf\spec-0373-51788-0546.fits,C:\Users\Harshit\OneDrive\Desktop\stellar-spectra-ai\data\catalog\white_dwarfs.csv
4.2109e+17,white_dwarf,334.63427,-0.79495146,-0.001592544,374,51791,11,STAR,WD,C:\Users\Harshit\OneDrive\Desktop\stellar-spectra-ai\data\raw\white_dwarf\spec-0374-51791-0011.fits,C:\Users\Harshit\OneDrive\Desktop\stellar-spectra-ai\data\catalog\white_dwarfs.csv
4.21096e+17,white_dwarf,334.99261,-0.11327147,0.00030851,374,51791,36,STAR,WD,C:\Users\Harshit\OneDrive\Desktop\stellar-spectra-ai\data\raw\white_dwarf\spec-0374-51791-0036.fits,C:\Users\Harshit\OneDrive\Desktop\stellar-spectra-ai\data\catalog\white_dwarfs.csv
4.21136e+17,white_dwarf,333.7432,-0.41992043,3.09e-05,374,51791,180,STAR,WD,C:\Users\Harshit\OneDrive\Desktop\stellar-spectra-ai\data\raw\white_dwarf\spec-0374-51791-0180.fits,C:\Users\Harshit\OneDrive\Desktop\stellar-spectra-ai\data\catalog\white_dwarfs.csv
4.21141e+17,white_dwarf,333.35989,-0.45341457,0.000574044,374,51791,199,STAR,WD,C:\Users\Harshit\OneDrive\Desktop\stellar-spectra-ai\data\raw\white_dwarf\spec-0374-51791-0199.fits,C:\Users\Harshit\OneDrive\Desktop\stellar-spectra-ai\data\catalog\white_dwarfs.csv
4.2122e+17,white_dwarf,333.54051,0.34179006,-0.00018,374,51791,485,STAR,WD,C:\Users\Harshit\OneDrive\Desktop\stellar-spectra-ai\data\raw\white_dwarf\spec-0374-51791-0485.fits,C:\Users\Harshit\OneDrive\Desktop\stellar-spectra-ai\data\catalog\white_dwarfs.csv
4.21234e+17,white_dwarf,334.05642,1.0822917,-9.56e-05,374,51791,537,STAR,WD,C:\Users\Harshit\OneDrive\Desktop\stellar-spectra-ai\data\raw\white_dwarf\spec-0374-51791-0537.fits,C:\Users\Harshit\OneDrive\Desktop\stellar-spectra-ai\data\catalog\white_dwarfs.csv
4.21236e+17,white_dwarf,334.50432,0.57626887,5.07e-05,374,51791,545,STAR,WD,C:\Users\Harshit\OneDrive\Desktop\stellar-spectra-ai\data\raw\white_dwarf\spec-0374-51791-0545.fits,C:\Users\Harshit\OneDrive\Desktop\stellar-spectra-ai\data\catalog\white_dwarfs.csv
4.21241e+17,white_dwarf,334.3679,0.88663966,7.29e-06,374,51791,563,STAR,WD,C:\Users\Harshit\OneDrive\Desktop\stellar-spectra-ai\data\raw\white_dwarf\spec-0374-51791-0563.fits,C:\Users\Harshit\OneDrive\Desktop\stellar-spectra-ai\data\catalog\white_dwarfs.csv
4.2126e+17,white_dwarf,334.9849,0.21533566,0.000265943,374,51791,631,STAR,WD,C:\Users\Harshit\OneDrive\Desktop\stellar-spectra-ai\data\raw\white_dwarf\spec-0374-51791-0631.fits,C:\Users\Harshit\OneDrive\Desktop\stellar-spectra-ai\data\catalog\white_dwarfs.csv
3.94165e+17,white_dwarf,257.80424,65.699554,-4.04e-05,350,51691,362,STAR,WD,C:\Users\Harshit\OneDrive\Desktop\stellar-spectra-ai\data\raw\white_dwarf\spec-0350-51691-0362.fits,C:\Users\Harshit\OneDrive\Desktop\stellar-spectra-ai\data\catalog\white_dwarfs.csv
3.94207e+17,white_dwarf,258.4487,65.489873,-0.000147401,350,51691,518,STAR,WD,C:\Users\Harshit\OneDrive\Desktop\stellar-spectra-ai\data\raw\white_dwarf\spec-0350-51691-0518.fits,C:\Users\Harshit\OneDrive\Desktop\stellar-spectra-ai\data\catalog\white_dwarfs.csv
4.33505e+17,white_dwarf,355.4235,-1.154778,-8.11e-06,385,51783,122,STAR,WD,C:\Users\Harshit\OneDrive\Desktop\stellar-spectra-ai\data\raw\white_dwarf\spec-0385-51783-0122.fits,C:\Users\Harshit\OneDrive\Desktop\stellar-spectra-ai\data\catalog\white_dwarfs.csv
6.26127e+17,white_dwarf,144.79811,56.228859,-0.000456799,556,51991,462,STAR,WD,C:\Users\Harshit\OneDrive\Desktop\stellar-spectra-ai\data\raw\white_dwarf\spec-0556-51991-0462.fits,C:\Users\Harshit\OneDrive\Desktop\stellar-spectra-ai\data\catalog\white_dwarfs.csv
6.26139e+17,white_dwarf,145.23479,56.639121,0.000112902,556,51991,503,STAR,WD,C:\Users\Harshit\OneDrive\Desktop\stellar-spectra-ai\data\raw\white_dwarf\spec-0556-51991-0503.fits,C:\Users\Harshit\OneDrive\Desktop\stellar-spectra-ai\data\catalog\white_dwarfs.csv
6.26152e+17,white_dwarf,145.92245,57.027141,0.000310945,556,51991,551,STAR,WD,C:\Users\Harshit\OneDrive\Desktop\stellar-spectra-ai\data\raw\white_dwarf\spec-0556-51991-0551.fits,C:\Users\Harshit\OneDrive\Desktop\stellar-spectra-ai\data\catalog\white_dwarfs.csv
6.26154e+17,white_dwarf,145.88757,56.903323,-0.000318272,556,51991,558,STAR,WD,C:\Users\Harshit\OneDrive\Desktop\stellar-spectra-ai\data\raw\white_dwarf\spec-0556-51991-0558.fits,C:\Users\Harshit\OneDrive\Desktop\stellar-spectra-ai\data\catalog\white_dwarfs.csv
6.27163e+17,white_dwarf,147.57611,56.112062,-6.89e-07,557,52253,132,STAR,WD,C:\Users\Harshit\OneDrive\Desktop\stellar-spectra-ai\data\raw\white_dwarf\spec-0557-52253-0132.fits,C:\Users\Harshit\OneDrive\Desktop\stellar-spectra-ai\data\catalog\white_dwarfs.csv
6.27171e+17,white_dwarf,147.93974,56.271291,0.000202826,557,52253,162,STAR,WD,C:\Users\Harshit\OneDrive\Desktop\stellar-spectra-ai\data\raw\white_dwarf\spec-0557-52253-0162.fits,C:\Users\Harshit\OneDrive\Desktop\stellar-spectra-ai\data\catalog\white_dwarfs.csv
6.38406e+17,white_dwarf,140.00346,2.9936706,-0.000111834,567,52252,74,STAR,WD,C:\Users\Harshit\OneDrive\Desktop\stellar-spectra-ai\data\raw\white_dwarf\spec-0567-52252-0074.fits,C:\Users\Harshit\OneDrive\Desktop\stellar-spectra-ai\data\catalog\white_dwarfs.csv
6.38418e+17,white_dwarf,139.52273,3.2637959,0.000110891,567,52252,119,STAR,WD,C:\Users\Harshit\OneDrive\Desktop\stellar-spectra-ai\data\raw\white_dwarf\spec-0567-52252-0119.fits,C:\Users\Harshit\OneDrive\Desktop\stellar-spectra-ai\data\catalog\white_dwarfs.csv
6.3843e+17,white_dwarf,138.71441,3.3758841,-0.000271531,567,52252,164,STAR,WD,C:\Users\Harshit\OneDrive\Desktop\stellar-spectra-ai\data\raw\white_dwarf\spec-0567-52252-0164.fits,C:\Users\Harshit\OneDrive\Desktop\stellar-spectra-ai\data\catalog\white_dwarfs.csv
5.46189e+17,white_dwarf,140.5638,60.542621,-0.000332411,485,51909,464,STAR,WD,C:\Users\Harshit\OneDrive\Desktop\stellar-spectra-ai\data\raw\white_dwarf\spec-0485-51909-0464.fits,C:\Users\Harshit\OneDrive\Desktop\stellar-spectra-ai\data\catalog\white_dwarfs.csv
5.46192e+17,white_dwarf,140.64254,60.182026,-8.27e-06,485,51909,475,STAR,WD,C:\Users\Harshit\OneDrive\Desktop\stellar-spectra-ai\data\raw\white_dwarf\spec-0485-51909-0475.fits,C:\Users\Harshit\OneDrive\Desktop\stellar-spectra-ai\data\catalog\white_dwarfs.csv
5.46195e+17,white_dwarf,141.49745,60.700623,-8.22e-05,485,51909,484,STAR,WD,C:\Users\Harshit\OneDrive\Desktop\stellar-spectra-ai\data\raw\white_dwarf\spec-0485-51909-0484.fits,C:\Users\Harshit\OneDrive\Desktop\stellar-spectra-ai\data\catalog\white_dwarfs.csv
5.46197e+17,white_dwarf,141.20654,60.362057,-0.000135025,485,51909,494,STAR,WD,C:\Users\Harshit\OneDrive\Desktop\stellar-spectra-ai\data\raw\white_dwarf\spec-0485-51909-0494.fits,C:\Users\Harshit\OneDrive\Desktop\stellar-spectra-ai\data\catalog\white_dwarfs.csv
5.65332e+17,white_dwarf,152.73035,2.0934755,4.92e-05,502,51957,475,STAR,WD,C:\Users\Harshit\OneDrive\Desktop\stellar-spectra-ai\data\raw\white_dwarf\spec-0502-51957-0475.fits,C:\Users\Harshit\OneDrive\Desktop\stellar-spectra-ai\data\catalog\white_dwarfs.csv
5.65338e+17,white_dwarf,153.13537,1.9123866,-0.000153529,502,51957,494,STAR,WD,C:\Users\Harshit\OneDrive\Desktop\stellar-spectra-ai\data\raw\white_dwarf\spec-0502-51957-0494.fits,C:\Users\Harshit\OneDrive\Desktop\stellar-spectra-ai\data\catalog\white_dwarfs.csv
5.65341e+17,white_dwarf,153.17675,2.3974452,-0.000178581,502,51957,506,STAR,WD,C:\Users\Harshit\OneDrive\Desktop\stellar-spectra-ai\data\raw\white_dwarf\spec-0502-51957-0506.fits,C:\Users\Harshit\OneDrive\Desktop\stellar-spectra-ai\data\catalog\white_dwarfs.csv
5.65345e+17,white_dwarf,153.15336,2.9148916,0.000102851,502,51957,522,STAR,WD,C:\Users\Harshit\OneDrive\Desktop\stellar-spectra-ai\data\raw\white_dwarf\spec-0502-51957-0522.fits,C:\Users\Harshit\OneDrive\Desktop\stellar-spectra-ai\data\catalog\white_dwarfs.csv
5.65365e+17,white_dwarf,153.71544,2.154042,2.75e-06,502,51957,593,STAR,WD,C:\Users\Harshit\OneDrive\Desktop\stellar-spectra-ai\data\raw\white_dwarf\spec-0502-51957-0593.fits,C:\Users\Harshit\OneDrive\Desktop\stellar-spectra-ai\data\catalog\white_dwarfs.csv
5.66329e+17,white_dwarf,155.715,1.5214691,-3.96e-05,503,51999,3,STAR,WD,C:\Users\Harshit\OneDrive\Desktop\stellar-spectra-ai\data\raw\white_dwarf\spec-0503-51999-0003.fits,C:\Users\Harshit\OneDrive\Desktop\stellar-spectra-ai\data\catalog\white_dwarfs.csv
5.66346e+17,white_dwarf,155.84408,1.660472,-0.00048483,503,51999,67,STAR,WD,C:\Users\Harshit\OneDrive\Desktop\stellar-spectra-ai\data\raw\white_dwarf\spec-0503-51999-0067.fits,C:\Users\Harshit\OneDrive\Desktop\stellar-spectra-ai\data\catalog\white_dwarfs.csv
5.66349e+17,white_dwarf,155.61675,2.0097671,0.00023465,503,51999,76,STAR,WD,C:\Users\Harshit\OneDrive\Desktop\stellar-spectra-ai\data\raw\white_dwarf\spec-0503-51999-0076.fits,C:\Users\Harshit\OneDrive\Desktop\stellar-spectra-ai\data\catalog\white_dwarfs.csv
5.66357e+17,white_dwarf,155.30042,1.8174403,0.000153633,503,51999,108,STAR,WD,C:\Users\Harshit\OneDrive\Desktop\stellar-spectra-ai\data\raw\white_dwarf\spec-0503-51999-0108.fits,C:\Users\Harshit\OneDrive\Desktop\stellar-spectra-ai\data\catalog\white_dwarfs.csv
5.66393e+17,white_dwarf,154.68454,1.9860488,3.02e-06,503,51999,238,STAR,WD,C:\Users\Harshit\OneDrive\Desktop\stellar-spectra-ai\data\raw\white_dwarf\spec-0503-51999-0238.fits,C:\Users\Harshit\OneDrive\Desktop\stellar-spectra-ai\data\catalog\white_dwarfs.csv
5.66418e+17,white_dwarf,153.95006,3.1134333,-8.34e-06,503,51999,329,STAR,WD,C:\Users\Harshit\OneDrive\Desktop\stellar-spectra-ai\data\raw\white_dwarf\spec-0503-51999-0329.fits,C:\Users\Harshit\OneDrive\Desktop\stellar-spectra-ai\data\catalog\white_dwarfs.csv
5.66447e+17,white_dwarf,154.6115,2.1914956,-8.26e-05,503,51999,434,STAR,WD,C:\Users\Harshit\OneDrive\Desktop\stellar-spectra-ai\data\raw\white_dwarf\spec-0503-51999-0434.fits,C:\Users\Harshit\OneDrive\Desktop\stellar-spectra-ai\data\catalog\white_dwarfs.csv
5.66476e+17,white_dwarf,155.52053,2.6541698,-0.000144698,503,51999,541,STAR,WD,C:\Users\Harshit\OneDrive\Desktop\stellar-spectra-ai\data\raw\white_dwarf\spec-0503-51999-0541.fits,C:\Users\Harshit\OneDrive\Desktop\stellar-spectra-ai\data\catalog\white_dwarfs.csv
5.74326e+17,white_dwarf,168.46869,2.5865278,-9.06e-05,510,52381,427,STAR,WD,C:\Users\Harshit\OneDrive\Desktop\stellar-spectra-ai\data\raw\white_dwarf\spec-0510-52381-0427.fits,C:\Users\Harshit\OneDrive\Desktop\stellar-spectra-ai\data\catalog\white_dwarfs.csv
5.87869e+17,white_dwarf,192.57786,2.6515756,-0.000230204,522,52024,542,STAR,WD,C:\Users\Harshit\OneDrive\Desktop\stellar-spectra-ai\data\raw\white_dwarf\spec-0522-52024-0542.fits,C:\Users\Harshit\OneDrive\Desktop\stellar-spectra-ai\data\catalog\white_dwarfs.csv
5.87882e+17,white_dwarf,192.70672,3.0425731,-0.000211656,522,52024,591,STAR,WD,C:\Users\Harshit\OneDrive\Desktop\stellar-spectra-ai\data\raw\white_dwarf\spec-0522-52024-0591.fits,C:\Users\Harshit\OneDrive\Desktop\stellar-spectra-ai\data\catalog\white_dwarfs.csv
6.00142e+17,white_dwarf,213.74119,1.3687123,-9.73e-05,533,51994,136,STAR,WD,C:\Users\Harshit\OneDrive\Desktop\stellar-spectra-ai\data\raw\white_dwarf\spec-0533-51994-0136.fits,C:\Users\Harshit\OneDrive\Desktop\stellar-spectra-ai\data\catalog\white_dwarfs.csv
6.00242e+17,white_dwarf,213.92406,2.5697581,0.000260546,533,51994,500,STAR,WD,C:\Users\Harshit\OneDrive\Desktop\stellar-spectra-ai\data\raw\white_dwarf\spec-0533-51994-0500.fits,C:\Users\Harshit\OneDrive\Desktop\stellar-spectra-ai\data\catalog\white_dwarfs.csv
7.83688e+17,white_dwarf,20.101203,-0.25723276,5.59e-07,696,52209,225,STAR,WD,C:\Users\Harshit\OneDrive\Desktop\stellar-spectra-ai\data\raw\white_dwarf\spec-0696-52209-0225.fits,C:\Users\Harshit\OneDrive\Desktop\stellar-spectra-ai\data\catalog\white_dwarfs.csv
7.83706e+17,white_dwarf,20.045771,-0.55294262,-0.000719092,696,52209,291,STAR,WD,C:\Users\Harshit\OneDrive\Desktop\stellar-spectra-ai\data\raw\white_dwarf\spec-0696-52209-0291.fits,C:\Users\Harshit\OneDrive\Desktop\stellar-spectra-ai\data\catalog\white_dwarfs.csv
7.90534e+17,white_dwarf,32.760718,-0.029116662,7.61e-05,702,52178,553,STAR,WD,C:\Users\Harshit\OneDrive\Desktop\stellar-spectra-ai\data\raw\white_dwarf\spec-0702-52178-0553.fits,C:\Users\Harshit\OneDrive\Desktop\stellar-spectra-ai\data\catalog\white_dwarfs.csv
7.90535e+17,white_dwarf,32.894479,-0.007222728,2.13e-06,702,52178,556,STAR,WD,C:\Users\Harshit\OneDrive\Desktop\stellar-spectra-ai\data\raw\white_dwarf\spec-0702-52178-0556.fits,C:\Users\Harshit\OneDrive\Desktop\stellar-spectra-ai\data\catalog\white_dwarfs.csv
7.92709e+17,white_dwarf,35.178758,-0.38289528,0.000286797,704,52205,275,STAR,WD,C:\Users\Harshit\OneDrive\Desktop\stellar-spectra-ai\data\raw\white_dwarf\spec-0704-52205-0275.fits,C:\Users\Harshit\OneDrive\Desktop\stellar-spectra-ai\data\catalog\white_dwarfs.csv
8.0052e+17,white_dwarf,50.431218,-0.84045447,0.000170944,711,52202,19,STAR,WD,C:\Users\Harshit\OneDrive\Desktop\stellar-spectra-ai\data\raw\white_dwarf\spec-0711-52202-0019.fits,C:\Users\Harshit\OneDrive\Desktop\stellar-spectra-ai\data\catalog\white_dwarfs.csv
7.59983e+17,white_dwarf,342.15057,-1.0221004,-0.000586641,675,52590,2,STAR,WD,C:\Users\Harshit\OneDrive\Desktop\stellar-spectra-ai\data\raw\white_dwarf\spec-0675-52590-0002.fits,C:\Users\Harshit\OneDrive\Desktop\stellar-spectra-ai\data\catalog\white_dwarfs.csv
7.59992e+17,white_dwarf,342.61357,-0.30936427,-0.00022287,675,52590,35,STAR,WD,C:\Users\Harshit\OneDrive\Desktop\stellar-spectra-ai\data\raw\white_dwarf\spec-0675-52590-0035.fits,C:\Users\Harshit\OneDrive\Desktop\stellar-spectra-ai\data\catalog\white_dwarfs.csv
7.59999e+17,white_dwarf,341.95123,-0.90776734,-3.9e-05,675,52590,60,STAR,WD,C:\Users\Harshit\OneDrive\Desktop\stellar-spectra-ai\data\raw\white_dwarf\spec-0675-52590-0060.fits,C:\Users\Harshit\OneDrive\Desktop\stellar-spectra-ai\data\catalog\white_dwarfs.csv
7.60006e+17,white_dwarf,341.598,-1.0189959,-4.8e-05,675,52590,84,STAR,WD,C:\Users\Harshit\OneDrive\Desktop\stellar-spectra-ai\data\raw\white_dwarf\spec-0675-52590-0084.fits,C:\Users\Harshit\OneDrive\Desktop\stellar-spectra-ai\data\catalog\white_dwarfs.csv
7.73528e+17,white_dwarf,4.0207229,-1.1074765,0.000195112,687,52518,127,STAR,WD,C:\Users\Harshit\OneDrive\Desktop\stellar-spectra-ai\data\raw\white_dwarf\spec-0687-52518-0127.fits,C:\Users\Harshit\OneDrive\Desktop\stellar-spectra-ai\data\catalog\white_dwarfs.csv
7.73529e+17,white_dwarf,4.1210439,-0.74747801,9.37e-06,687,52518,131,STAR,WD,C:\Users\Harshit\OneDrive\Desktop\stellar-spectra-ai\data\raw\white_dwarf\spec-0687-52518-0131.fits,C:\Users\Harshit\OneDrive\Desktop\stellar-spectra-ai\data\catalog\white_dwarfs.csv
7.73562e+17,white_dwarf,3.6747678,-0.76680986,-0.00011748,687,52518,251,STAR,WD,C:\Users\Harshit\OneDrive\Desktop\stellar-spectra-ai\data\raw\white_dwarf\spec-0687-52518-0251.fits,C:\Users\Harshit\OneDrive\Desktop\stellar-spectra-ai\data\catalog\white_dwarfs.csv
7.73571e+17,white_dwarf,3.2247087,-1.0138765,1.64e-05,687,52518,282,STAR,WD,C:\Users\Harshit\OneDrive\Desktop\stellar-spectra-ai\data\raw\white_dwarf\spec-0687-52518-0282.fits,C:\Users\Harshit\OneDrive\Desktop\stellar-spectra-ai\data\catalog\white_dwarfs.csv
7.73578e+17,white_dwarf,2.7917354,-0.2563816,0.000165865,687,52518,309,STAR,WD,C:\Users\Harshit\OneDrive\Desktop\stellar-spectra-ai\data\raw\white_dwarf\spec-0687-52518-0309.fits,C:\Users\Harshit\OneDrive\Desktop\stellar-spectra-ai\data\catalog\white_dwarfs.csv
7.77034e+17,white_dwarf,10.700812,0.33201614,-0.000179054,690,52261,594,STAR,WD,C:\Users\Harshit\OneDrive\Desktop\stellar-spectra-ai\data\raw\white_dwarf\spec-0690-52261-0594.fits,C:\Users\Harshit\OneDrive\Desktop\stellar-spectra-ai\data\catalog\white_dwarfs.csv
7.86053e+17,white_dwarf,25.911736,0.064358278,0.000222988,698,52203,637,STAR,WD,C:\Users\Harshit\OneDrive\Desktop\stellar-spectra-ai\data\raw\white_dwarf\spec-0698-52203-0637.fits,C:\Users\Harshit\OneDrive\Desktop\stellar-spectra-ai\data\catalog\white_dwarfs.csv
7.87007e+17,white_dwarf,27.40974,-0.82723072,-3.06e-05,699,52202,12,STAR,WD,C:\Users\Harshit\OneDrive\Desktop\stellar-spectra-ai\data\raw\white_dwarf\spec-0699-52202-0012.fits,C:\Users\Harshit\OneDrive\Desktop\stellar-spectra-ai\data\catalog\white_dwarfs.csv
7.97226e+17,white_dwarf,42.287319,0.78965862,-3.98e-05,708,52175,322,STAR,WD,C:\Users\Harshit\OneDrive\Desktop\stellar-spectra-ai\data\raw\white_dwarf\spec-0708-52175-0322.fits,C:\Users\Harshit\OneDrive\Desktop\stellar-spectra-ai\data\catalog\white_dwarfs.csv
7.57886e+17,white_dwarf,338.06572,1.1440684,-0.000109002,673,52162,565,STAR,WD,C:\Users\Harshit\OneDrive\Desktop\stellar-spectra-ai\data\raw\white_dwarf\spec-0673-52162-0565.fits,C:\Users\Harshit\OneDrive\Desktop\stellar-spectra-ai\data\catalog\white_dwarfs.csv
7.58872e+17,white_dwarf,339.92557,-0.86471871,-0.000260695,674,52201,56,STAR,WD,C:\Users\Harshit\OneDrive\Desktop\stellar-spectra-ai\data\raw\white_dwarf\spec-0674-52201-0056.fits,C:\Users\Harshit\OneDrive\Desktop\stellar-spectra-ai\data\catalog\white_dwarfs.csv
7.58893e+17,white_dwarf,339.36191,-1.0196931,-0.000157835,674,52201,133,STAR,WD,C:\Users\Harshit\OneDrive\Desktop\stellar-spectra-ai\data\raw\white_dwarf\spec-0674-52201-0133.fits,C:\Users\Harshit\OneDrive\Desktop\stellar-spectra-ai\data\catalog\white_dwarfs.csv
7.58894e+17,white_dwarf,339.37446,-1.096982,-0.000940901,674,52201,135,STAR,WD,C:\Users\Harshit\OneDrive\Desktop\stellar-spectra-ai\data\raw\white_dwarf\spec-0674-52201-0135.fits,C:\Users\Harshit\OneDrive\Desktop\stellar-spectra-ai\data\catalog\white_dwarfs.csv
7.58902e+17,white_dwarf,339.17209,-0.34751562,-0.000264076,674,52201,164,STAR,WD,C:\Users\Harshit\OneDrive\Desktop\stellar-spectra-ai\data\raw\white_dwarf\spec-0674-52201-0164.fits,C:\Users\Harshit\OneDrive\Desktop\stellar-spectra-ai\data\catalog\white_dwarfs.csv
3.23203e+17,white_dwarf,182.77187,-0.7745704,0.000298035,287,52023,253,STAR,WD,C:\Users\Harshit\OneDrive\Desktop\stellar-spectra-ai\data\raw\white_dwarf\spec-0287-52023-0253.fits,C:\Users\Harshit\OneDrive\Desktop\stellar-spectra-ai\data\catalog\white_dwarfs.csv
3.23207e+17,white_dwarf,182.46017,-0.62686381,0.000151194,287,52023,269,STAR,WD,C:\Users\Harshit\OneDrive\Desktop\stellar-spectra-ai\data\raw\white_dwarf\spec-0287-52023-0269.fits,C:\Users\Harshit\OneDrive\Desktop\stellar-spectra-ai\data\catalog\white_dwarfs.csv
3.23221e+17,white_dwarf,182.44135,-0.20622421,0.00018357,287,52023,319,STAR,WD,C:\Users\Harshit\OneDrive\Desktop\stellar-spectra-ai\data\raw\white_dwarf\spec-0287-52023-0319.fits,C:\Users\Harshit\OneDrive\Desktop\stellar-spectra-ai\data\catalog\white_dwarfs.csv
3.24311e+17,white_dwarf,184.68037,-0.704855,-4.62e-05,288,52000,189,STAR,WD,C:\Users\Harshit\OneDrive\Desktop\stellar-spectra-ai\data\raw\white_dwarf\spec-0288-52000-0189.fits,C:\Users\Harshit\OneDrive\Desktop\stellar-spectra-ai\data\catalog\white_dwarfs.csv
3.24343e+17,white_dwarf,183.87986,-0.38193194,-0.000140204,288,52000,306,STAR,WD,C:\Users\Harshit\OneDrive\Desktop\stellar-spectra-ai\data\raw\white_dwarf\spec-0288-52000-0306.fits,C:\Users\Harshit\OneDrive\Desktop\stellar-spectra-ai\data\catalog\white_dwarfs.csv
3.24372e+17,white_dwarf,184.62785,0.70451502,0.000103747,288,52000,412,STAR,WD,C:\Users\Harshit\OneDrive\Desktop\stellar-spectra-ai\data\raw\white_dwarf\spec-0288-52000-0412.fits,C:\Users\Harshit\OneDrive\Desktop\stellar-spectra-ai\data\catalog\white_dwarfs.csv
3.24382e+17,white_dwarf,185.08634,0.73294697,-2.32e-05,288,52000,446,STAR,WD,C:\Users\Harshit\OneDrive\Desktop\stellar-spectra-ai\data\raw\white_dwarf\spec-0288-52000-0446.fits,C:\Users\Harshit\OneDrive\Desktop\stellar-spectra-ai\data\catalog\white_dwarfs.csv
3.50282e+17,white_dwarf,227.74485,0.68686295,0.000702678,311,51665,461,STAR,WD,C:\Users\Harshit\OneDrive\Desktop\stellar-spectra-ai\data\raw\white_dwarf\spec-0311-51665-0461.fits,C:\Users\Harshit\OneDrive\Desktop\stellar-spectra-ai\data\catalog\white_dwarfs.csv
3.51296e+17,white_dwarf,229.63836,-0.94487643,-5.22e-05,312,51689,56,STAR,WD,C:\Users\Harshit\OneDrive\Desktop\stellar-spectra-ai\data\raw\white_dwarf\spec-0312-51689-0056.fits,C:\Users\Harshit\OneDrive\Desktop\stellar-spectra-ai\data\catalog\white_dwarfs.csv
4.69582e+17,white_dwarf,7.0022819,14.080341,-0.000367212,417,51821,297,STAR,WD,C:\Users\Harshit\OneDrive\Desktop\stellar-spectra-ai\data\raw\white_dwarf\spec-0417-51821-0297.fits,C:\Users\Harshit\OneDrive\Desktop\stellar-spectra-ai\data\catalog\white_dwarfs.csv
4.69585e+17,white_dwarf,7.0214392,14.387382,0.000190357,417,51821,308,STAR,WD,C:\Users\Harshit\OneDrive\Desktop\stellar-spectra-ai\data\raw\white_dwarf\spec-0417-51821-0308.fits,C:\Users\Harshit\OneDrive\Desktop\stellar-spectra-ai\data\catalog\white_dwarfs.csv
4.69592e+17,white_dwarf,7.2106667,15.652758,1.43e-06,417,51821,332,STAR,WD,C:\Users\Harshit\OneDrive\Desktop\stellar-spectra-ai\data\raw\white_dwarf\spec-0417-51821-0332.fits,C:\Users\Harshit\OneDrive\Desktop\stellar-spectra-ai\data\catalog\white_dwarfs.csv
4.69601e+17,white_dwarf,7.3280295,16.218262,-0.000480365,417,51821,365,STAR,WD,C:\Users\Harshit\OneDrive\Desktop\stellar-spectra-ai\data\raw\white_dwarf\spec-0417-51821-0365.fits,C:\Users\Harshit\OneDrive\Desktop\stellar-spectra-ai\data\catalog\white_dwarfs.csv
4.69604e+17,white_dwarf,7.3798277,15.661171,4.3e-05,417,51821,379,STAR,WD,C:\Users\Harshit\OneDrive\Desktop\stellar-spectra-ai\data\raw\white_dwarf\spec-0417-51821-0379.fits,C:\Users\Harshit\OneDrive\Desktop\stellar-spectra-ai\data\catalog\white_dwarfs.csv
4.69621e+17,white_dwarf,7.4170008,15.156153,9.57e-05,417,51821,439,STAR,WD,C:\Users\Harshit\OneDrive\Desktop\stellar-spectra-ai\data\raw\white_dwarf\spec-0417-51821-0439.fits,C:\Users\Harshit\OneDrive\Desktop\stellar-spectra-ai\data\catalog\white_dwarfs.csv
4.76322e+17,white_dwarf,18.695692,13.473713,-0.000488962,423,51821,242,STAR,WD,C:\Users\Harshit\OneDrive\Desktop\stellar-spectra-ai\data\raw\white_dwarf\spec-0423-51821-0242.fits,C:\Users\Harshit\OneDrive\Desktop\stellar-spectra-ai\data\catalog\white_dwarfs.csv
4.78559e+17,white_dwarf,22.369995,13.754054,0.000195426,425,51898,187,STAR,WD,C:\Users\Harshit\OneDrive\Desktop\stellar-spectra-ai\data\raw\white_dwarf\spec-0425-51898-0187.fits,C:\Users\Harshit\OneDrive\Desktop\stellar-spectra-ai\data\catalog\white_dwarfs.csv
4.78565e+17,white_dwarf,22.683572,13.431057,0.000202604,425,51898,211,STAR,WD,C:\Users\Harshit\OneDrive\Desktop\stellar-spectra-ai\data\raw\white_dwarf\spec-0425-51898-0211.fits,C:\Users\Harshit\OneDrive\Desktop\stellar-spectra-ai\data\catalog\white_dwarfs.csv
4.78581e+17,white_dwarf,21.623668,13.751782,0.000133107,425,51898,267,STAR,WD,C:\Users\Harshit\OneDrive\Desktop\stellar-spectra-ai\data\raw\white_dwarf\spec-0425-51898-0267.fits,C:\Users\Harshit\OneDrive\Desktop\stellar-spectra-ai\data\catalog\white_dwarfs.csv
4.78586e+17,white_dwarf,21.674668,13.427003,-0.000235828,425,51898,286,STAR,WD,C:\Users\Harshit\OneDrive\Desktop\stellar-spectra-ai\data\raw\white_dwarf\spec-0425-51898-0286.fits,C:\Users\Harshit\OneDrive\Desktop\stellar-spectra-ai\data\catalog\white_dwarfs.csv
4.78588e+17,white_dwarf,21.79981,13.585068,0.000287742,425,51898,293,STAR,WD,C:\Users\Harshit\OneDrive\Desktop\stellar-spectra-ai\data\raw\white_dwarf\spec-0425-51898-0293.fits,C:\Users\Harshit\OneDrive\Desktop\stellar-spectra-ai\data\catalog\white_dwarfs.csv
4.78602e+17,white_dwarf,21.525154,14.679469,0.000247222,425,51898,342,STAR,WD,C:\Users\Harshit\OneDrive\Desktop\stellar-spectra-ai\data\raw\white_dwarf\spec-0425-51898-0342.fits,C:\Users\Harshit\OneDrive\Desktop\stellar-spectra-ai\data\catalog\white_dwarfs.csv
4.78605e+17,white_dwarf,21.36806,14.450341,-8.01e-05,425,51898,353,STAR,WD,C:\Users\Harshit\OneDrive\Desktop\stellar-spectra-ai\data\raw\white_dwarf\spec-0425-51898-0353.fits,C:\Users\Harshit\OneDrive\Desktop\stellar-spectra-ai\data\catalog\white_dwarfs.csv
4.78615e+17,white_dwarf,21.894318,14.539238,-0.000411039,425,51898,391,STAR,WD,C:\Users\Harshit\OneDrive\Desktop\stellar-spectra-ai\data\raw\white_dwarf\spec-0425-51898-0391.fits,C:\Users\Harshit\OneDrive\Desktop\stellar-spectra-ai\data\catalog\white_dwarfs.csv
5.91235e+17,white_dwarf,198.40204,2.8769308,-0.000439829,525,52295,501,STAR,WD,C:\Users\Harshit\OneDrive\Desktop\stellar-spectra-ai\data\raw\white_dwarf\spec-0525-52295-0501.fits,C:\Users\Harshit\OneDrive\Desktop\stellar-spectra-ai\data\catalog\white_dwarfs.csv
6.04699e+17,white_dwarf,220.73868,2.9899225,-0.000116226,537,52027,330,STAR,WD,C:\Users\Harshit\OneDrive\Desktop\stellar-spectra-ai\data\raw\white_dwarf\spec-0537-52027-0330.fits,C:\Users\Harshit\OneDrive\Desktop\stellar-spectra-ai\data\catalog\white_dwarfs.csv
6.04715e+17,white_dwarf,220.67503,2.246814,-0.000112405,537,52027,387,STAR,WD,C:\Users\Harshit\OneDrive\Desktop\stellar-spectra-ai\data\raw\white_dwarf\spec-0537-52027-0387.fits,C:\Users\Harshit\OneDrive\Desktop\stellar-spectra-ai\data\catalog\white_dwarfs.csv
6.04721e+17,white_dwarf,221.33724,2.9404495,-0.000799428,537,52027,409,STAR,WD,C:\Users\Harshit\OneDrive\Desktop\stellar-spectra-ai\data\raw\white_dwarf\spec-0537-52027-0409.fits,C:\Users\Harshit\OneDrive\Desktop\stellar-spectra-ai\data\catalog\white_dwarfs.csv
6.04756e+17,white_dwarf,222.20678,2.6735989,-0.000130547,537,52027,538,STAR,WD,C:\Users\Harshit\OneDrive\Desktop\stellar-spectra-ai\data\raw\white_dwarf\spec-0537-52027-0538.fits,C:\Users\Harshit\OneDrive\Desktop\stellar-spectra-ai\data\catalog\white_dwarfs.csv
6.04764e+17,white_dwarf,222.3947,2.9173956,-0.001018167,537,52027,566,STAR,WD,C:\Users\Harshit\OneDrive\Desktop\stellar-spectra-ai\data\raw\white_dwarf\spec-0537-52027-0566.fits,C:\Users\Harshit\OneDrive\Desktop\stellar-spectra-ai\data\catalog\white_dwarfs.csv
6.04765e+17,white_dwarf,222.40172,2.7766673,-0.000115667,537,52027,570,STAR,WD,C:\Users\Harshit\OneDrive\Desktop\stellar-spectra-ai\data\raw\white_dwarf\spec-0537-52027-0570.fits,C:\Users\Harshit\OneDrive\Desktop\stellar-spectra-ai\data\catalog\white_dwarfs.csv
6.04769e+17,white_dwarf,222.33824,2.3622326,2.04e-05,537,52027,586,STAR,WD,C:\Users\Harshit\OneDrive\Desktop\stellar-spectra-ai\data\raw\white_dwarf\spec-0537-52027-0586.fits,C:\Users\Harshit\OneDrive\Desktop\stellar-spectra-ai\data\catalog\white_dwarfs.csv
6.04772e+17,white_dwarf,222.5003,2.299461,-3.79e-05,537,52027,596,STAR,WD,C:\Users\Harshit\OneDrive\Desktop\stellar-spectra-ai\data\raw\white_dwarf\spec-0537-52027-0596.fits,C:\Users\Harshit\OneDrive\Desktop\stellar-spectra-ai\data\catalog\white_dwarfs.csv
6.0478e+17,white_dwarf,222.80488,2.336278,-9.19e-05,537,52027,623,STAR,WD,C:\Users\Harshit\OneDrive\Desktop\stellar-spectra-ai\data\raw\white_dwarf\spec-0537-52027-0623.fits,C:\Users\Harshit\OneDrive\Desktop\stellar-spectra-ai\data\catalog\white_dwarfs.csv
6.04783e+17,white_dwarf,222.93913,2.4329073,-0.000550884,537,52027,635,STAR,WD,C:\Users\Harshit\OneDrive\Desktop\stellar-spectra-ai\data\raw\white_dwarf\spec-0537-52027-0635.fits,C:\Users\Harshit\OneDrive\Desktop\stellar-spectra-ai\data\catalog\white_dwarfs.csv
6.15958e+17,white_dwarf,123.23454,44.135421,0.000320461,547,51959,330,STAR,WD,C:\Users\Harshit\OneDrive\Desktop\stellar-spectra-ai\data\raw\white_dwarf\spec-0547-51959-0330.fits,C:\Users\Harshit\OneDrive\Desktop\stellar-spectra-ai\data\catalog\white_dwarfs.csv
6.15963e+17,white_dwarf,123.8823,44.619514,0.000268237,547,51959,350,STAR,WD,C:\Users\Harshit\OneDrive\Desktop\stellar-spectra-ai\data\raw\white_dwarf\spec-0547-51959-0350.fits,C:\Users\Harshit\OneDrive\Desktop\stellar-spectra-ai\data\catalog\white_dwarfs.csv
6.15972e+17,white_dwarf,124.27709,45.057456,-0.000162917,547,51959,382,STAR,WD,C:\Users\Harshit\OneDrive\Desktop\stellar-spectra-ai\data\raw\white_dwarf\spec-0547-51959-0382.fits,C:\Users\Harshit\OneDrive\Desktop\stellar-spectra-ai\data\catalog\white_dwarfs.csv
6.1599e+17,white_dwarf,124.28517,44.268927,-0.001056154,547,51959,445,STAR,WD,C:\Users\Harshit\OneDrive\Desktop\stellar-spectra-ai\data\raw\white_dwarf\spec-0547-51959-0445.fits,C:\Users\Harshit\OneDrive\Desktop\stellar-spectra-ai\data\catalog\white_dwarfs.csv
6.83525e+17,white_dwarf,216.86793,61.174011,0.000552188,607,52368,379,STAR,CarbonWD,C:\Users\Harshit\OneDrive\Desktop\stellar-spectra-ai\data\raw\white_dwarf\spec-0607-52368-0379.fits,C:\Users\Harshit\OneDrive\Desktop\stellar-spectra-ai\data\catalog\white_dwarfs.csv
6.89174e+17,white_dwarf,228.56462,58.737672,-0.000347304,612,52079,449,STAR,WD,C:\Users\Harshit\OneDrive\Desktop\stellar-spectra-ai\data\raw\white_dwarf\spec-0612-52079-0449.fits,C:\Users\Harshit\OneDrive\Desktop\stellar-spectra-ai\data\catalog\white_dwarfs.csv
6.89178e+17,white_dwarf,228.4118,57.655597,-0.000201447,612,52079,463,STAR,WD,C:\Users\Harshit\OneDrive\Desktop\stellar-spectra-ai\data\raw\white_dwarf\spec-0612-52079-0463.fits,C:\Users\Harshit\OneDrive\Desktop\stellar-spectra-ai\data\catalog\white_dwarfs.csv
6.89214e+17,white_dwarf,230.06554,57.604857,-0.000324826,612,52079,592,STAR,WD,C:\Users\Harshit\OneDrive\Desktop\stellar-spectra-ai\data\raw\white_dwarf\spec-0612-52079-0592.fits,C:\Users\Harshit\OneDrive\Desktop\stellar-spectra-ai\data\catalog\white_dwarfs.csv
6.98131e+17,white_dwarf,239.89977,49.968862,-0.000147325,620,52375,267,STAR,WD,C:\Users\Harshit\OneDrive\Desktop\stellar-spectra-ai\data\raw\white_dwarf\spec-0620-52375-0267.fits,C:\Users\Harshit\OneDrive\Desktop\stellar-spectra-ai\data\catalog\white_dwarfs.csv
7.02736e+17,white_dwarf,246.55837,47.644688,-0.000490785,624,52377,634,STAR,WD,C:\Users\Harshit\OneDrive\Desktop\stellar-spectra-ai\data\raw\white_dwarf\spec-0624-52377-0634.fits,C:\Users\Harshit\OneDrive\Desktop\stellar-spectra-ai\data\catalog\white_dwarfs.csv
6.37268e+17,white_dwarf,137.82679,3.1791958,-1.18e-05,566,52238,31,STAR,WD,C:\Users\Harshit\OneDrive\Desktop\stellar-spectra-ai\data\raw\white_dwarf\spec-0566-52238-0031.fits,C:\Users\Harshit\OneDrive\Desktop\stellar-spectra-ai\data\catalog\white_dwarfs.csv
6.37278e+17,white_dwarf,137.69726,2.9717232,-0.000187067,566,52238,66,STAR,WD,C:\Users\Harshit\OneDrive\Desktop\stellar-spectra-ai\data\raw\white_dwarf\spec-0566-52238-0066.fits,C:\Users\Harshit\OneDrive\Desktop\stellar-spectra-ai\data\catalog\white_dwarfs.csv
6.37318e+17,white_dwarf,136.29821,2.8174185,-5.36e-05,566,52238,214,STAR,WD,C:\Users\Harshit\OneDrive\Desktop\stellar-spectra-ai\data\raw\white_dwarf\spec-0566-52238-0214.fits,C:\Users\Harshit\OneDrive\Desktop\stellar-spectra-ai\data\catalog\white_dwarfs.csv
6.3732e+17,white_dwarf,136.26502,2.9296803,-7e-05,566,52238,220,STAR,WD,C:\Users\Harshit\OneDrive\Desktop\stellar-spectra-ai\data\raw\white_dwarf\spec-0566-52238-0220.fits,C:\Users\Harshit\OneDrive\Desktop\stellar-spectra-ai\data\catalog\white_dwarfs.csv
6.37327e+17,white_dwarf,136.08194,2.7579053,-2.19e-05,566,52238,245,STAR,WD,C:\Users\Harshit\OneDrive\Desktop\stellar-spectra-ai\data\raw\white_dwarf\spec-0566-52238-0245.fits,C:\Users\Harshit\OneDrive\Desktop\stellar-spectra-ai\data\catalog\white_dwarfs.csv
6.37335e+17,white_dwarf,135.74232,3.3409509,3.11e-06,566,52238,275,STAR,WD,C:\Users\Harshit\OneDrive\Desktop\stellar-spectra-ai\data\raw\white_dwarf\spec-0566-52238-0275.fits,C:\Users\Harshit\OneDrive\Desktop\stellar-spectra-ai\data\catalog\white_dwarfs.csv
6.37339e+17,white_dwarf,135.7371,2.8787548,0.000120363,566,52238,291,STAR,WD,C:\Users\Harshit\OneDrive\Desktop\stellar-spectra-ai\data\raw\white_dwarf\spec-0566-52238-0291.fits,C:\Users\Harshit\OneDrive\Desktop\stellar-spectra-ai\data\catalog\white_dwarfs.csv
6.37362e+17,white_dwarf,135.85245,3.828154,-0.000394204,566,52238,373,STAR,WD,C:\Users\Harshit\OneDrive\Desktop\stellar-spectra-ai\data\raw\white_dwarf\spec-0566-52238-0373.fits,C:\Users\Harshit\OneDrive\Desktop\stellar-spectra-ai\data\catalog\white_dwarfs.csv
6.37364e+17,white_dwarf,136.01452,3.9170011,0.000196716,566,52238,380,STAR,WD,C:\Users\Harshit\OneDrive\Desktop\stellar-spectra-ai\data\raw\white_dwarf\spec-0566-52238-0380.fits,C:\Users\Harshit\OneDrive\Desktop\stellar-spectra-ai\data\catalog\white_dwarfs.csv
6.46324e+17,white_dwarf,153.70209,2.8616419,0.000272747,574,52355,210,STAR,WD,C:\Users\Harshit\OneDrive\Desktop\stellar-spectra-ai\data\raw\white_dwarf\spec-0574-52355-0210.fits,C:\Users\Harshit\OneDrive\Desktop\stellar-spectra-ai\data\catalog\white_dwarfs.csv
6.46326e+17,white_dwarf,153.57858,3.5297893,-5.42e-06,574,52355,217,STAR,WD,C:\Users\Harshit\OneDrive\Desktop\stellar-spectra-ai\data\raw\white_dwarf\spec-0574-52355-0217.fits,C:\Users\Harshit\OneDrive\Desktop\stellar-spectra-ai\data\catalog\white_dwarfs.csv
6.46329e+17,white_dwarf,153.57903,3.9498176,-0.0002439,574,52355,227,STAR,WD,C:\Users\Harshit\OneDrive\Desktop\stellar-spectra-ai\data\raw\white_dwarf\spec-0574-52355-0227.fits,C:\Users\Harshit\OneDrive\Desktop\stellar-spectra-ai\data\catalog\white_dwarfs.csv
6.50917e+17,white_dwarf,160.84576,5.2099584,0.000503281,578,52339,534,STAR,WD,C:\Users\Harshit\OneDrive\Desktop\stellar-spectra-ai\data\raw\white_dwarf\spec-0578-52339-0534.fits,C:\Users\Harshit\OneDrive\Desktop\stellar-spectra-ai\data\catalog\white_dwarfs.csv
6.50938e+17,white_dwarf,161.90934,5.3889788,-0.000507004,578,52339,609,STAR,WD,C:\Users\Harshit\OneDrive\Desktop\stellar-spectra-ai\data\raw\white_dwarf\spec-0578-52339-0609.fits,C:\Users\Harshit\OneDrive\Desktop\stellar-spectra-ai\data\catalog\white_dwarfs.csv
6.55386e+17,white_dwarf,211.60175,5.5112794,-0.00025087,582,52045,410,STAR,WD,C:\Users\Harshit\OneDrive\Desktop\stellar-spectra-ai\data\raw\white_dwarf\spec-0582-52045-0410.fits,C:\Users\Harshit\OneDrive\Desktop\stellar-spectra-ai\data\catalog\white_dwarfs.csv
6.55425e+17,white_dwarf,212.2478,4.7651995,2.66e-06,582,52045,551,STAR,WD,C:\Users\Harshit\OneDrive\Desktop\stellar-spectra-ai\data\raw\white_dwarf\spec-0582-52045-0551.fits,C:\Users\Harshit\OneDrive\Desktop\stellar-spectra-ai\data\catalog\white_dwarfs.csv
6.55437e+17,white_dwarf,212.70619,4.8477679,9.02e-05,582,52045,593,STAR,WD,C:\Users\Harshit\OneDrive\Desktop\stellar-spectra-ai\data\raw\white_dwarf\spec-0582-52045-0593.fits,C:\Users\Harshit\OneDrive\Desktop\stellar-spectra-ai\data\catalog\white_dwarfs.csv
6.55449e+17,white_dwarf,212.99991,4.6809685,-0.000362957,582,52045,638,STAR,WD,C:\Users\Harshit\OneDrive\Desktop\stellar-spectra-ai\data\raw\white_dwarf\spec-0582-52045-0638.fits,C:\Users\Harshit\OneDrive\Desktop\stellar-spectra-ai\data\catalog\white_dwarfs.csv
6.56451e+17,white_dwarf,213.53336,3.9889932,-3.53e-05,583,52055,186,STAR,WD,C:\Users\Harshit\OneDrive\Desktop\stellar-spectra-ai\data\raw\white_dwarf\spec-0583-52055-0186.fits,C:\Users\Harshit\OneDrive\Desktop\stellar-spectra-ai\data\catalog\white_dwarfs.csv
6.63225e+17,white_dwarf,225.09757,3.1517356,-0.000392514,589,52055,255,STAR,WD,C:\Users\Harshit\OneDrive\Desktop\stellar-spectra-ai\data\raw\white_dwarf\spec-0589-52055-0255.fits,C:\Users\Harshit\OneDrive\Desktop\stellar-spectra-ai\data\catalog\white_dwarfs.csv
8.54625e+17,white_dwarf,122.09976,38.88808,-0.000193702,759,52254,242,STAR,WD,C:\Users\Harshit\OneDrive\Desktop\stellar-spectra-ai\data\raw\white_dwarf\spec-0759-52254-0242.fits,C:\Users\Harshit\OneDrive\Desktop\stellar-spectra-ai\data\catalog\white_dwarfs.csv
8.5463e+17,white_dwarf,122.12735,39.173488,0.000379304,759,52254,260,STAR,WD,C:\Users\Harshit\OneDrive\Desktop\stellar-spectra-ai\data\raw\white_dwarf\spec-0759-52254-0260.fits,C:\Users\Harshit\OneDrive\Desktop\stellar-spectra-ai\data\catalog\white_dwarfs.csv
8.54649e+17,white_dwarf,121.38435,39.590292,0.000153861,759,52254,330,STAR,WD,C:\Users\Harshit\OneDrive\Desktop\stellar-spectra-ai\data\raw\white_dwarf\spec-0759-52254-0330.fits,C:\Users\Harshit\OneDrive\Desktop\stellar-spectra-ai\data\catalog\white_dwarfs.csv
8.54652e+17,white_dwarf,122.40872,40.010663,-5.39e-06,759,52254,343,STAR,WD,C:\Users\Harshit\OneDrive\Desktop\stellar-spectra-ai\data\raw\white_dwarf\spec-0759-52254-0343.fits,C:\Users\Harshit\OneDrive\Desktop\stellar-spectra-ai\data\catalog\white_dwarfs.csv
8.65837e+17,white_dwarf,149.10576,54.146776,-0.000193078,769,54530,72,STAR,WD,C:\Users\Harshit\OneDrive\Desktop\stellar-spectra-ai\data\raw\white_dwarf\spec-0769-54530-0072.fits,C:\Users\Harshit\OneDrive\Desktop\stellar-spectra-ai\data\catalog\white_dwarfs.csv
8.65839e+17,white_dwarf,149.01373,54.151958,0.000121191,769,54530,78,STAR,WD,C:\Users\Harshit\OneDrive\Desktop\stellar-spectra-ai\data\raw\white_dwarf\spec-0769-54530-0078.fits,C:\Users\Harshit\OneDrive\Desktop\stellar-spectra-ai\data\catalog\white_dwarfs.csv
8.65841e+17,white_dwarf,147.91315,53.140249,-0.000106574,769,54530,88,STAR,WD,C:\Users\Harshit\OneDrive\Desktop\stellar-spectra-ai\data\raw\white_dwarf\spec-0769-54530-0088.fits,C:\Users\Harshit\OneDrive\Desktop\stellar-spectra-ai\data\catalog\white_dwarfs.csv
8.68181e+17,white_dwarf,152.6147,62.722304,-0.000409766,771,52370,407,STAR,WD,C:\Users\Harshit\OneDrive\Desktop\stellar-spectra-ai\data\raw\white_dwarf\spec-0771-52370-0407.fits,C:\Users\Harshit\OneDrive\Desktop\stellar-spectra-ai\data\catalog\white_dwarfs.csv
8.68202e+17,white_dwarf,153.34506,61.712866,0.000244019,771,52370,486,STAR,WD,C:\Users\Harshit\OneDrive\Desktop\stellar-spectra-ai\data\raw\white_dwarf\spec-0771-52370-0486.fits,C:\Users\Harshit\OneDrive\Desktop\stellar-spectra-ai\data\catalog\white_dwarfs.csv
8.59099e+17,white_dwarf,131.17176,44.798876,-0.00040846,763,52235,137,STAR,WD,C:\Users\Harshit\OneDrive\Desktop\stellar-spectra-ai\data\raw\white_dwarf\spec-0763-52235-0137.fits,C:\Users\Harshit\OneDrive\Desktop\stellar-spectra-ai\data\catalog\white_dwarfs.csv
8.59102e+17,white_dwarf,131.70015,45.216314,-0.00015486,763,52235,148,STAR,WD,C:\Users\Harshit\OneDrive\Desktop\stellar-spectra-ai\data\raw\white_dwarf\spec-0763-52235-0148.fits,C:\Users\Harshit\OneDrive\Desktop\stellar-spectra-ai\data\catalog\white_dwarfs.csv
8.59108e+17,white_dwarf,131.24086,45.609115,-1.73e-05,763,52235,168,STAR,WD,C:\Users\Harshit\OneDrive\Desktop\stellar-spectra-ai\data\raw\white_dwarf\spec-0763-52235-0168.fits,C:\Users\Harshit\OneDrive\Desktop\stellar-spectra-ai\data\catalog\white_dwarfs.csv
8.59127e+17,white_dwarf,130.24026,45.585843,2.5e-06,763,52235,238,STAR,WD,C:\Users\Harshit\OneDrive\Desktop\stellar-spectra-ai\data\raw\white_dwarf\spec-0763-52235-0238.fits,C:\Users\Harshit\OneDrive\Desktop\stellar-spectra-ai\data\catalog\white_dwarfs.csv
8.69333e+17,white_dwarf,157.46517,62.841581,0.000269775,772,52375,502,STAR,WD,C:\Users\Harshit\OneDrive\Desktop\stellar-spectra-ai\data\raw\white_dwarf\spec-0772-52375-0502.fits,C:\Users\Harshit\OneDrive\Desktop\stellar-spectra-ai\data\catalog\white_dwarfs.csv
8.69362e+17,white_dwarf,158.45949,63.270747,-0.000396577,772,52375,609,STAR,WD,C:\Users\Harshit\OneDrive\Desktop\stellar-spectra-ai\data\raw\white_dwarf\spec-0772-52375-0609.fits,C:\Users\Harshit\OneDrive\Desktop\stellar-spectra-ai\data\catalog\white_dwarfs.csv
8.70322e+17,white_dwarf,162.40105,62.084525,-0.000108556,773,52376,4,STAR,WD,C:\Users\Harshit\OneDrive\Desktop\stellar-spectra-ai\data\raw\white_dwarf\spec-0773-52376-0004.fits,C:\Users\Harshit\OneDrive\Desktop\stellar-spectra-ai\data\catalog\white_dwarfs.csv
8.70333e+17,white_dwarf,161.41058,61.828052,-0.000203634,773,52376,44,STAR,WD,C:\Users\Harshit\OneDrive\Desktop\stellar-spectra-ai\data\raw\white_dwarf\spec-0773-52376-0044.fits,C:\Users\Harshit\OneDrive\Desktop\stellar-spectra-ai\data\catalog\white_dwarfs.csv
8.7034e+17,white_dwarf,161.84117,62.656887,-0.000138588,773,52376,72,STAR,WD,C:\Users\Harshit\OneDrive\Desktop\stellar-spectra-ai\data\raw\white_dwarf\spec-0773-52376-0072.fits,C:\Users\Harshit\OneDrive\Desktop\stellar-spectra-ai\data\catalog\white_dwarfs.csv
8.70372e+17,white_dwarf,160.13995,62.682432,0.000135497,773,52376,188,STAR,WD,C:\Users\Harshit\OneDrive\Desktop\stellar-spectra-ai\data\raw\white_dwarf\spec-0773-52376-0188.fits,C:\Users\Harshit\OneDrive\Desktop\stellar-spectra-ai\data\catalog\white_dwarfs.csv
8.70379e+17,white_dwarf,160.18521,62.153595,0.000572815,773,52376,213,STAR,WD,C:\Users\Harshit\OneDrive\Desktop\stellar-spectra-ai\data\raw\white_dwarf\spec-0773-52376-0213.fits,C:\Users\Harshit\OneDrive\Desktop\stellar-spectra-ai\data\catalog\white_dwarfs.csv
8.71604e+17,white_dwarf,167.04566,62.220538,0.000109257,774,52286,572,STAR,WD,C:\Users\Harshit\OneDrive\Desktop\stellar-spectra-ai\data\raw\white_dwarf\spec-0774-52286-0572.fits,C:\Users\Harshit\OneDrive\Desktop\stellar-spectra-ai\data\catalog\white_dwarfs.csv
3.10768e+17,white_dwarf,164.05133,-0.10601633,-4.94e-05,276,51909,73,STAR,WD,C:\Users\Harshit\OneDrive\Desktop\stellar-spectra-ai\data\raw\white_dwarf\spec-0276-51909-0073.fits,C:\Users\Harshit\OneDrive\Desktop\stellar-spectra-ai\data\catalog\white_dwarfs.csv
3.10775e+17,white_dwarf,163.52396,-1.192494,0.000233638,276,51909,97,STAR,WD,C:\Users\Harshit\OneDrive\Desktop\stellar-spectra-ai\data\raw\white_dwarf\spec-0276-51909-0097.fits,C:\Users\Harshit\OneDrive\Desktop\stellar-spectra-ai\data\catalog\white_dwarfs.csv
3.1083e+17,white_dwarf,162.68729,-0.79122453,0.000206253,276,51909,298,STAR,WD,C:\Users\Harshit\OneDrive\Desktop\stellar-spectra-ai\data\raw\white_dwarf\spec-0276-51909-0298.fits,C:\Users\Harshit\OneDrive\Desktop\stellar-spectra-ai\data\catalog\white_dwarfs.csv
3.10911e+17,white_dwarf,164.36589,0.35519549,2.28e-05,276,51909,593,STAR,WD,C:\Users\Harshit\OneDrive\Desktop\stellar-spectra-ai\data\raw\white_dwarf\spec-0276-51909-0593.fits,C:\Users\Harshit\OneDrive\Desktop\stellar-spectra-ai\data\catalog\white_dwarfs.csv
3.11881e+17,white_dwarf,166.65299,-0.1895481,-0.000251342,277,51908,25,STAR,WD,C:\Users\Harshit\OneDrive\Desktop\stellar-spectra-ai\data\raw\white_dwarf\spec-0277-51908-0025.fits,C:\Users\Harshit\OneDrive\Desktop\stellar-spectra-ai\data\catalog\white_dwarfs.csv
3.11892e+17,white_dwarf,166.08348,-0.60783666,-0.000104588,277,51908,66,STAR,WD,C:\Users\Harshit\OneDrive\Desktop\stellar-spectra-ai\data\raw\white_dwarf\spec-0277-51908-0066.fits,C:\Users\Harshit\OneDrive\Desktop\stellar-spectra-ai\data\catalog\white_dwarfs.csv
3.11938e+17,white_dwarf,165.25928,-0.092776727,0.000450549,277,51908,232,STAR,WD,C:\Users\Harshit\OneDrive\Desktop\stellar-spectra-ai\data\raw\white_dwarf\spec-0277-51908-0232.fits,C:\Users\Harshit\OneDrive\Desktop\stellar-spectra-ai\data\catalog\white_dwarfs.csv
3.11949e+17,white_dwarf,164.66699,-0.084146857,0.000775587,277,51908,271,STAR,WD,C:\Users\Harshit\OneDrive\Desktop\stellar-spectra-ai\data\raw\white_dwarf\spec-0277-51908-0271.fits,C:\Users\Harshit\OneDrive\Desktop\stellar-spectra-ai\data\catalog\white_dwarfs.csv
3.1762e+17,white_dwarf,173.47551,0.3126886,-5.61e-05,282,51658,423,STAR,WD,C:\Users\Harshit\OneDrive\Desktop\stellar-spectra-ai\data\raw\white_dwarf\spec-0282-51658-0423.fits,C:\Users\Harshit\OneDrive\Desktop\stellar-spectra-ai\data\catalog\white_dwarfs.csv
3.17651e+17,white_dwarf,174.06205,0.8519236,0.000112337,282,51658,537,STAR,WD,C:\Users\Harshit\OneDrive\Desktop\stellar-spectra-ai\data\raw\white_dwarf\spec-0282-51658-0537.fits,C:\Users\Harshit\OneDrive\Desktop\stellar-spectra-ai\data\catalog\white_dwarfs.csv
3.18662e+17,white_dwarf,176.83503,-0.4015726,1.63e-05,283,51959,117,STAR,WD,C:\Users\Harshit\OneDrive\Desktop\stellar-spectra-ai\data\raw\white_dwarf\spec-0283-51959-0117.fits,C:\Users\Harshit\OneDrive\Desktop\stellar-spectra-ai\data\catalog\white_dwarfs.csv
3.18669e+17,white_dwarf,176.53637,-0.41087837,-0.000150059,283,51959,142,STAR,WD,C:\Users\Harshit\OneDrive\Desktop\stellar-spectra-ai\data\raw\white_dwarf\spec-0283-51959-0142.fits,C:\Users\Harshit\OneDrive\Desktop\stellar-spectra-ai\data\catalog\white_dwarfs.csv
3.1867e+17,white_dwarf,176.60193,-0.47301868,0.000148663,283,51959,145,STAR,WD,C:\Users\Harshit\OneDrive\Desktop\stellar-spectra-ai\data\raw\white_dwarf\spec-0283-51959-0145.fits,C:\Users\Harshit\OneDrive\Desktop\stellar-spectra-ai\data\catalog\white_dwarfs.csv
5.36092e+17,white_dwarf,145.05371,-0.002745005,-0.000164208,476,52314,597,STAR,WD,C:\Users\Harshit\OneDrive\Desktop\stellar-spectra-ai\data\raw\white_dwarf\spec-0476-52314-0597.fits,C:\Users\Harshit\OneDrive\Desktop\stellar-spectra-ai\data\catalog\white_dwarfs.csv
5.36096e+17,white_dwarf,145.00112,0.86863924,-2.4e-05,476,52314,610,STAR,WD,C:\Users\Harshit\OneDrive\Desktop\stellar-spectra-ai\data\raw\white_dwarf\spec-0476-52314-0610.fits,C:\Users\Harshit\OneDrive\Desktop\stellar-spectra-ai\data\catalog\white_dwarfs.csv
5.36097e+17,white_dwarf,145.03222,0.44000631,-0.00012334,476,52314,614,STAR,WD,C:\Users\Harshit\OneDrive\Desktop\stellar-spectra-ai\data\raw\white_dwarf\spec-0476-52314-0614.fits,C:\Users\Harshit\OneDrive\Desktop\stellar-spectra-ai\data\catalog\white_dwarfs.csv
5.37063e+17,white_dwarf,146.12492,1.9791051,-8.46e-05,477,52026,32,STAR,WD,C:\Users\Harshit\OneDrive\Desktop\stellar-spectra-ai\data\raw\white_dwarf\spec-0477-52026-0032.fits,C:\Users\Harshit\OneDrive\Desktop\stellar-spectra-ai\data\catalog\white_dwarfs.csv
5.37067e+17,white_dwarf,145.42112,0.89586437,-0.00058281,477,52026,46,STAR,WD,C:\Users\Harshit\OneDrive\Desktop\stellar-spectra-ai\data\raw\white_dwarf\spec-0477-52026-0046.fits,C:\Users\Harshit\OneDrive\Desktop\stellar-spectra-ai\data\catalog\white_dwarfs.csv
5.37078e+17,white_dwarf,144.9944,1.277272,-3.61e-05,477,52026,85,STAR,WD,C:\Users\Harshit\OneDrive\Desktop\stellar-spectra-ai\data\raw\white_dwarf\spec-0477-52026-0085.fits,C:\Users\Harshit\OneDrive\Desktop\stellar-spectra-ai\data\catalog\white_dwarfs.csv
5.37084e+17,white_dwarf,145.704,1.7972396,4.01e-05,477,52026,107,STAR,WD,C:\Users\Harshit\OneDrive\Desktop\stellar-spectra-ai\data\raw\white_dwarf\spec-0477-52026-0107.fits,C:\Users\Harshit\OneDrive\Desktop\stellar-spectra-ai\data\catalog\white_dwarfs.csv
5.371e+17,white_dwarf,144.7703,2.0218921,-0.000487771,477,52026,166,STAR,WD,C:\Users\Harshit\OneDrive\Desktop\stellar-spectra-ai\data\raw\white_dwarf\spec-0477-52026-0166.fits,C:\Users\Harshit\OneDrive\Desktop\stellar-spectra-ai\data\catalog\white_dwarfs.csv
5.37126e+17,white_dwarf,144.04194,1.5015304,-0.000662184,477,52026,261,STAR,WD,C:\Users\Harshit\OneDrive\Desktop\stellar-spectra-ai\data\raw\white_dwarf\spec-0477-52026-0261.fits,C:\Users\Harshit\OneDrive\Desktop\stellar-spectra-ai\data\catalog\white_dwarfs.csv
5.37134e+17,white_dwarf,144.00391,1.3497947,-0.000265265,477,52026,291,STAR,WD,C:\Users\Harshit\OneDrive\Desktop\stellar-spectra-ai\data\raw\white_dwarf\spec-0477-52026-0291.fits,C:\Users\Harshit\OneDrive\Desktop\stellar-spectra-ai\data\catalog\white_dwarfs.csv
5.37149e+17,white_dwarf,143.73517,2.5225671,2.66e-05,477,52026,343,STAR,WD,C:\Users\Harshit\OneDrive\Desktop\stellar-spectra-ai\data\raw\white_dwarf\spec-0477-52026-0343.fits,C:\Users\Harshit\OneDrive\Desktop\stellar-spectra-ai\data\catalog\white_dwarfs.csv
5.5057e+17,white_dwarf,161.43613,64.562377,0.000246189,489,51930,19,STAR,WD,C:\Users\Harshit\OneDrive\Desktop\stellar-spectra-ai\data\raw\white_dwarf\spec-0489-51930-0019.fits,C:\Users\Harshit\OneDrive\Desktop\stellar-spectra-ai\data\catalog\white_dwarfs.csv
5.50577e+17,white_dwarf,159.66175,64.045728,0.00015068,489,51930,44,STAR,WD,C:\Users\Harshit\OneDrive\Desktop\stellar-spectra-ai\data\raw\white_dwarf\spec-0489-51930-0044.fits,C:\Users\Harshit\OneDrive\Desktop\stellar-spectra-ai\data\catalog\white_dwarfs.csv
5.50587e+17,white_dwarf,160.98601,65.0159,7.66e-05,489,51930,79,STAR,WD,C:\Users\Harshit\OneDrive\Desktop\stellar-spectra-ai\data\raw\white_dwarf\spec-0489-51930-0079.fits,C:\Users\Harshit\OneDrive\Desktop\stellar-spectra-ai\data\catalog\white_dwarfs.csv
5.64124e+17,white_dwarf,151.02099,1.7956275,-4.97e-05,501,52235,175,STAR,WD,C:\Users\Harshit\OneDrive\Desktop\stellar-spectra-ai\data\raw\white_dwarf\spec-0501-52235-0175.fits,C:\Users\Harshit\OneDrive\Desktop\stellar-spectra-ai\data\catalog\white_dwarfs.csv
5.64128e+17,white_dwarf,150.84896,1.6988978,1.39e-05,501,52235,191,STAR,WD,C:\Users\Harshit\OneDrive\Desktop\stellar-spectra-ai\data\raw\white_dwarf\spec-0501-52235-0191.fits,C:\Users\Harshit\OneDrive\Desktop\stellar-spectra-ai\data\catalog\white_dwarfs.csv
5.43827e+17,white_dwarf,135.05884,56.282405,-0.000649543,483,51924,62,STAR,WD,C:\Users\Harshit\OneDrive\Desktop\stellar-spectra-ai\data\raw\white_dwarf\spec-0483-51924-0062.fits,C:\Users\Harshit\OneDrive\Desktop\stellar-spectra-ai\data\catalog\white_dwarfs.csv
5.43926e+17,white_dwarf,134.55132,58.416574,8.64e-05,483,51924,422,STAR,WD,C:\Users\Harshit\OneDrive\Desktop\stellar-spectra-ai\data\raw\white_dwarf\spec-0483-51924-0422.fits,C:\Users\Harshit\OneDrive\Desktop\stellar-spectra-ai\data\catalog\white_dwarfs.csv
5.48488e+17,white_dwarf,152.162,63.440856,-0.000697473,487,51943,634,STAR,WD,C:\Users\Harshit\OneDrive\Desktop\stellar-spectra-ai\data\raw\white_dwarf\spec-0487-51943-0634.fits,C:\Users\Harshit\OneDrive\Desktop\stellar-spectra-ai\data\catalog\white_dwarfs.csv
5.5059e+17,white_dwarf,159.0889,64.127605,3.97e-05,489,51930,91,STAR,WD,C:\Users\Harshit\OneDrive\Desktop\stellar-spectra-ai\data\raw\white_dwarf\spec-0489-51930-0091.fits,C:\Users\Harshit\OneDrive\Desktop\stellar-spectra-ai\data\catalog\white_dwarfs.csv
5.50595e+17,white_dwarf,160.41833,64.940595,-3.32e-05,489,51930,109,STAR,WD,C:\Users\Harshit\OneDrive\Desktop\stellar-spectra-ai\data\raw\white_dwarf\spec-0489-51930-0109.fits,C:\Users\Harshit\OneDrive\Desktop\stellar-spectra-ai\data\catalog\white_dwarfs.csv
5.50629e+17,white_dwarf,157.27431,64.852273,-0.000214617,489,51930,234,STAR,WD,C:\Users\Harshit\OneDrive\Desktop\stellar-spectra-ai\data\raw\white_dwarf\spec-0489-51930-0234.fits,C:\Users\Harshit\OneDrive\Desktop\stellar-spectra-ai\data\catalog\white_dwarfs.csv
5.50634e+17,white_dwarf,157.50104,63.957658,-0.000160232,489,51930,251,STAR,WD,C:\Users\Harshit\OneDrive\Desktop\stellar-spectra-ai\data\raw\white_dwarf\spec-0489-51930-0251.fits,C:\Users\Harshit\OneDrive\Desktop\stellar-spectra-ai\data\catalog\white_dwarfs.csv
5.5064e+17,white_dwarf,156.78947,64.847338,-0.000151267,489,51930,273,STAR,WD,C:\Users\Harshit\OneDrive\Desktop\stellar-spectra-ai\data\raw\white_dwarf\spec-0489-51930-0273.fits,C:\Users\Harshit\OneDrive\Desktop\stellar-spectra-ai\data\catalog\white_dwarfs.csv
5.50662e+17,white_dwarf,155.78953,65.174361,6.72e-05,489,51930,353,STAR,WD,C:\Users\Harshit\OneDrive\Desktop\stellar-spectra-ai\data\raw\white_dwarf\spec-0489-51930-0353.fits,C:\Users\Harshit\OneDrive\Desktop\stellar-spectra-ai\data\catalog\white_dwarfs.csv
5.50673e+17,white_dwarf,156.86462,65.386841,1.17e-05,489,51930,393,STAR,WD,C:\Users\Harshit\OneDrive\Desktop\stellar-spectra-ai\data\raw\white_dwarf\spec-0489-51930-0393.fits,C:\Users\Harshit\OneDrive\Desktop\stellar-spectra-ai\data\catalog\white_dwarfs.csv
5.5068e+17,white_dwarf,158.59963,66.348011,5.31e-05,489,51930,417,STAR,WD,C:\Users\Harshit\OneDrive\Desktop\stellar-spectra-ai\data\raw\white_dwarf\spec-0489-51930-0417.fits,C:\Users\Harshit\OneDrive\Desktop\stellar-spectra-ai\data\catalog\white_dwarfs.csv
5.50694e+17,white_dwarf,158.53795,65.573624,-0.00030987,489,51930,468,STAR,WD,C:\Users\Harshit\OneDrive\Desktop\stellar-spectra-ai\data\raw\white_dwarf\spec-0489-51930-0468.fits,C:\Users\Harshit\OneDrive\Desktop\stellar-spectra-ai\data\catalog\white_dwarfs.csv
5.50701e+17,white_dwarf,158.80919,65.268314,-7.69e-05,489,51930,494,STAR,WD,C:\Users\Harshit\OneDrive\Desktop\stellar-spectra-ai\data\raw\white_dwarf\spec-0489-51930-0494.fits,C:\Users\Harshit\OneDrive\Desktop\stellar-spectra-ai\data\catalog\white_dwarfs.csv
5.50709e+17,white_dwarf,159.95085,66.644101,-0.000248825,489,51930,524,STAR,WD,C:\Users\Harshit\OneDrive\Desktop\stellar-spectra-ai\data\raw\white_dwarf\spec-0489-51930-0524.fits,C:\Users\Harshit\OneDrive\Desktop\stellar-spectra-ai\data\catalog\white_dwarfs.csv
5.50712e+17,white_dwarf,160.05085,66.088954,-5.42e-06,489,51930,535,STAR,WD,C:\Users\Harshit\OneDrive\Desktop\stellar-spectra-ai\data\raw\white_dwarf\spec-0489-51930-0535.fits,C:\Users\Harshit\OneDrive\Desktop\stellar-spectra-ai\data\catalog\white_dwarfs.csv
5.50713e+17,white_dwarf,159.4317,65.913347,-6.93e-05,489,51930,538,STAR,WD,C:\Users\Harshit\OneDrive\Desktop\stellar-spectra-ai\data\raw\white_dwarf\spec-0489-51930-0538.fits,C:\Users\Harshit\OneDrive\Desktop\stellar-spectra-ai\data\catalog\white_dwarfs.csv
5.5072e+17,white_dwarf,160.75676,66.486839,5.03e-05,489,51930,562,STAR,WD,C:\Users\Harshit\OneDrive\Desktop\stellar-spectra-ai\data\raw\white_dwarf\spec-0489-51930-0562.fits,C:\Users\Harshit\OneDrive\Desktop\stellar-spectra-ai\data\catalog\white_dwarfs.csv
4.9216e+17,white_dwarf,120.79838,42.974143,-0.000308945,437,51876,515,STAR,WD,C:\Users\Harshit\OneDrive\Desktop\stellar-spectra-ai\data\raw\white_dwarf\spec-0437-51876-0515.fits,C:\Users\Harshit\OneDrive\Desktop\stellar-spectra-ai\data\catalog\white_dwarfs.csv
5.77701e+17,white_dwarf,174.03938,2.9255977,-0.000138885,513,51989,415,STAR,WD,C:\Users\Harshit\OneDrive\Desktop\stellar-spectra-ai\data\raw\white_dwarf\spec-0513-51989-0415.fits,C:\Users\Harshit\OneDrive\Desktop\stellar-spectra-ai\data\catalog\white_dwarfs.csv
5.9001e+17,white_dwarf,196.27907,1.6963531,0.000551805,524,52027,138,STAR,WD,C:\Users\Harshit\OneDrive\Desktop\stellar-spectra-ai\data\raw\white_dwarf\spec-0524-52027-0138.fits,C:\Users\Harshit\OneDrive\Desktop\stellar-spectra-ai\data\catalog\white_dwarfs.csv
5.90011e+17,white_dwarf,196.33052,2.2948294,-0.000107752,524,52027,142,STAR,WD,C:\Users\Harshit\OneDrive\Desktop\stellar-spectra-ai\data\raw\white_dwarf\spec-0524-52027-0142.fits,C:\Users\Harshit\OneDrive\Desktop\stellar-spectra-ai\data\catalog\white_dwarfs.csv
5.90027e+17,white_dwarf,196.03184,2.4655572,7.45e-06,524,52027,200,STAR,WD,C:\Users\Harshit\OneDrive\Desktop\stellar-spectra-ai\data\raw\white_dwarf\spec-0524-52027-0200.fits,C:\Users\Harshit\OneDrive\Desktop\stellar-spectra-ai\data\catalog\white_dwarfs.csv
5.90032e+17,white_dwarf,195.95431,1.622859,0.000450313,524,52027,218,STAR,WD,C:\Users\Harshit\OneDrive\Desktop\stellar-spectra-ai\data\raw\white_dwarf\spec-0524-52027-0218.fits,C:\Users\Harshit\OneDrive\Desktop\stellar-spectra-ai\data\catalog\white_dwarfs.csv
5.90034e+17,white_dwarf,195.75794,1.8352795,0.000266449,524,52027,226,STAR,WD,C:\Users\Harshit\OneDrive\Desktop\stellar-spectra-ai\data\raw\white_dwarf\spec-0524-52027-0226.fits,C:\Users\Harshit\OneDrive\Desktop\stellar-spectra-ai\data\catalog\white_dwarfs.csv
6.08111e+17,white_dwarf,227.69478,2.366455,-7.13e-05,540,51996,453,STAR,WD,C:\Users\Harshit\OneDrive\Desktop\stellar-spectra-ai\data\raw\white_dwarf\spec-0540-51996-0453.fits,C:\Users\Harshit\OneDrive\Desktop\stellar-spectra-ai\data\catalog\white_dwarfs.csv
6.0813e+17,white_dwarf,227.8206,2.6884501,0.000622146,540,51996,523,STAR,WD,C:\Users\Harshit\OneDrive\Desktop\stellar-spectra-ai\data\raw\white_dwarf\spec-0540-51996-0523.fits,C:\Users\Harshit\OneDrive\Desktop\stellar-spectra-ai\data\catalog\white_dwarfs.csv
6.08137e+17,white_dwarf,228.05033,1.8751296,-4.69e-05,540,51996,551,STAR,WD,C:\Users\Harshit\OneDrive\Desktop\stellar-spectra-ai\data\raw\white_dwarf\spec-0540-51996-0551.fits,C:\Users\Harshit\OneDrive\Desktop\stellar-spectra-ai\data\catalog\white_dwarfs.csv
5.93449e+17,white_dwarf,201.45554,3.4373411,-5.45e-05,527,52342,362,STAR,WD,C:\Users\Harshit\OneDrive\Desktop\stellar-spectra-ai\data\raw\white_dwarf\spec-0527-52342-0362.fits,C:\Users\Harshit\OneDrive\Desktop\stellar-spectra-ai\data\catalog\white_dwarfs.csv
5.93464e+17,white_dwarf,201.7321,3.5178187,-7.17e-05,527,52342,418,STAR,WD,C:\Users\Harshit\OneDrive\Desktop\stellar-spectra-ai\data\raw\white_dwarf\spec-0527-52342-0418.fits,C:\Users\Harshit\OneDrive\Desktop\stellar-spectra-ai\data\catalog\white_dwarfs.csv
5.99056e+17,white_dwarf,210.5324,1.3078445,-0.000322129,532,51993,282,STAR,WD,C:\Users\Harshit\OneDrive\Desktop\stellar-spectra-ai\data\raw\white_dwarf\spec-0532-51993-0282.fits,C:\Users\Harshit\OneDrive\Desktop\stellar-spectra-ai\data\catalog\white_dwarfs.csv
5.99059e+17,white_dwarf,211.27576,1.3975839,4.19e-05,532,51993,293,STAR,WD,C:\Users\Harshit\OneDrive\Desktop\stellar-spectra-ai\data\raw\white_dwarf\spec-0532-51993-0293.fits,C:\Users\Harshit\OneDrive\Desktop\stellar-spectra-ai\data\catalog\white_dwarfs.csv
5.99082e+17,white_dwarf,211.17094,3.2975592,-0.000298527,532,51993,375,STAR,WD,C:\Users\Harshit\OneDrive\Desktop\stellar-spectra-ai\data\raw\white_dwarf\spec-0532-51993-0375.fits,C:\Users\Harshit\OneDrive\Desktop\stellar-spectra-ai\data\catalog\white_dwarfs.csv
5.99095e+17,white_dwarf,211.46154,2.4498117,-0.000278905,532,51993,424,STAR,WD,C:\Users\Harshit\OneDrive\Desktop\stellar-spectra-ai\data\raw\white_dwarf\spec-0532-51993-0424.fits,C:\Users\Harshit\OneDrive\Desktop\stellar-spectra-ai\data\catalog\white_dwarfs.csv
5.99101e+17,white_dwarf,211.75985,2.8625666,-0.000195089,532,51993,444,STAR,WD,C:\Users\Harshit\OneDrive\Desktop\stellar-spectra-ai\data\raw\white_dwarf\spec-0532-51993-0444.fits,C:\Users\Harshit\OneDrive\Desktop\stellar-spectra-ai\data\catalog\white_dwarfs.csv
5.99132e+17,white_dwarf,212.57836,2.4280526,-8.54e-05,532,51993,559,STAR,WD,C:\Users\Harshit\OneDrive\Desktop\stellar-spectra-ai\data\raw\white_dwarf\spec-0532-51993-0559.fits,C:\Users\Harshit\OneDrive\Desktop\stellar-spectra-ai\data\catalog\white_dwarfs.csv
2.9949e+17,quasar,146.90229,-0.98491332,0.6524171,266,51630,3,QSO,BROADLINE,C:\Users\Harshit\OneDrive\Desktop\stellar-spectra-ai\data\raw\quasar\spec-0266-51630-0003.fits,C:\Users\Harshit\OneDrive\Desktop\stellar-spectra-ai\data\catalog\quasars.csv
2.99505e+17,quasar,146.438,-0.65600998,1.473592,266,51630,58,QSO,BROADLINE,C:\Users\Harshit\OneDrive\Desktop\stellar-spectra-ai\data\raw\quasar\spec-0266-51630-0058.fits,C:\Users\Harshit\OneDrive\Desktop\stellar-spectra-ai\data\catalog\quasars.csv
2.99511e+17,quasar,146.76383,0.041421411,1.772007,266,51630,80,QSO,BROADLINE,C:\Users\Harshit\OneDrive\Desktop\stellar-spectra-ai\data\raw\quasar\spec-0266-51630-0080.fits,C:\Users\Harshit\OneDrive\Desktop\stellar-spectra-ai\data\catalog\quasars.csv
2.99524e+17,quasar,145.89838,-0.72280608,0.2712803,266,51630,125,QSO,BROADLINE,C:\Users\Harshit\OneDrive\Desktop\stellar-spectra-ai\data\raw\quasar\spec-0266-51630-0125.fits,C:\Users\Harshit\OneDrive\Desktop\stellar-spectra-ai\data\catalog\quasars.csv
2.99526e+17,quasar,145.93986,-0.79011435,0.367843,266,51630,133,QSO,BROADLINE,C:\Users\Harshit\OneDrive\Desktop\stellar-spectra-ai\data\raw\quasar\spec-0266-51630-0133.fits,C:\Users\Harshit\OneDrive\Desktop\stellar-spectra-ai\data\catalog\quasars.csv
2.99534e+17,quasar,146.2918,-0.25947359,0.3253868,266,51630,161,QSO,BROADLINE,C:\Users\Harshit\OneDrive\Desktop\stellar-spectra-ai\data\raw\quasar\spec-0266-51630-0161.fits,C:\Users\Harshit\OneDrive\Desktop\stellar-spectra-ai\data\catalog\quasars.csv
2.99544e+17,quasar,145.9253,0.04879248,0.2884945,266,51630,200,QSO,BROADLINE,C:\Users\Harshit\OneDrive\Desktop\stellar-spectra-ai\data\raw\quasar\spec-0266-51630-0200.fits,C:\Users\Harshit\OneDrive\Desktop\stellar-spectra-ai\data\catalog\quasars.csv
2.99547e+17,quasar,145.74093,-0.78478748,1.36213,266,51630,208,QSO,BROADLINE,C:\Users\Harshit\OneDrive\Desktop\stellar-spectra-ai\data\raw\quasar\spec-0266-51630-0208.fits,C:\Users\Harshit\OneDrive\Desktop\stellar-spectra-ai\data\catalog\quasars.csv
2.99551e+17,quasar,145.74414,-0.04356676,1.615831,266,51630,225,QSO,BROADLINE,C:\Users\Harshit\OneDrive\Desktop\stellar-spectra-ai\data\raw\quasar\spec-0266-51630-0225.fits,C:\Users\Harshit\OneDrive\Desktop\stellar-spectra-ai\data\catalog\quasars.csv
2.99555e+17,quasar,145.76225,-0.21964896,1.584228,266,51630,238,QSO,BROADLINE,C:\Users\Harshit\OneDrive\Desktop\stellar-spectra-ai\data\raw\quasar\spec-0266-51630-0238.fits,C:\Users\Harshit\OneDrive\Desktop\stellar-spectra-ai\data\catalog\quasars.csv
2.99559e+17,quasar,145.46519,-1.0644753,0.3395857,266,51630,252,QSO,STARBURST BROADLINE,C:\Users\Harshit\OneDrive\Desktop\stellar-spectra-ai\data\raw\quasar\spec-0266-51630-0252.fits,C:\Users\Harshit\OneDrive\Desktop\stellar-spectra-ai\data\catalog\quasars.csv
2.99567e+17,quasar,145.19927,-1.2327324,1.878727,266,51630,282,QSO,BROADLINE,C:\Users\Harshit\OneDrive\Desktop\stellar-spectra-ai\data\raw\quasar\spec-0266-51630-0282.fits,C:\Users\Harshit\OneDrive\Desktop\stellar-spectra-ai\data\catalog\quasars.csv
2.9957e+17,quasar,145.24564,-0.64077363,1.163653,266,51630,294,QSO,BROADLINE,C:\Users\Harshit\OneDrive\Desktop\stellar-spectra-ai\data\raw\quasar\spec-0266-51630-0294.fits,C:\Users\Harshit\OneDrive\Desktop\stellar-spectra-ai\data\catalog\quasars.csv
2.99575e+17,quasar,145.19933,-0.28622504,0.6515839,266,51630,313,QSO,BROADLINE,C:\Users\Harshit\OneDrive\Desktop\stellar-spectra-ai\data\raw\quasar\spec-0266-51630-0313.fits,C:\Users\Harshit\OneDrive\Desktop\stellar-spectra-ai\data\catalog\quasars.csv
2.99578e+17,quasar,145.21389,1.1517021,1.961112,266,51630,321,QSO,BROADLINE,C:\Users\Harshit\OneDrive\Desktop\stellar-spectra-ai\data\raw\quasar\spec-0266-51630-0321.fits,C:\Users\Harshit\OneDrive\Desktop\stellar-spectra-ai\data\catalog\quasars.csv
2.9958e+17,quasar,145.39104,1.171197,1.045241,266,51630,329,QSO,BROADLINE,C:\Users\Harshit\OneDrive\Desktop\stellar-spectra-ai\data\raw\quasar\spec-0266-51630-0329.fits,C:\Users\Harshit\OneDrive\Desktop\stellar-spectra-ai\data\catalog\quasars.csv
2.99581e+17,quasar,145.33887,1.1966007,0.4448358,266,51630,332,QSO,BROADLINE,C:\Users\Harshit\OneDrive\Desktop\stellar-spectra-ai\data\raw\quasar\spec-0266-51630-0332.fits,C:\Users\Harshit\OneDrive\Desktop\stellar-spectra-ai\data\catalog\quasars.csv
2.99586e+17,quasar,145.3386,0.140315,1.475546,266,51630,351,QSO,BROADLINE,C:\Users\Harshit\OneDrive\Desktop\stellar-spectra-ai\data\raw\quasar\spec-0266-51630-0351.fits,C:\Users\Harshit\OneDrive\Desktop\stellar-spectra-ai\data\catalog\quasars.csv
2.99594e+17,quasar,145.67367,0.94780421,0.6948174,266,51630,380,QSO,BROADLINE,C:\Users\Harshit\OneDrive\Desktop\stellar-spectra-ai\data\raw\quasar\spec-0266-51630-0380.fits,C:\Users\Harshit\OneDrive\Desktop\stellar-spectra-ai\data\catalog\quasars.csv
2.99596e+17,quasar,145.46536,0.33402647,1.606542,266,51630,389,QSO,BROADLINE,C:\Users\Harshit\OneDrive\Desktop\stellar-spectra-ai\data\raw\quasar\spec-0266-51630-0389.fits,C:\Users\Harshit\OneDrive\Desktop\stellar-spectra-ai\data\catalog\quasars.csv
2.99598e+17,quasar,145.59384,0.27826036,1.4047,266,51630,396,QSO,BROADLINE,C:\Users\Harshit\OneDrive\Desktop\stellar-spectra-ai\data\raw\quasar\spec-0266-51630-0396.fits,C:\Users\Harshit\OneDrive\Desktop\stellar-spectra-ai\data\catalog\quasars.csv
2.99601e+17,quasar,146.05906,1.0485111,0.6928394,266,51630,405,QSO,BROADLINE,C:\Users\Harshit\OneDrive\Desktop\stellar-spectra-ai\data\raw\quasar\spec-0266-51630-0405.fits,C:\Users\Harshit\OneDrive\Desktop\stellar-spectra-ai\data\catalog\quasars.csv
3.19777e+17,quasar,179.03741,-0.68635183,1.641788,284,51943,77,QSO,BROADLINE,C:\Users\Harshit\OneDrive\Desktop\stellar-spectra-ai\data\raw\quasar\spec-0284-51943-0077.fits,C:\Users\Harshit\OneDrive\Desktop\stellar-spectra-ai\data\catalog\quasars.csv
3.1978e+17,quasar,178.44913,-0.77375867,1.548232,284,51943,88,QSO,BROADLINE,C:\Users\Harshit\OneDrive\Desktop\stellar-spectra-ai\data\raw\quasar\spec-0284-51943-0088.fits,C:\Users\Harshit\OneDrive\Desktop\stellar-spectra-ai\data\catalog\quasars.csv
3.19783e+17,quasar,178.27876,-1.1827334,1.329489,284,51943,98,QSO,BROADLINE,C:\Users\Harshit\OneDrive\Desktop\stellar-spectra-ai\data\raw\quasar\spec-0284-51943-0098.fits,C:\Users\Harshit\OneDrive\Desktop\stellar-spectra-ai\data\catalog\quasars.csv
3.19785e+17,quasar,178.78345,-0.61645183,1.739728,284,51943,107,QSO,,C:\Users\Harshit\OneDrive\Desktop\stellar-spectra-ai\data\raw\quasar\spec-0284-51943-0107.fits,C:\Users\Harshit\OneDrive\Desktop\stellar-spectra-ai\data\catalog\quasars.csv
3.19791e+17,quasar,177.97847,-0.9846289,1.930816,284,51943,128,QSO,BROADLINE,C:\Users\Harshit\OneDrive\Desktop\stellar-spectra-ai\data\raw\quasar\spec-0284-51943-0128.fits,C:\Users\Harshit\OneDrive\Desktop\stellar-spectra-ai\data\catalog\quasars.csv
3.19792e+17,quasar,178.06718,-0.8978282,0.6364109,284,51943,133,QSO,BROADLINE,C:\Users\Harshit\OneDrive\Desktop\stellar-spectra-ai\data\raw\quasar\spec-0284-51943-0133.fits,C:\Users\Harshit\OneDrive\Desktop\stellar-spectra-ai\data\catalog\quasars.csv
3.19793e+17,quasar,177.90502,-0.83695518,1.492425,284,51943,136,QSO,BROADLINE,C:\Users\Harshit\OneDrive\Desktop\stellar-spectra-ai\data\raw\quasar\spec-0284-51943-0136.fits,C:\Users\Harshit\OneDrive\Desktop\stellar-spectra-ai\data\catalog\quasars.csv
3.19799e+17,quasar,178.42914,-0.19994773,0.6015502,284,51943,157,QSO,BROADLINE,C:\Users\Harshit\OneDrive\Desktop\stellar-spectra-ai\data\raw\quasar\spec-0284-51943-0157.fits,C:\Users\Harshit\OneDrive\Desktop\stellar-spectra-ai\data\catalog\quasars.csv
3.198e+17,quasar,178.16242,-0.76838821,1.761382,284,51943,162,QSO,BROADLINE,C:\Users\Harshit\OneDrive\Desktop\stellar-spectra-ai\data\raw\quasar\spec-0284-51943-0162.fits,C:\Users\Harshit\OneDrive\Desktop\stellar-spectra-ai\data\catalog\quasars.csv
3.19802e+17,quasar,178.33647,-0.76044853,0.1807631,284,51943,167,QSO,AGN BROADLINE,C:\Users\Harshit\OneDrive\Desktop\stellar-spectra-ai\data\raw\quasar\spec-0284-51943-0167.fits,C:\Users\Harshit\OneDrive\Desktop\stellar-spectra-ai\data\catalog\quasars.csv
3.19804e+17,quasar,178.16884,-0.50121262,0.5524967,284,51943,175,QSO,BROADLINE,C:\Users\Harshit\OneDrive\Desktop\stellar-spectra-ai\data\raw\quasar\spec-0284-51943-0175.fits,C:\Users\Harshit\OneDrive\Desktop\stellar-spectra-ai\data\catalog\quasars.csv
3.19805e+17,quasar,178.27894,-0.75353785,0.3569712,284,51943,179,QSO,STARBURST BROADLINE,C:\Users\Harshit\OneDrive\Desktop\stellar-spectra-ai\data\raw\quasar\spec-0284-51943-0179.fits,C:\Users\Harshit\OneDrive\Desktop\stellar-spectra-ai\data\catalog\quasars.csv
3.19809e+17,quasar,177.98774,-0.23685832,1.652684,284,51943,196,QSO,BROADLINE,C:\Users\Harshit\OneDrive\Desktop\stellar-spectra-ai\data\raw\quasar\spec-0284-51943-0196.fits,C:\Users\Harshit\OneDrive\Desktop\stellar-spectra-ai\data\catalog\quasars.csv
3.19814e+17,quasar,177.7179,-0.83786347,0.808071,284,51943,211,QSO,BROADLINE,C:\Users\Harshit\OneDrive\Desktop\stellar-spectra-ai\data\raw\quasar\spec-0284-51943-0211.fits,C:\Users\Harshit\OneDrive\Desktop\stellar-spectra-ai\data\catalog\quasars.csv
3.19822e+17,quasar,177.35323,-1.0028645,1.128712,284,51943,243,QSO,BROADLINE,C:\Users\Harshit\OneDrive\Desktop\stellar-spectra-ai\data\raw\quasar\spec-0284-51943-0243.fits,C:\Users\Harshit\OneDrive\Desktop\stellar-spectra-ai\data\catalog\quasars.csv
3.19827e+17,quasar,177.48987,-1.1096025,1.142211,284,51943,258,QSO,BROADLINE,C:\Users\Harshit\OneDrive\Desktop\stellar-spectra-ai\data\raw\quasar\spec-0284-51943-0258.fits,C:\Users\Harshit\OneDrive\Desktop\stellar-spectra-ai\data\catalog\quasars.csv
3.19831e+17,quasar,177.68282,-0.39835407,1.979562,284,51943,273,QSO,BROADLINE,C:\Users\Harshit\OneDrive\Desktop\stellar-spectra-ai\data\raw\quasar\spec-0284-51943-0273.fits,C:\Users\Harshit\OneDrive\Desktop\stellar-spectra-ai\data\catalog\quasars.csv
3.19833e+17,quasar,177.19365,-1.0488879,0.2427341,284,51943,283,QSO,STARFORMING,C:\Users\Harshit\OneDrive\Desktop\stellar-spectra-ai\data\raw\quasar\spec-0284-51943-0283.fits,C:\Users\Harshit\OneDrive\Desktop\stellar-spectra-ai\data\catalog\quasars.csv
3.19834e+17,quasar,177.20685,-1.1695925,0.1057724,284,51943,286,QSO,AGN BROADLINE,C:\Users\Harshit\OneDrive\Desktop\stellar-spectra-ai\data\raw\quasar\spec-0284-51943-0286.fits,C:\Users\Harshit\OneDrive\Desktop\stellar-spectra-ai\data\catalog\quasars.csv
3.1984e+17,quasar,177.31976,-0.70885821,0.7339379,284,51943,308,QSO,BROADLINE,C:\Users\Harshit\OneDrive\Desktop\stellar-spectra-ai\data\raw\quasar\spec-0284-51943-0308.fits,C:\Users\Harshit\OneDrive\Desktop\stellar-spectra-ai\data\catalog\quasars.csv
3.19844e+17,quasar,177.07047,1.0659731,1.61567,284,51943,323,QSO,BROADLINE,C:\Users\Harshit\OneDrive\Desktop\stellar-spectra-ai\data\raw\quasar\spec-0284-51943-0323.fits,C:\Users\Harshit\OneDrive\Desktop\stellar-spectra-ai\data\catalog\quasars.csv
3.19853e+17,quasar,177.47892,0.21536445,1.597327,284,51943,353,QSO,BROADLINE,C:\Users\Harshit\OneDrive\Desktop\stellar-spectra-ai\data\raw\quasar\spec-0284-51943-0353.fits,C:\Users\Harshit\OneDrive\Desktop\stellar-spectra-ai\data\catalog\quasars.csv
3.19857e+17,quasar,177.70919,0.75164222,0.1395962,284,51943,370,QSO,STARBURST BROADLINE,C:\Users\Harshit\OneDrive\Desktop\stellar-spectra-ai\data\raw\quasar\spec-0284-51943-0370.fits,C:\Users\Harshit\OneDrive\Desktop\stellar-spectra-ai\data\catalog\quasars.csv
3.19859e+17,quasar,177.38141,0.71174659,0.9321212,284,51943,377,QSO,BROADLINE,C:\Users\Harshit\OneDrive\Desktop\stellar-spectra-ai\data\raw\quasar\spec-0284-51943-0377.fits,C:\Users\Harshit\OneDrive\Desktop\stellar-spectra-ai\data\catalog\quasars.csv
3.19861e+17,quasar,177.73534,0.36811167,1.051588,284,51943,382,QSO,BROADLINE,C:\Users\Harshit\OneDrive\Desktop\stellar-spectra-ai\data\raw\quasar\spec-0284-51943-0382.fits,C:\Users\Harshit\OneDrive\Desktop\stellar-spectra-ai\data\catalog\quasars.csv
3.19862e+17,quasar,177.77222,0.49121561,1.770599,284,51943,386,QSO,BROADLINE,C:\Users\Harshit\OneDrive\Desktop\stellar-spectra-ai\data\raw\quasar\spec-0284-51943-0386.fits,C:\Users\Harshit\OneDrive\Desktop\stellar-spectra-ai\data\catalog\quasars.csv
3.19866e+17,quasar,177.74472,0.91789262,1.752592,284,51943,402,QSO,BROADLINE,C:\Users\Harshit\OneDrive\Desktop\stellar-spectra-ai\data\raw\quasar\spec-0284-51943-0402.fits,C:\Users\Harshit\OneDrive\Desktop\stellar-spectra-ai\data\catalog\quasars.csv
3.19867e+17,quasar,177.84464,1.0375958,0.4684734,284,51943,406,QSO,BROADLINE,C:\Users\Harshit\OneDrive\Desktop\stellar-spectra-ai\data\raw\quasar\spec-0284-51943-0406.fits,C:\Users\Harshit\OneDrive\Desktop\stellar-spectra-ai\data\catalog\quasars.csv
3.19868e+17,quasar,177.90937,0.82956501,0.1951959,284,51943,409,QSO,BROADLINE,C:\Users\Harshit\OneDrive\Desktop\stellar-spectra-ai\data\raw\quasar\spec-0284-51943-0409.fits,C:\Users\Harshit\OneDrive\Desktop\stellar-spectra-ai\data\catalog\quasars.csv
3.19869e+17,quasar,177.8141,0.64084074,1.884629,284,51943,412,QSO,BROADLINE,C:\Users\Harshit\OneDrive\Desktop\stellar-spectra-ai\data\raw\quasar\spec-0284-51943-0412.fits,C:\Users\Harshit\OneDrive\Desktop\stellar-spectra-ai\data\catalog\quasars.csv
3.19871e+17,quasar,177.82883,0.92230974,1.402483,284,51943,418,QSO,BROADLINE,C:\Users\Harshit\OneDrive\Desktop\stellar-spectra-ai\data\raw\quasar\spec-0284-51943-0418.fits,C:\Users\Harshit\OneDrive\Desktop\stellar-spectra-ai\data\catalog\quasars.csv
3.19875e+17,quasar,178.04661,0.1124084,0.4169583,284,51943,434,QSO,BROADLINE,C:\Users\Harshit\OneDrive\Desktop\stellar-spectra-ai\data\raw\quasar\spec-0284-51943-0434.fits,C:\Users\Harshit\OneDrive\Desktop\stellar-spectra-ai\data\catalog\quasars.csv
3.19879e+17,quasar,178.16359,1.1883728,1.637866,284,51943,450,QSO,BROADLINE,C:\Users\Harshit\OneDrive\Desktop\stellar-spectra-ai\data\raw\quasar\spec-0284-51943-0450.fits,C:\Users\Harshit\OneDrive\Desktop\stellar-spectra-ai\data\catalog\quasars.csv
3.19884e+17,quasar,178.19397,0.41112129,0.781316,284,51943,466,QSO,BROADLINE,C:\Users\Harshit\OneDrive\Desktop\stellar-spectra-ai\data\raw\quasar\spec-0284-51943-0466.fits,C:\Users\Harshit\OneDrive\Desktop\stellar-spectra-ai\data\catalog\quasars.csv
3.19885e+17,quasar,178.14581,-0.095211432,0.1286608,284,51943,472,QSO,BROADLINE,C:\Users\Harshit\OneDrive\Desktop\stellar-spectra-ai\data\raw\quasar\spec-0284-51943-0472.fits,C:\Users\Harshit\OneDrive\Desktop\stellar-spectra-ai\data\catalog\quasars.csv
3.19887e+17,quasar,178.2237,0.025521556,0.8223849,284,51943,478,QSO,BROADLINE,C:\Users\Harshit\OneDrive\Desktop\stellar-spectra-ai\data\raw\quasar\spec-0284-51943-0478.fits,C:\Users\Harshit\OneDrive\Desktop\stellar-spectra-ai\data\catalog\quasars.csv
3.19888e+17,quasar,178.5125,0.53164106,0.4481982,284,51943,483,QSO,BROADLINE,C:\Users\Harshit\OneDrive\Desktop\stellar-spectra-ai\data\raw\quasar\spec-0284-51943-0483.fits,C:\Users\Harshit\OneDrive\Desktop\stellar-spectra-ai\data\catalog\quasars.csv
3.19893e+17,quasar,178.55228,-0.031458147,0.7299848,284,51943,501,QSO,BROADLINE,C:\Users\Harshit\OneDrive\Desktop\stellar-spectra-ai\data\raw\quasar\spec-0284-51943-0501.fits,C:\Users\Harshit\OneDrive\Desktop\stellar-spectra-ai\data\catalog\quasars.csv
3.19897e+17,quasar,178.51726,0.23874419,1.613113,284,51943,516,QSO,BROADLINE,C:\Users\Harshit\OneDrive\Desktop\stellar-spectra-ai\data\raw\quasar\spec-0284-51943-0516.fits,C:\Users\Harshit\OneDrive\Desktop\stellar-spectra-ai\data\catalog\quasars.csv
3.19898e+17,quasar,178.5843,0.28701852,1.037556,284,51943,518,QSO,BROADLINE,C:\Users\Harshit\OneDrive\Desktop\stellar-spectra-ai\data\raw\quasar\spec-0284-51943-0518.fits,C:\Users\Harshit\OneDrive\Desktop\stellar-spectra-ai\data\catalog\quasars.csv
3.18784e+17,quasar,176.95693,-0.019301507,1.259907,283,51959,560,QSO,BROADLINE,C:\Users\Harshit\OneDrive\Desktop\stellar-spectra-ai\data\raw\quasar\spec-0283-51959-0560.fits,C:\Users\Harshit\OneDrive\Desktop\stellar-spectra-ai\data\catalog\quasars.csv
3.18787e+17,quasar,176.58391,0.68309758,1.2623,283,51959,571,QSO,BROADLINE,C:\Users\Harshit\OneDrive\Desktop\stellar-spectra-ai\data\raw\quasar\spec-0283-51959-0571.fits,C:\Users\Harshit\OneDrive\Desktop\stellar-spectra-ai\data\catalog\quasars.csv
3.18789e+17,quasar,176.65798,1.0272503,0.9638688,283,51959,580,QSO,BROADLINE,C:\Users\Harshit\OneDrive\Desktop\stellar-spectra-ai\data\raw\quasar\spec-0283-51959-0580.fits,C:\Users\Harshit\OneDrive\Desktop\stellar-spectra-ai\data\catalog\quasars.csv
3.18792e+17,quasar,177.12605,0.29365685,1.64733,283,51959,591,QSO,BROADLINE,C:\Users\Harshit\OneDrive\Desktop\stellar-spectra-ai\data\raw\quasar\spec-0283-51959-0591.fits,C:\Users\Harshit\OneDrive\Desktop\stellar-spectra-ai\data\catalog\quasars.csv
3.18793e+17,quasar,176.99063,-0.093388314,1.277182,283,51959,594,QSO,BROADLINE,C:\Users\Harshit\OneDrive\Desktop\stellar-spectra-ai\data\raw\quasar\spec-0283-51959-0594.fits,C:\Users\Harshit\OneDrive\Desktop\stellar-spectra-ai\data\catalog\quasars.csv
3.18797e+17,quasar,176.96948,1.0752145,2.070375,283,51959,607,QSO,BROADLINE,C:\Users\Harshit\OneDrive\Desktop\stellar-spectra-ai\data\raw\quasar\spec-0283-51959-0607.fits,C:\Users\Harshit\OneDrive\Desktop\stellar-spectra-ai\data\catalog\quasars.csv
3.18804e+17,quasar,177.36906,-0.12092398,1.189391,283,51959,634,QSO,BROADLINE,C:\Users\Harshit\OneDrive\Desktop\stellar-spectra-ai\data\raw\quasar\spec-0283-51959-0634.fits,C:\Users\Harshit\OneDrive\Desktop\stellar-spectra-ai\data\catalog\quasars.csv
3.18805e+17,quasar,177.3678,-0.078494408,0.1759156,283,51959,636,QSO,STARBURST BROADLINE,C:\Users\Harshit\OneDrive\Desktop\stellar-spectra-ai\data\raw\quasar\spec-0283-51959-0636.fits,C:\Users\Harshit\OneDrive\Desktop\stellar-spectra-ai\data\catalog\quasars.csv
3.19756e+17,quasar,178.97547,-1.0613359,1.968405,284,51943,3,QSO,BROADLINE,C:\Users\Harshit\OneDrive\Desktop\stellar-spectra-ai\data\raw\quasar\spec-0284-51943-0003.fits,C:\Users\Harshit\OneDrive\Desktop\stellar-spectra-ai\data\catalog\quasars.csv
3.29932e+17,quasar,194.87004,-0.45833542,1.907633,293,51689,156,QSO,BROADLINE,C:\Users\Harshit\OneDrive\Desktop\stellar-spectra-ai\data\raw\quasar\spec-0293-51689-0156.fits,C:\Users\Harshit\OneDrive\Desktop\stellar-spectra-ai\data\catalog\quasars.csv
3.29933e+17,quasar,194.40445,-0.53893907,1.024542,293,51689,161,QSO,BROADLINE,C:\Users\Harshit\OneDrive\Desktop\stellar-spectra-ai\data\raw\quasar\spec-0293-51689-0161.fits,C:\Users\Harshit\OneDrive\Desktop\stellar-spectra-ai\data\catalog\quasars.csv
3.29938e+17,quasar,194.45026,-0.043642898,1.209499,293,51689,179,QSO,BROADLINE,C:\Users\Harshit\OneDrive\Desktop\stellar-spectra-ai\data\raw\quasar\spec-0293-51689-0179.fits,C:\Users\Harshit\OneDrive\Desktop\stellar-spectra-ai\data\catalog\quasars.csv
3.29939e+17,quasar,194.29548,-0.44479891,1.785827,293,51689,184,QSO,BROADLINE,C:\Users\Harshit\OneDrive\Desktop\stellar-spectra-ai\data\raw\quasar\spec-0293-51689-0184.fits,C:\Users\Harshit\OneDrive\Desktop\stellar-spectra-ai\data\catalog\quasars.csv
3.29941e+17,quasar,194.2433,-0.35638762,1.272102,293,51689,190,QSO,BROADLINE,C:\Users\Harshit\OneDrive\Desktop\stellar-spectra-ai\data\raw\quasar\spec-0293-51689-0190.fits,C:\Users\Harshit\OneDrive\Desktop\stellar-spectra-ai\data\catalog\quasars.csv
3.29945e+17,quasar,194.17078,-1.0258494,1.582891,293,51689,206,QSO,BROADLINE,C:\Users\Harshit\OneDrive\Desktop\stellar-spectra-ai\data\raw\quasar\spec-0293-51689-0206.fits,C:\Users\Harshit\OneDrive\Desktop\stellar-spectra-ai\data\catalog\quasars.csv
3.29952e+17,quasar,193.9596,-0.30861479,0.7174979,293,51689,230,QSO,BROADLINE,C:\Users\Harshit\OneDrive\Desktop\stellar-spectra-ai\data\raw\quasar\spec-0293-51689-0230.fits,C:\Users\Harshit\OneDrive\Desktop\stellar-spectra-ai\data\catalog\quasars.csv
3.29953e+17,quasar,193.88314,-0.48068735,1.479258,293,51689,234,QSO,BROADLINE,C:\Users\Harshit\OneDrive\Desktop\stellar-spectra-ai\data\raw\quasar\spec-0293-51689-0234.fits,C:\Users\Harshit\OneDrive\Desktop\stellar-spectra-ai\data\catalog\quasars.csv
3.29954e+17,quasar,194.07303,-0.32172755,1.768253,293,51689,236,QSO,BROADLINE,C:\Users\Harshit\OneDrive\Desktop\stellar-spectra-ai\data\raw\quasar\spec-0293-51689-0236.fits,C:\Users\Harshit\OneDrive\Desktop\stellar-spectra-ai\data\catalog\quasars.csv
3.29957e+17,quasar,193.88437,-1.1024346,1.791887,293,51689,249,QSO,BROADLINE,C:\Users\Harshit\OneDrive\Desktop\stellar-spectra-ai\data\raw\quasar\spec-0293-51689-0249.fits,C:\Users\Harshit\OneDrive\Desktop\stellar-spectra-ai\data\catalog\quasars.csv
3.29961e+17,quasar,193.5361,-0.32983739,1.36378,293,51689,264,QSO,BROADLINE,C:\Users\Harshit\OneDrive\Desktop\stellar-spectra-ai\data\raw\quasar\spec-0293-51689-0264.fits,C:\Users\Harshit\OneDrive\Desktop\stellar-spectra-ai\data\catalog\quasars.csv
3.29962e+17,quasar,193.49874,-0.54094843,1.690206,293,51689,267,QSO,BROADLINE,C:\Users\Harshit\OneDrive\Desktop\stellar-spectra-ai\data\raw\quasar\spec-0293-51689-0267.fits,C:\Users\Harshit\OneDrive\Desktop\stellar-spectra-ai\data\catalog\quasars.csv
3.29964e+17,quasar,193.49844,-0.094662104,1.984197,293,51689,275,QSO,BROADLINE,C:\Users\Harshit\OneDrive\Desktop\stellar-spectra-ai\data\raw\quasar\spec-0293-51689-0275.fits,C:\Users\Harshit\OneDrive\Desktop\stellar-spectra-ai\data\catalog\quasars.csv
3.29965e+17,quasar,193.80632,-0.38993929,1.032997,293,51689,278,QSO,BROADLINE,C:\Users\Harshit\OneDrive\Desktop\stellar-spectra-ai\data\raw\quasar\spec-0293-51689-0278.fits,C:\Users\Harshit\OneDrive\Desktop\stellar-spectra-ai\data\catalog\quasars.csv
3.29967e+17,quasar,193.86792,-0.91166473,1.01248,293,51689,285,QSO,,C:\Users\Harshit\OneDrive\Desktop\stellar-spectra-ai\data\raw\quasar\spec-0293-51689-0285.fits,C:\Users\Harshit\OneDrive\Desktop\stellar-spectra-ai\data\catalog\quasars.csv
3.29969e+17,quasar,193.50902,-0.82531293,1.374073,293,51689,291,QSO,BROADLINE,C:\Users\Harshit\OneDrive\Desktop\stellar-spectra-ai\data\raw\quasar\spec-0293-51689-0291.fits,C:\Users\Harshit\OneDrive\Desktop\stellar-spectra-ai\data\catalog\quasars.csv
3.29972e+17,quasar,193.22722,-0.098824485,1.865993,293,51689,303,QSO,BROADLINE,C:\Users\Harshit\OneDrive\Desktop\stellar-spectra-ai\data\raw\quasar\spec-0293-51689-0303.fits,C:\Users\Harshit\OneDrive\Desktop\stellar-spectra-ai\data\catalog\quasars.csv
3.29973e+17,quasar,193.04025,-0.26484226,0.8131489,293,51689,305,QSO,BROADLINE,C:\Users\Harshit\OneDrive\Desktop\stellar-spectra-ai\data\raw\quasar\spec-0293-51689-0305.fits,C:\Users\Harshit\OneDrive\Desktop\stellar-spectra-ai\data\catalog\quasars.csv
3.29975e+17,quasar,193.2448,-0.71002434,1.373492,293,51689,314,QSO,BROADLINE,C:\Users\Harshit\OneDrive\Desktop\stellar-spectra-ai\data\raw\quasar\spec-0293-51689-0314.fits,C:\Users\Harshit\OneDrive\Desktop\stellar-spectra-ai\data\catalog\quasars.csv
3.29977e+17,quasar,193.72833,1.0021613,2.382667,293,51689,323,QSO,BROADLINE,C:\Users\Harshit\OneDrive\Desktop\stellar-spectra-ai\data\raw\quasar\spec-0293-51689-0323.fits,C:\Users\Harshit\OneDrive\Desktop\stellar-spectra-ai\data\catalog\quasars.csv
3.29982e+17,quasar,193.65114,0.9561277,1.193231,293,51689,339,QSO,BROADLINE,C:\Users\Harshit\OneDrive\Desktop\stellar-spectra-ai\data\raw\quasar\spec-0293-51689-0339.fits,C:\Users\Harshit\OneDrive\Desktop\stellar-spectra-ai\data\catalog\quasars.csv
3.29983e+17,quasar,193.06691,0.52807674,1.261742,293,51689,342,QSO,BROADLINE,C:\Users\Harshit\OneDrive\Desktop\stellar-spectra-ai\data\raw\quasar\spec-0293-51689-0342.fits,C:\Users\Harshit\OneDrive\Desktop\stellar-spectra-ai\data\catalog\quasars.csv
3.29999e+17,quasar,193.37495,0.12504283,2.691162,293,51689,400,QSO,,C:\Users\Harshit\OneDrive\Desktop\stellar-spectra-ai\data\raw\quasar\spec-0293-51689-0400.fits,C:\Users\Harshit\OneDrive\Desktop\stellar-spectra-ai\data\catalog\quasars.csv
3.3e+17,quasar,194.54225,0.92651728,2.124565,293,51689,405,QSO,BROADLINE,C:\Users\Harshit\OneDrive\Desktop\stellar-spectra-ai\data\raw\quasar\spec-0293-51689-0405.fits,C:\Users\Harshit\OneDrive\Desktop\stellar-spectra-ai\data\catalog\quasars.csv
3.30001e+17,quasar,194.33143,0.8385702,1.520458,293,51689,409,QSO,BROADLINE,C:\Users\Harshit\OneDrive\Desktop\stellar-spectra-ai\data\raw\quasar\spec-0293-51689-0409.fits,C:\Users\Harshit\OneDrive\Desktop\stellar-spectra-ai\data\catalog\quasars.csv
3.30002e+17,quasar,194.43307,0.95932192,1.812562,293,51689,411,QSO,BROADLINE,C:\Users\Harshit\OneDrive\Desktop\stellar-spectra-ai\data\raw\quasar\spec-0293-51689-0411.fits,C:\Users\Harshit\OneDrive\Desktop\stellar-spectra-ai\data\catalog\quasars.csv
3.30003e+17,quasar,194.26533,1.0255436,0.9577896,293,51689,415,QSO,BROADLINE,C:\Users\Harshit\OneDrive\Desktop\stellar-spectra-ai\data\raw\quasar\spec-0293-51689-0415.fits,C:\Users\Harshit\OneDrive\Desktop\stellar-spectra-ai\data\catalog\quasars.csv
3.30006e+17,quasar,193.9644,0.65573554,1.26246,293,51689,428,QSO,BROADLINE,C:\Users\Harshit\OneDrive\Desktop\stellar-spectra-ai\data\raw\quasar\spec-0293-51689-0428.fits,C:\Users\Harshit\OneDrive\Desktop\stellar-spectra-ai\data\catalog\quasars.csv
3.30011e+17,quasar,194.93164,1.0486286,0.3945964,293,51689,444,QSO,BROADLINE,C:\Users\Harshit\OneDrive\Desktop\stellar-spectra-ai\data\raw\quasar\spec-0293-51689-0444.fits,C:\Users\Harshit\OneDrive\Desktop\stellar-spectra-ai\data\catalog\quasars.csv
3.13028e+17,quasar,167.7734,-0.67734409,1.05818,278,51900,101,QSO,,C:\Users\Harshit\OneDrive\Desktop\stellar-spectra-ai\data\raw\quasar\spec-0278-51900-0101.fits,C:\Users\Harshit\OneDrive\Desktop\stellar-spectra-ai\data\catalog\quasars.csv
3.1303e+17,quasar,168.12971,-0.42618324,0.5433545,278,51900,107,QSO,BROADLINE,C:\Users\Harshit\OneDrive\Desktop\stellar-spectra-ai\data\raw\quasar\spec-0278-51900-0107.fits,C:\Users\Harshit\OneDrive\Desktop\stellar-spectra-ai\data\catalog\quasars.csv
3.13034e+17,quasar,167.16154,-0.92603789,1.802212,278,51900,123,QSO,,C:\Users\Harshit\OneDrive\Desktop\stellar-spectra-ai\data\raw\quasar\spec-0278-51900-0123.fits,C:\Users\Harshit\OneDrive\Desktop\stellar-spectra-ai\data\catalog\quasars.csv
3.13051e+17,quasar,167.26353,-0.42907311,1.330264,278,51900,185,QSO,BROADLINE,C:\Users\Harshit\OneDrive\Desktop\stellar-spectra-ai\data\raw\quasar\spec-0278-51900-0185.fits,C:\Users\Harshit\OneDrive\Desktop\stellar-spectra-ai\data\catalog\quasars.csv
3.13059e+17,quasar,166.86858,-0.85628012,1.728926,278,51900,214,QSO,BROADLINE,C:\Users\Harshit\OneDrive\Desktop\stellar-spectra-ai\data\raw\quasar\spec-0278-51900-0214.fits,C:\Users\Harshit\OneDrive\Desktop\stellar-spectra-ai\data\catalog\quasars.csv
3.13064e+17,quasar,167.25678,-0.058406208,1.170512,278,51900,232,QSO,BROADLINE,C:\Users\Harshit\OneDrive\Desktop\stellar-spectra-ai\data\raw\quasar\spec-0278-51900-0232.fits,C:\Users\Harshit\OneDrive\Desktop\stellar-spectra-ai\data\catalog\quasars.csv
3.13065e+17,quasar,167.12719,-0.092804079,2.020725,278,51900,236,QSO,BROADLINE,C:\Users\Harshit\OneDrive\Desktop\stellar-spectra-ai\data\raw\quasar\spec-0278-51900-0236.fits,C:\Users\Harshit\OneDrive\Desktop\stellar-spectra-ai\data\catalog\quasars.csv
3.13066e+17,quasar,166.6533,-1.2485032,0.9952227,278,51900,241,QSO,BROADLINE,C:\Users\Harshit\OneDrive\Desktop\stellar-spectra-ai\data\raw\quasar\spec-0278-51900-0241.fits,C:\Users\Harshit\OneDrive\Desktop\stellar-spectra-ai\data\catalog\quasars.csv
3.13074e+17,quasar,166.9477,-0.512278,0.901266,278,51900,270,QSO,BROADLINE,C:\Users\Harshit\OneDrive\Desktop\stellar-spectra-ai\data\raw\quasar\spec-0278-51900-0270.fits,C:\Users\Harshit\OneDrive\Desktop\stellar-spectra-ai\data\catalog\quasars.csv
3.13077e+17,quasar,166.97152,-0.12156497,0.1118383,278,51900,279,QSO,BROADLINE,C:\Users\Harshit\OneDrive\Desktop\stellar-spectra-ai\data\raw\quasar\spec-0278-51900-0279.fits,C:\Users\Harshit\OneDrive\Desktop\stellar-spectra-ai\data\catalog\quasars.csv
3.13079e+17,quasar,166.38824,-0.98002567,1.739622,278,51900,286,QSO,BROADLINE,C:\Users\Harshit\OneDrive\Desktop\stellar-spectra-ai\data\raw\quasar\spec-0278-51900-0286.fits,C:\Users\Harshit\OneDrive\Desktop\stellar-spectra-ai\data\catalog\quasars.csv
3.13087e+17,quasar,165.91386,-0.52034658,0.4347217,278,51900,315,QSO,BROADLINE,C:\Users\Harshit\OneDrive\Desktop\stellar-spectra-ai\data\raw\quasar\spec-0278-51900-0315.fits,C:\Users\Harshit\OneDrive\Desktop\stellar-spectra-ai\data\catalog\quasars.csv
3.1309e+17,quasar,166.30949,1.1522764,1.448465,278,51900,327,QSO,BROADLINE,C:\Users\Harshit\OneDrive\Desktop\stellar-spectra-ai\data\raw\quasar\spec-0278-51900-0327.fits,C:\Users\Harshit\OneDrive\Desktop\stellar-spectra-ai\data\catalog\quasars.csv
3.13095e+17,quasar,166.76565,0.70065485,0.5802391,278,51900,346,QSO,BROADLINE,C:\Users\Harshit\OneDrive\Desktop\stellar-spectra-ai\data\raw\quasar\spec-0278-51900-0346.fits,C:\Users\Harshit\OneDrive\Desktop\stellar-spectra-ai\data\catalog\quasars.csv
3.13097e+17,quasar,166.68467,0.52643877,0.9892523,278,51900,351,QSO,BROADLINE,C:\Users\Harshit\OneDrive\Desktop\stellar-spectra-ai\data\raw\quasar\spec-0278-51900-0351.fits,C:\Users\Harshit\OneDrive\Desktop\stellar-spectra-ai\data\catalog\quasars.csv
3.13104e+17,quasar,166.87099,0.80311576,1.392492,278,51900,378,QSO,BROADLINE,C:\Users\Harshit\OneDrive\Desktop\stellar-spectra-ai\data\raw\quasar\spec-0278-51900-0378.fits,C:\Users\Harshit\OneDrive\Desktop\stellar-spectra-ai\data\catalog\quasars.csv
3.13106e+17,quasar,166.85708,0.56499187,1.878803,278,51900,384,QSO,,C:\Users\Harshit\OneDrive\Desktop\stellar-spectra-ai\data\raw\quasar\spec-0278-51900-0384.fits,C:\Users\Harshit\OneDrive\Desktop\stellar-spectra-ai\data\catalog\quasars.csv
3.1312e+17,quasar,167.12646,0.57642248,0.4966688,278,51900,437,QSO,BROADLINE,C:\Users\Harshit\OneDrive\Desktop\stellar-spectra-ai\data\raw\quasar\spec-0278-51900-0437.fits,C:\Users\Harshit\OneDrive\Desktop\stellar-spectra-ai\data\catalog\quasars.csv
3.13123e+17,quasar,167.49626,1.0321334,1.492898,278,51900,446,QSO,BROADLINE,C:\Users\Harshit\OneDrive\Desktop\stellar-spectra-ai\data\raw\quasar\spec-0278-51900-0446.fits,C:\Users\Harshit\OneDrive\Desktop\stellar-spectra-ai\data\catalog\quasars.csv
3.13127e+17,quasar,167.40148,0.8531511,0.9554778,278,51900,460,QSO,BROADLINE,C:\Users\Harshit\OneDrive\Desktop\stellar-spectra-ai\data\raw\quasar\spec-0278-51900-0460.fits,C:\Users\Harshit\OneDrive\Desktop\stellar-spectra-ai\data\catalog\quasars.csv
3.13135e+17,quasar,167.54954,0.064590794,0.2179237,278,51900,491,QSO,STARBURST BROADLINE,C:\Users\Harshit\OneDrive\Desktop\stellar-spectra-ai\data\raw\quasar\spec-0278-51900-0491.fits,C:\Users\Harshit\OneDrive\Desktop\stellar-spectra-ai\data\catalog\quasars.csv
3.13136e+17,quasar,167.4796,0.47234781,1.428346,278,51900,495,QSO,BROADLINE,C:\Users\Harshit\OneDrive\Desktop\stellar-spectra-ai\data\raw\quasar\spec-0278-51900-0495.fits,C:\Users\Harshit\OneDrive\Desktop\stellar-spectra-ai\data\catalog\quasars.csv
3.13137e+17,quasar,167.54035,0.65890364,0.877317,278,51900,498,QSO,BROADLINE,C:\Users\Harshit\OneDrive\Desktop\stellar-spectra-ai\data\raw\quasar\spec-0278-51900-0498.fits,C:\Users\Harshit\OneDrive\Desktop\stellar-spectra-ai\data\catalog\quasars.csv
3.13142e+17,quasar,167.80202,0.29655692,0.5447735,278,51900,517,QSO,BROADLINE,C:\Users\Harshit\OneDrive\Desktop\stellar-spectra-ai\data\raw\quasar\spec-0278-51900-0517.fits,C:\Users\Harshit\OneDrive\Desktop\stellar-spectra-ai\data\catalog\quasars.csv
3.13147e+17,quasar,167.72886,0.81506941,0.7595012,278,51900,535,QSO,BROADLINE,C:\Users\Harshit\OneDrive\Desktop\stellar-spectra-ai\data\raw\quasar\spec-0278-51900-0535.fits,C:\Users\Harshit\OneDrive\Desktop\stellar-spectra-ai\data\catalog\quasars.csv
3.13152e+17,quasar,167.82403,0.3091429,1.428272,278,51900,554,QSO,,C:\Users\Harshit\OneDrive\Desktop\stellar-spectra-ai\data\raw\quasar\spec-0278-51900-0554.fits,C:\Users\Harshit\OneDrive\Desktop\stellar-spectra-ai\data\catalog\quasars.csv
3.13164e+17,quasar,168.23389,0.22872759,1.433218,278,51900,595,QSO,BROADLINE,C:\Users\Harshit\OneDrive\Desktop\stellar-spectra-ai\data\raw\quasar\spec-0278-51900-0595.fits,C:\Users\Harshit\OneDrive\Desktop\stellar-spectra-ai\data\catalog\quasars.csv
3.13166e+17,quasar,167.90189,1.1037646,1.54434,278,51900,603,QSO,,C:\Users\Harshit\OneDrive\Desktop\stellar-spectra-ai\data\raw\quasar\spec-0278-51900-0603.fits,C:\Users\Harshit\OneDrive\Desktop\stellar-spectra-ai\data\catalog\quasars.csv
3.13171e+17,quasar,168.28221,0.53622105,0.3463153,278,51900,623,QSO,STARBURST BROADLINE,C:\Users\Harshit\OneDrive\Desktop\stellar-spectra-ai\data\raw\quasar\spec-0278-51900-0623.fits,C:\Users\Harshit\OneDrive\Desktop\stellar-spectra-ai\data\catalog\quasars.csv
3.13173e+17,quasar,168.41901,0.49251311,0.5582503,278,51900,628,QSO,BROADLINE,C:\Users\Harshit\OneDrive\Desktop\stellar-spectra-ai\data\raw\quasar\spec-0278-51900-0628.fits,C:\Users\Harshit\OneDrive\Desktop\stellar-spectra-ai\data\catalog\quasars.csv
3.14149e+17,quasar,168.96754,-0.75650276,1.33744,279,51984,84,QSO,BROADLINE,C:\Users\Harshit\OneDrive\Desktop\stellar-spectra-ai\data\raw\quasar\spec-0279-51984-0084.fits,C:\Users\Harshit\OneDrive\Desktop\stellar-spectra-ai\data\catalog\quasars.csv
3.14152e+17,quasar,169.18773,-0.73601814,1.510724,279,51984,96,QSO,BROADLINE,C:\Users\Harshit\OneDrive\Desktop\stellar-spectra-ai\data\raw\quasar\spec-0279-51984-0096.fits,C:\Users\Harshit\OneDrive\Desktop\stellar-spectra-ai\data\catalog\quasars.csv
3.14156e+17,quasar,169.70891,-0.35017093,1.02287,279,51984,108,QSO,BROADLINE,C:\Users\Harshit\OneDrive\Desktop\stellar-spectra-ai\data\raw\quasar\spec-0279-51984-0108.fits,C:\Users\Harshit\OneDrive\Desktop\stellar-spectra-ai\data\catalog\quasars.csv
3.14161e+17,quasar,169.10376,-1.03875,0.4455388,279,51984,126,QSO,BROADLINE,C:\Users\Harshit\OneDrive\Desktop\stellar-spectra-ai\data\raw\quasar\spec-0279-51984-0126.fits,C:\Users\Harshit\OneDrive\Desktop\stellar-spectra-ai\data\catalog\quasars.csv
3.14176e+17,quasar,168.76106,-0.39557537,1.963473,279,51984,181,QSO,BROADLINE,C:\Users\Harshit\OneDrive\Desktop\stellar-spectra-ai\data\raw\quasar\spec-0279-51984-0181.fits,C:\Users\Harshit\OneDrive\Desktop\stellar-spectra-ai\data\catalog\quasars.csv
3.14177e+17,quasar,168.73343,-0.67195633,0.7330749,279,51984,184,QSO,BROADLINE,C:\Users\Harshit\OneDrive\Desktop\stellar-spectra-ai\data\raw\quasar\spec-0279-51984-0184.fits,C:\Users\Harshit\OneDrive\Desktop\stellar-spectra-ai\data\catalog\quasars.csv
3.14178e+17,quasar,168.86869,-0.58184778,0.2327584,279,51984,190,QSO,STARBURST BROADLINE,C:\Users\Harshit\OneDrive\Desktop\stellar-spectra-ai\data\raw\quasar\spec-0279-51984-0190.fits,C:\Users\Harshit\OneDrive\Desktop\stellar-spectra-ai\data\catalog\quasars.csv
3.14186e+17,quasar,168.56597,-0.98897809,0.5709391,279,51984,219,QSO,BROADLINE,C:\Users\Harshit\OneDrive\Desktop\stellar-spectra-ai\data\raw\quasar\spec-0279-51984-0219.fits,C:\Users\Harshit\OneDrive\Desktop\stellar-spectra-ai\data\catalog\quasars.csv
3.28927e+17,quasar,193.56014,0.3295912,1.537909,292,51609,597,QSO,BROADLINE,C:\Users\Harshit\OneDrive\Desktop\stellar-spectra-ai\data\raw\quasar\spec-0292-51609-0597.fits,C:\Users\Harshit\OneDrive\Desktop\stellar-spectra-ai\data\catalog\quasars.csv
3.28929e+17,quasar,193.32926,0.88608798,1.184161,292,51609,605,QSO,,C:\Users\Harshit\OneDrive\Desktop\stellar-spectra-ai\data\raw\quasar\spec-0292-51609-0605.fits,C:\Users\Harshit\OneDrive\Desktop\stellar-spectra-ai\data\catalog\quasars.csv
3.28931e+17,quasar,193.33185,0.7558525,1.508673,292,51609,612,QSO,BROADLINE,C:\Users\Harshit\OneDrive\Desktop\stellar-spectra-ai\data\raw\quasar\spec-0292-51609-0612.fits,C:\Users\Harshit\OneDrive\Desktop\stellar-spectra-ai\data\catalog\quasars.csv
3.28933e+17,quasar,193.70546,0.42049081,1.149803,292,51609,621,QSO,BROADLINE,C:\Users\Harshit\OneDrive\Desktop\stellar-spectra-ai\data\raw\quasar\spec-0292-51609-0621.fits,C:\Users\Harshit\OneDrive\Desktop\stellar-spectra-ai\data\catalog\quasars.csv
3.28937e+17,quasar,193.76661,0.21485016,0.3765975,292,51609,635,QSO,BROADLINE,C:\Users\Harshit\OneDrive\Desktop\stellar-spectra-ai\data\raw\quasar\spec-0292-51609-0635.fits,C:\Users\Harshit\OneDrive\Desktop\stellar-spectra-ai\data\catalog\quasars.csv
3.29891e+17,quasar,195.36986,-0.96786013,0.2456699,293,51689,7,QSO,AGN BROADLINE,C:\Users\Harshit\OneDrive\Desktop\stellar-spectra-ai\data\raw\quasar\spec-0293-51689-0007.fits,C:\Users\Harshit\OneDrive\Desktop\stellar-spectra-ai\data\catalog\quasars.csv
3.29893e+17,quasar,195.63973,-0.79901906,1.611337,293,51689,16,QSO,BROADLINE,C:\Users\Harshit\OneDrive\Desktop\stellar-spectra-ai\data\raw\quasar\spec-0293-51689-0016.fits,C:\Users\Harshit\OneDrive\Desktop\stellar-spectra-ai\data\catalog\quasars.csv
3.29894e+17,quasar,195.67755,-0.12447731,1.720258,293,51689,21,QSO,BROADLINE,C:\Users\Harshit\OneDrive\Desktop\stellar-spectra-ai\data\raw\quasar\spec-0293-51689-0021.fits,C:\Users\Harshit\OneDrive\Desktop\stellar-spectra-ai\data\catalog\quasars.csv
3.299e+17,quasar,195.74368,-0.43428184,0.9917167,293,51689,40,QSO,BROADLINE,C:\Users\Harshit\OneDrive\Desktop\stellar-spectra-ai\data\raw\quasar\spec-0293-51689-0040.fits,C:\Users\Harshit\OneDrive\Desktop\stellar-spectra-ai\data\catalog\quasars.csv
3.29902e+17,quasar,195.07528,-0.9069147,0.1688899,293,51689,50,QSO,BROADLINE,C:\Users\Harshit\OneDrive\Desktop\stellar-spectra-ai\data\raw\quasar\spec-0293-51689-0050.fits,C:\Users\Harshit\OneDrive\Desktop\stellar-spectra-ai\data\catalog\quasars.csv
3.29904e+17,quasar,195.09676,-0.90827238,0.1220383,293,51689,57,QSO,STARBURST BROADLINE,C:\Users\Harshit\OneDrive\Desktop\stellar-spectra-ai\data\raw\quasar\spec-0293-51689-0057.fits,C:\Users\Harshit\OneDrive\Desktop\stellar-spectra-ai\data\catalog\quasars.csv
3.29905e+17,quasar,195.28936,-1.0387974,1.407361,293,51689,60,QSO,,C:\Users\Harshit\OneDrive\Desktop\stellar-spectra-ai\data\raw\quasar\spec-0293-51689-0060.fits,C:\Users\Harshit\OneDrive\Desktop\stellar-spectra-ai\data\catalog\quasars.csv
3.2991e+17,quasar,195.53445,-0.62544245,1.67242,293,51689,76,QSO,BROADLINE,C:\Users\Harshit\OneDrive\Desktop\stellar-spectra-ai\data\raw\quasar\spec-0293-51689-0076.fits,C:\Users\Harshit\OneDrive\Desktop\stellar-spectra-ai\data\catalog\quasars.csv
3.29914e+17,quasar,195.01217,-1.100494,0.3071993,293,51689,91,QSO,BROADLINE,C:\Users\Harshit\OneDrive\Desktop\stellar-spectra-ai\data\raw\quasar\spec-0293-51689-0091.fits,C:\Users\Harshit\OneDrive\Desktop\stellar-spectra-ai\data\catalog\quasars.csv
3.29919e+17,quasar,194.95461,-0.26929864,0.1963567,293,51689,111,QSO,STARBURST BROADLINE,C:\Users\Harshit\OneDrive\Desktop\stellar-spectra-ai\data\raw\quasar\spec-0293-51689-0111.fits,C:\Users\Harshit\OneDrive\Desktop\stellar-spectra-ai\data\catalog\quasars.csv
3.29921e+17,quasar,195.13874,-0.1145906,2.07756,293,51689,117,QSO,BROADLINE,C:\Users\Harshit\OneDrive\Desktop\stellar-spectra-ai\data\raw\quasar\spec-0293-51689-0117.fits,C:\Users\Harshit\OneDrive\Desktop\stellar-spectra-ai\data\catalog\quasars.csv
3.29925e+17,quasar,194.48573,-0.76988516,1.630282,293,51689,132,QSO,BROADLINE,C:\Users\Harshit\OneDrive\Desktop\stellar-spectra-ai\data\raw\quasar\spec-0293-51689-0132.fits,C:\Users\Harshit\OneDrive\Desktop\stellar-spectra-ai\data\catalog\quasars.csv
3.29929e+17,quasar,194.67833,0.039043143,0.4772089,293,51689,147,QSO,,C:\Users\Harshit\OneDrive\Desktop\stellar-spectra-ai\data\raw\quasar\spec-0293-51689-0147.fits,C:\Users\Harshit\OneDrive\Desktop\stellar-spectra-ai\data\catalog\quasars.csv
3.31123e+17,quasar,196.28955,0.12093437,1.355875,294,51986,395,QSO,BROADLINE,C:\Users\Harshit\OneDrive\Desktop\stellar-spectra-ai\data\raw\quasar\spec-0294-51986-0395.fits,C:\Users\Harshit\OneDrive\Desktop\stellar-spectra-ai\data\catalog\quasars.csv
3.31125e+17,quasar,196.32513,0.23011909,1.617295,294,51986,400,QSO,BROADLINE,C:\Users\Harshit\OneDrive\Desktop\stellar-spectra-ai\data\raw\quasar\spec-0294-51986-0400.fits,C:\Users\Harshit\OneDrive\Desktop\stellar-spectra-ai\data\catalog\quasars.csv
3.31129e+17,quasar,196.25506,1.0566007,0.1342264,294,51986,417,QSO,STARBURST BROADLINE,C:\Users\Harshit\OneDrive\Desktop\stellar-spectra-ai\data\raw\quasar\spec-0294-51986-0417.fits,C:\Users\Harshit\OneDrive\Desktop\stellar-spectra-ai\data\catalog\quasars.csv
3.31133e+17,quasar,196.39766,0.16107648,1.622166,294,51986,431,QSO,BROADLINE,C:\Users\Harshit\OneDrive\Desktop\stellar-spectra-ai\data\raw\quasar\spec-0294-51986-0431.fits,C:\Users\Harshit\OneDrive\Desktop\stellar-spectra-ai\data\catalog\quasars.csv
3.31139e+17,quasar,196.53625,1.1031548,0.2204391,294,51986,452,QSO,STARBURST BROADLINE,C:\Users\Harshit\OneDrive\Desktop\stellar-spectra-ai\data\raw\quasar\spec-0294-51986-0452.fits,C:\Users\Harshit\OneDrive\Desktop\stellar-spectra-ai\data\catalog\quasars.csv
3.31142e+17,quasar,196.63769,0.38013514,0.1478492,294,51986,463,QSO,BROADLINE,C:\Users\Harshit\OneDrive\Desktop\stellar-spectra-ai\data\raw\quasar\spec-0294-51986-0463.fits,C:\Users\Harshit\OneDrive\Desktop\stellar-spectra-ai\data\catalog\quasars.csv
3.31144e+17,quasar,196.73057,0.48643788,0.2608905,294,51986,469,QSO,AGN BROADLINE,C:\Users\Harshit\OneDrive\Desktop\stellar-spectra-ai\data\raw\quasar\spec-0294-51986-0469.fits,C:\Users\Harshit\OneDrive\Desktop\stellar-spectra-ai\data\catalog\quasars.csv
3.31147e+17,quasar,196.98012,0.29029104,1.650882,294,51986,483,QSO,BROADLINE,C:\Users\Harshit\OneDrive\Desktop\stellar-spectra-ai\data\raw\quasar\spec-0294-51986-0483.fits,C:\Users\Harshit\OneDrive\Desktop\stellar-spectra-ai\data\catalog\quasars.csv
3.31148e+17,quasar,196.85314,0.62742738,0.6507508,294,51986,487,QSO,BROADLINE,C:\Users\Harshit\OneDrive\Desktop\stellar-spectra-ai\data\raw\quasar\spec-0294-51986-0487.fits,C:\Users\Harshit\OneDrive\Desktop\stellar-spectra-ai\data\catalog\quasars.csv
3.31155e+17,quasar,197.1076,0.39668541,0.6261772,294,51986,510,QSO,BROADLINE,C:\Users\Harshit\OneDrive\Desktop\stellar-spectra-ai\data\raw\quasar\spec-0294-51986-0510.fits,C:\Users\Harshit\OneDrive\Desktop\stellar-spectra-ai\data\catalog\quasars.csv
3.31156e+17,quasar,197.2407,0.03123229,0.5837151,294,51986,514,QSO,BROADLINE,C:\Users\Harshit\OneDrive\Desktop\stellar-spectra-ai\data\raw\quasar\spec-0294-51986-0514.fits,C:\Users\Harshit\OneDrive\Desktop\stellar-spectra-ai\data\catalog\quasars.csv
3.3116e+17,quasar,196.98572,1.1193517,0.2754462,294,51986,528,QSO,STARBURST BROADLINE,C:\Users\Harshit\OneDrive\Desktop\stellar-spectra-ai\data\raw\quasar\spec-0294-51986-0528.fits,C:\Users\Harshit\OneDrive\Desktop\stellar-spectra-ai\data\catalog\quasars.csv
3.31161e+17,quasar,196.97613,0.73948422,0.7623323,294,51986,531,QSO,BROADLINE,C:\Users\Harshit\OneDrive\Desktop\stellar-spectra-ai\data\raw\quasar\spec-0294-51986-0531.fits,C:\Users\Harshit\OneDrive\Desktop\stellar-spectra-ai\data\catalog\quasars.csv
3.31163e+17,quasar,197.05469,0.86823624,1.213823,294,51986,540,QSO,BROADLINE,C:\Users\Harshit\OneDrive\Desktop\stellar-spectra-ai\data\raw\quasar\spec-0294-51986-0540.fits,C:\Users\Harshit\OneDrive\Desktop\stellar-spectra-ai\data\catalog\quasars.csv
3.31166e+17,quasar,197.55947,0.32986578,0.2060778,294,51986,551,QSO,STARBURST BROADLINE,C:\Users\Harshit\OneDrive\Desktop\stellar-spectra-ai\data\raw\quasar\spec-0294-51986-0551.fits,C:\Users\Harshit\OneDrive\Desktop\stellar-spectra-ai\data\catalog\quasars.csv
3.31167e+17,quasar,197.52058,0.002375357,1.212616,294,51986,554,QSO,BROADLINE,C:\Users\Harshit\OneDrive\Desktop\stellar-spectra-ai\data\raw\quasar\spec-0294-51986-0554.fits,C:\Users\Harshit\OneDrive\Desktop\stellar-spectra-ai\data\catalog\quasars.csv
3.31169e+17,quasar,197.51213,0.10702579,0.5341478,294,51986,560,QSO,BROADLINE,C:\Users\Harshit\OneDrive\Desktop\stellar-spectra-ai\data\raw\quasar\spec-0294-51986-0560.fits,C:\Users\Harshit\OneDrive\Desktop\stellar-spectra-ai\data\catalog\quasars.csv
3.3117e+17,quasar,197.16934,0.87437612,0.6538696,294,51986,567,QSO,BROADLINE,C:\Users\Harshit\OneDrive\Desktop\stellar-spectra-ai\data\raw\quasar\spec-0294-51986-0567.fits,C:\Users\Harshit\OneDrive\Desktop\stellar-spectra-ai\data\catalog\quasars.csv
3.31172e+17,quasar,197.23724,1.065917,1.800238,294,51986,572,QSO,BROADLINE,C:\Users\Harshit\OneDrive\Desktop\stellar-spectra-ai\data\raw\quasar\spec-0294-51986-0572.fits,C:\Users\Harshit\OneDrive\Desktop\stellar-spectra-ai\data\catalog\quasars.csv
3.31182e+17,quasar,197.52863,1.07428,1.311726,294,51986,609,QSO,BROADLINE,C:\Users\Harshit\OneDrive\Desktop\stellar-spectra-ai\data\raw\quasar\spec-0294-51986-0609.fits,C:\Users\Harshit\OneDrive\Desktop\stellar-spectra-ai\data\catalog\quasars.csv
3.31184e+17,quasar,197.62342,0.90351254,0.8572961,294,51986,616,QSO,BROADLINE,C:\Users\Harshit\OneDrive\Desktop\stellar-spectra-ai\data\raw\quasar\spec-0294-51986-0616.fits,C:\Users\Harshit\OneDrive\Desktop\stellar-spectra-ai\data\catalog\quasars.csv
3.31186e+17,quasar,197.98548,0.15972516,0.7030541,294,51986,624,QSO,BROADLINE,C:\Users\Harshit\OneDrive\Desktop\stellar-spectra-ai\data\raw\quasar\spec-0294-51986-0624.fits,C:\Users\Harshit\OneDrive\Desktop\stellar-spectra-ai\data\catalog\quasars.csv
3.3215e+17,quasar,199.43718,-0.2140222,0.916544,295,51985,36,QSO,BROADLINE,C:\Users\Harshit\OneDrive\Desktop\stellar-spectra-ai\data\raw\quasar\spec-0295-51985-0036.fits,C:\Users\Harshit\OneDrive\Desktop\stellar-spectra-ai\data\catalog\quasars.csv
3.32162e+17,quasar,199.19998,-0.40934343,1.742004,295,51985,78,QSO,BROADLINE,C:\Users\Harshit\OneDrive\Desktop\stellar-spectra-ai\data\raw\quasar\spec-0295-51985-0078.fits,C:\Users\Harshit\OneDrive\Desktop\stellar-spectra-ai\data\catalog\quasars.csv
3.32169e+17,quasar,198.9577,-0.68003993,0.8462926,295,51985,103,QSO,BROADLINE,C:\Users\Harshit\OneDrive\Desktop\stellar-spectra-ai\data\raw\quasar\spec-0295-51985-0103.fits,C:\Users\Harshit\OneDrive\Desktop\stellar-spectra-ai\data\catalog\quasars.csv
3.32173e+17,quasar,198.95525,-0.72059368,1.970377,295,51985,117,QSO,BROADLINE,C:\Users\Harshit\OneDrive\Desktop\stellar-spectra-ai\data\raw\quasar\spec-0295-51985-0117.fits,C:\Users\Harshit\OneDrive\Desktop\stellar-spectra-ai\data\catalog\quasars.csv
3.32185e+17,quasar,198.63955,-0.83819358,0.6321335,295,51985,163,QSO,,C:\Users\Harshit\OneDrive\Desktop\stellar-spectra-ai\data\raw\quasar\spec-0295-51985-0163.fits,C:\Users\Harshit\OneDrive\Desktop\stellar-spectra-ai\data\catalog\quasars.csv
3.36656e+17,quasar,205.82687,-0.99267032,0.6971865,299,51671,45,QSO,BROADLINE,C:\Users\Harshit\OneDrive\Desktop\stellar-spectra-ai\data\raw\quasar\spec-0299-51671-0045.fits,C:\Users\Harshit\OneDrive\Desktop\stellar-spectra-ai\data\catalog\quasars.csv
3.36668e+17,quasar,205.56447,-1.0141469,0.2367132,299,51671,87,QSO,STARBURST BROADLINE,C:\Users\Harshit\OneDrive\Desktop\stellar-spectra-ai\data\raw\quasar\spec-0299-51671-0087.fits,C:\Users\Harshit\OneDrive\Desktop\stellar-spectra-ai\data\catalog\quasars.csv
3.36671e+17,quasar,205.71502,-0.89591448,0.3255792,299,51671,98,QSO,BROADLINE,C:\Users\Harshit\OneDrive\Desktop\stellar-spectra-ai\data\raw\quasar\spec-0299-51671-0098.fits,C:\Users\Harshit\OneDrive\Desktop\stellar-spectra-ai\data\catalog\quasars.csv
3.36672e+17,quasar,205.6349,-0.53084745,1.205498,299,51671,102,QSO,BROADLINE,C:\Users\Harshit\OneDrive\Desktop\stellar-spectra-ai\data\raw\quasar\spec-0299-51671-0102.fits,C:\Users\Harshit\OneDrive\Desktop\stellar-spectra-ai\data\catalog\quasars.csv
3.36674e+17,quasar,205.64045,-0.19668134,0.5155602,299,51671,108,QSO,BROADLINE,C:\Users\Harshit\OneDrive\Desktop\stellar-spectra-ai\data\raw\quasar\spec-0299-51671-0108.fits,C:\Users\Harshit\OneDrive\Desktop\stellar-spectra-ai\data\catalog\quasars.csv
3.36675e+17,quasar,205.69275,-0.59547611,0.7872961,299,51671,111,QSO,BROADLINE,C:\Users\Harshit\OneDrive\Desktop\stellar-spectra-ai\data\raw\quasar\spec-0299-51671-0111.fits,C:\Users\Harshit\OneDrive\Desktop\stellar-spectra-ai\data\catalog\quasars.csv
3.36681e+17,quasar,205.46,-0.96488594,0.9377844,299,51671,136,QSO,BROADLINE,C:\Users\Harshit\OneDrive\Desktop\stellar-spectra-ai\data\raw\quasar\spec-0299-51671-0136.fits,C:\Users\Harshit\OneDrive\Desktop\stellar-spectra-ai\data\catalog\quasars.csv
3.36691e+17,quasar,205.43803,-0.60867019,2.211523,299,51671,172,QSO,BROADLINE,C:\Users\Harshit\OneDrive\Desktop\stellar-spectra-ai\data\raw\quasar\spec-0299-51671-0172.fits,C:\Users\Harshit\OneDrive\Desktop\stellar-spectra-ai\data\catalog\quasars.csv
3.36697e+17,quasar,205.24685,-0.32914754,1.859439,299,51671,192,QSO,BROADLINE,C:\Users\Harshit\OneDrive\Desktop\stellar-spectra-ai\data\raw\quasar\spec-0299-51671-0192.fits,C:\Users\Harshit\OneDrive\Desktop\stellar-spectra-ai\data\catalog\quasars.csv
3.36698e+17,quasar,204.93545,-0.24767501,1.266033,299,51671,195,QSO,BROADLINE,C:\Users\Harshit\OneDrive\Desktop\stellar-spectra-ai\data\raw\quasar\spec-0299-51671-0195.fits,C:\Users\Harshit\OneDrive\Desktop\stellar-spectra-ai\data\catalog\quasars.csv
3.36712e+17,quasar,205.08184,-1.0027832,1.846107,299,51671,248,QSO,BROADLINE,C:\Users\Harshit\OneDrive\Desktop\stellar-spectra-ai\data\raw\quasar\spec-0299-51671-0248.fits,C:\Users\Harshit\OneDrive\Desktop\stellar-spectra-ai\data\catalog\quasars.csv
3.36713e+17,quasar,205.1855,-0.75464552,0.3858436,299,51671,251,QSO,BROADLINE,C:\Users\Harshit\OneDrive\Desktop\stellar-spectra-ai\data\raw\quasar\spec-0299-51671-0251.fits,C:\Users\Harshit\OneDrive\Desktop\stellar-spectra-ai\data\catalog\quasars.csv
3.36716e+17,quasar,204.42402,-0.93004797,0.2788509,299,51671,262,QSO,STARBURST BROADLINE,C:\Users\Harshit\OneDrive\Desktop\stellar-spectra-ai\data\raw\quasar\spec-0299-51671-0262.fits,C:\Users\Harshit\OneDrive\Desktop\stellar-spectra-ai\data\catalog\quasars.csv
3.36717e+17,quasar,204.72934,-1.0416363,1.296158,299,51671,267,QSO,BROADLINE,C:\Users\Harshit\OneDrive\Desktop\stellar-spectra-ai\data\raw\quasar\spec-0299-51671-0267.fits,C:\Users\Harshit\OneDrive\Desktop\stellar-spectra-ai\data\catalog\quasars.csv
3.36723e+17,quasar,204.83833,-1.0360949,1.632158,299,51671,286,QSO,BROADLINE,C:\Users\Harshit\OneDrive\Desktop\stellar-spectra-ai\data\raw\quasar\spec-0299-51671-0286.fits,C:\Users\Harshit\OneDrive\Desktop\stellar-spectra-ai\data\catalog\quasars.csv
3.36729e+17,quasar,204.30284,-0.65784324,1.505861,299,51671,308,QSO,BROADLINE,C:\Users\Harshit\OneDrive\Desktop\stellar-spectra-ai\data\raw\quasar\spec-0299-51671-0308.fits,C:\Users\Harshit\OneDrive\Desktop\stellar-spectra-ai\data\catalog\quasars.csv
3.36731e+17,quasar,204.23049,-0.17127343,0.8089269,299,51671,315,QSO,BROADLINE,C:\Users\Harshit\OneDrive\Desktop\stellar-spectra-ai\data\raw\quasar\spec-0299-51671-0315.fits,C:\Users\Harshit\OneDrive\Desktop\stellar-spectra-ai\data\catalog\quasars.csv
3.36738e+17,quasar,204.54046,1.1884348,0.2678786,299,51671,340,QSO,AGN BROADLINE,C:\Users\Harshit\OneDrive\Desktop\stellar-spectra-ai\data\raw\quasar\spec-0299-51671-0340.fits,C:\Users\Harshit\OneDrive\Desktop\stellar-spectra-ai\data\catalog\quasars.csv
3.36739e+17,quasar,204.59079,0.39149641,0.1292273,299,51671,346,QSO,AGN BROADLINE,C:\Users\Harshit\OneDrive\Desktop\stellar-spectra-ai\data\raw\quasar\spec-0299-51671-0346.fits,C:\Users\Harshit\OneDrive\Desktop\stellar-spectra-ai\data\catalog\quasars.csv
3.4016e+17,quasar,212.39628,0.3523154,0.5338725,302,51688,501,QSO,BROADLINE,C:\Users\Harshit\OneDrive\Desktop\stellar-spectra-ai\data\raw\quasar\spec-0302-51688-0501.fits,C:\Users\Harshit\OneDrive\Desktop\stellar-spectra-ai\data\catalog\quasars.csv
3.40164e+17,quasar,212.51527,0.21395063,0.1358213,302,51688,516,QSO,BROADLINE,C:\Users\Harshit\OneDrive\Desktop\stellar-spectra-ai\data\raw\quasar\spec-0302-51688-0516.fits,C:\Users\Harshit\OneDrive\Desktop\stellar-spectra-ai\data\catalog\quasars.csv
3.40166e+17,quasar,212.12976,1.1473467,1.449126,302,51688,526,QSO,BROADLINE,C:\Users\Harshit\OneDrive\Desktop\stellar-spectra-ai\data\raw\quasar\spec-0302-51688-0526.fits,C:\Users\Harshit\OneDrive\Desktop\stellar-spectra-ai\data\catalog\quasars.csv
3.40168e+17,quasar,212.11519,0.80422919,0.4421801,302,51688,533,QSO,BROADLINE,C:\Users\Harshit\OneDrive\Desktop\stellar-spectra-ai\data\raw\quasar\spec-0302-51688-0533.fits,C:\Users\Harshit\OneDrive\Desktop\stellar-spectra-ai\data\catalog\quasars.csv
3.40169e+17,quasar,212.18242,0.79175645,1.022992,302,51688,537,QSO,BROADLINE,C:\Users\Harshit\OneDrive\Desktop\stellar-spectra-ai\data\raw\quasar\spec-0302-51688-0537.fits,C:\Users\Harshit\OneDrive\Desktop\stellar-spectra-ai\data\catalog\quasars.csv
3.40176e+17,quasar,212.65972,0.28994715,1.745256,302,51688,560,QSO,BROADLINE,C:\Users\Harshit\OneDrive\Desktop\stellar-spectra-ai\data\raw\quasar\spec-0302-51688-0560.fits,C:\Users\Harshit\OneDrive\Desktop\stellar-spectra-ai\data\catalog\quasars.csv
3.40177e+17,quasar,212.37382,1.2405908,1.507342,302,51688,564,QSO,BROADLINE,C:\Users\Harshit\OneDrive\Desktop\stellar-spectra-ai\data\raw\quasar\spec-0302-51688-0564.fits,C:\Users\Harshit\OneDrive\Desktop\stellar-spectra-ai\data\catalog\quasars.csv
3.40182e+17,quasar,212.90705,0.23923019,1.031097,302,51688,581,QSO,BROADLINE,C:\Users\Harshit\OneDrive\Desktop\stellar-spectra-ai\data\raw\quasar\spec-0302-51688-0581.fits,C:\Users\Harshit\OneDrive\Desktop\stellar-spectra-ai\data\catalog\quasars.csv
3.40188e+17,quasar,212.82996,0.86637441,1.840095,302,51688,605,QSO,BROADLINE,C:\Users\Harshit\OneDrive\Desktop\stellar-spectra-ai\data\raw\quasar\spec-0302-51688-0605.fits,C:\Users\Harshit\OneDrive\Desktop\stellar-spectra-ai\data\catalog\quasars.csv
3.41151e+17,quasar,214.41261,-1.0127027,1.088787,303,51615,13,QSO,BROADLINE,C:\Users\Harshit\OneDrive\Desktop\stellar-spectra-ai\data\raw\quasar\spec-0303-51615-0013.fits,C:\Users\Harshit\OneDrive\Desktop\stellar-spectra-ai\data\catalog\quasars.csv
3.4116e+17,quasar,214.15911,-0.89798357,0.5518546,303,51615,46,QSO,BROADLINE,C:\Users\Harshit\OneDrive\Desktop\stellar-spectra-ai\data\raw\quasar\spec-0303-51615-0046.fits,C:\Users\Harshit\OneDrive\Desktop\stellar-spectra-ai\data\catalog\quasars.csv
3.41163e+17,quasar,213.86771,-1.0875114,0.379712,303,51615,54,QSO,BROADLINE,C:\Users\Harshit\OneDrive\Desktop\stellar-spectra-ai\data\raw\quasar\spec-0303-51615-0054.fits,C:\Users\Harshit\OneDrive\Desktop\stellar-spectra-ai\data\catalog\quasars.csv
3.41166e+17,quasar,214.03529,-0.62007259,1.919653,303,51615,68,QSO,BROADLINE,C:\Users\Harshit\OneDrive\Desktop\stellar-spectra-ai\data\raw\quasar\spec-0303-51615-0068.fits,C:\Users\Harshit\OneDrive\Desktop\stellar-spectra-ai\data\catalog\quasars.csv
3.41174e+17,quasar,213.94029,-0.73045091,0.6754416,303,51615,94,QSO,BROADLINE,C:\Users\Harshit\OneDrive\Desktop\stellar-spectra-ai\data\raw\quasar\spec-0303-51615-0094.fits,C:\Users\Harshit\OneDrive\Desktop\stellar-spectra-ai\data\catalog\quasars.csv
3.41188e+17,quasar,213.83123,-0.50599616,0.1345134,303,51615,146,QSO,STARBURST BROADLINE,C:\Users\Harshit\OneDrive\Desktop\stellar-spectra-ai\data\raw\quasar\spec-0303-51615-0146.fits,C:\Users\Harshit\OneDrive\Desktop\stellar-spectra-ai\data\catalog\quasars.csv
3.412e+17,quasar,213.62935,-0.51194509,0.1378409,303,51615,190,QSO,STARFORMING BROADLINE,C:\Users\Harshit\OneDrive\Desktop\stellar-spectra-ai\data\raw\quasar\spec-0303-51615-0190.fits,C:\Users\Harshit\OneDrive\Desktop\stellar-spectra-ai\data\catalog\quasars.csv
3.41223e+17,quasar,213.36339,-0.24309385,0.1254413,303,51615,275,QSO,STARBURST BROADLINE,C:\Users\Harshit\OneDrive\Desktop\stellar-spectra-ai\data\raw\quasar\spec-0303-51615-0275.fits,C:\Users\Harshit\OneDrive\Desktop\stellar-spectra-ai\data\catalog\quasars.csv
3.37921e+17,quasar,207.84073,0.28032927,1.556727,300,51943,550,QSO,BROADLINE,C:\Users\Harshit\OneDrive\Desktop\stellar-spectra-ai\data\raw\quasar\spec-0300-51943-0550.fits,C:\Users\Harshit\OneDrive\Desktop\stellar-spectra-ai\data\catalog\quasars.csv
3.37924e+17,quasar,207.70382,0.25613197,1.836148,300,51943,559,QSO,BROADLINE,C:\Users\Harshit\OneDrive\Desktop\stellar-spectra-ai\data\raw\quasar\spec-0300-51943-0559.fits,C:\Users\Harshit\OneDrive\Desktop\stellar-spectra-ai\data\catalog\quasars.csv
3.37942e+17,quasar,208.21727,0.6329522,0.4847483,300,51943,626,QSO,BROADLINE,C:\Users\Harshit\OneDrive\Desktop\stellar-spectra-ai\data\raw\quasar\spec-0300-51943-0626.fits,C:\Users\Harshit\OneDrive\Desktop\stellar-spectra-ai\data\catalog\quasars.csv
3.38899e+17,quasar,210.70052,-0.82333383,1.593915,301,51942,12,QSO,BROADLINE,C:\Users\Harshit\OneDrive\Desktop\stellar-spectra-ai\data\raw\quasar\spec-0301-51942-0012.fits,C:\Users\Harshit\OneDrive\Desktop\stellar-spectra-ai\data\catalog\quasars.csv
3.38908e+17,quasar,210.0694,-1.1394925,0.3512017,301,51942,44,QSO,STARBURST BROADLINE,C:\Users\Harshit\OneDrive\Desktop\stellar-spectra-ai\data\raw\quasar\spec-0301-51942-0044.fits,C:\Users\Harshit\OneDrive\Desktop\stellar-spectra-ai\data\catalog\quasars.csv
3.38909e+17,quasar,210.08223,-0.7966538,1.20881,301,51942,47,QSO,BROADLINE,C:\Users\Harshit\OneDrive\Desktop\stellar-spectra-ai\data\raw\quasar\spec-0301-51942-0047.fits,C:\Users\Harshit\OneDrive\Desktop\stellar-spectra-ai\data\catalog\quasars.csv
3.3891e+17,quasar,210.26379,-0.84184435,0.9257374,301,51942,52,QSO,BROADLINE,C:\Users\Harshit\OneDrive\Desktop\stellar-spectra-ai\data\raw\quasar\spec-0301-51942-0052.fits,C:\Users\Harshit\OneDrive\Desktop\stellar-spectra-ai\data\catalog\quasars.csv
3.38922e+17,quasar,209.96288,-0.71402306,2.059268,301,51942,94,QSO,BROADLINE,C:\Users\Harshit\OneDrive\Desktop\stellar-spectra-ai\data\raw\quasar\spec-0301-51942-0094.fits,C:\Users\Harshit\OneDrive\Desktop\stellar-spectra-ai\data\catalog\quasars.csv
3.38928e+17,quasar,210.10992,-0.18406474,0.6011211,301,51942,116,QSO,BROADLINE,C:\Users\Harshit\OneDrive\Desktop\stellar-spectra-ai\data\raw\quasar\spec-0301-51942-0116.fits,C:\Users\Harshit\OneDrive\Desktop\stellar-spectra-ai\data\catalog\quasars.csv
3.3893e+17,quasar,209.68573,-1.1819887,1.963334,301,51942,124,QSO,BROADLINE,C:\Users\Harshit\OneDrive\Desktop\stellar-spectra-ai\data\raw\quasar\spec-0301-51942-0124.fits,C:\Users\Harshit\OneDrive\Desktop\stellar-spectra-ai\data\catalog\quasars.csv
3.38931e+17,quasar,209.46151,-1.1727837,0.4061128,301,51942,128,QSO,BROADLINE,C:\Users\Harshit\OneDrive\Desktop\stellar-spectra-ai\data\raw\quasar\spec-0301-51942-0128.fits,C:\Users\Harshit\OneDrive\Desktop\stellar-spectra-ai\data\catalog\quasars.csv
3.38935e+17,quasar,209.92166,-0.33758009,1.388866,301,51942,141,QSO,BROADLINE,C:\Users\Harshit\OneDrive\Desktop\stellar-spectra-ai\data\raw\quasar\spec-0301-51942-0141.fits,C:\Users\Harshit\OneDrive\Desktop\stellar-spectra-ai\data\catalog\quasars.csv
3.38936e+17,quasar,210.05068,-0.58599193,1.218829,301,51942,146,QSO,BROADLINE,C:\Users\Harshit\OneDrive\Desktop\stellar-spectra-ai\data\raw\quasar\spec-0301-51942-0146.fits,C:\Users\Harshit\OneDrive\Desktop\stellar-spectra-ai\data\catalog\quasars.csv
3.38939e+17,quasar,209.84133,-0.4450357,1.547817,301,51942,158,QSO,BROADLINE,C:\Users\Harshit\OneDrive\Desktop\stellar-spectra-ai\data\raw\quasar\spec-0301-51942-0158.fits,C:\Users\Harshit\OneDrive\Desktop\stellar-spectra-ai\data\catalog\quasars.csv
3.38963e+17,quasar,209.01463,-1.0727671,1.932041,301,51942,244,QSO,BROADLINE,C:\Users\Harshit\OneDrive\Desktop\stellar-spectra-ai\data\raw\quasar\spec-0301-51942-0244.fits,C:\Users\Harshit\OneDrive\Desktop\stellar-spectra-ai\data\catalog\quasars.csv
3.38964e+17,quasar,208.85691,-0.96129406,0.8953325,301,51942,247,QSO,BROADLINE,C:\Users\Harshit\OneDrive\Desktop\stellar-spectra-ai\data\raw\quasar\spec-0301-51942-0247.fits,C:\Users\Harshit\OneDrive\Desktop\stellar-spectra-ai\data\catalog\quasars.csv
3.38967e+17,quasar,209.02257,-1.0067979,1.890797,301,51942,257,QSO,BROADLINE,C:\Users\Harshit\OneDrive\Desktop\stellar-spectra-ai\data\raw\quasar\spec-0301-51942-0257.fits,C:\Users\Harshit\OneDrive\Desktop\stellar-spectra-ai\data\catalog\quasars.csv
3.3897e+17,quasar,208.73859,-0.56843663,0.9328713,301,51942,271,QSO,BROADLINE,C:\Users\Harshit\OneDrive\Desktop\stellar-spectra-ai\data\raw\quasar\spec-0301-51942-0271.fits,C:\Users\Harshit\OneDrive\Desktop\stellar-spectra-ai\data\catalog\quasars.csv
3.38972e+17,quasar,208.89329,-0.14493596,1.793982,301,51942,278,QSO,BROADLINE,C:\Users\Harshit\OneDrive\Desktop\stellar-spectra-ai\data\raw\quasar\spec-0301-51942-0278.fits,C:\Users\Harshit\OneDrive\Desktop\stellar-spectra-ai\data\catalog\quasars.csv
3.38973e+17,quasar,208.77229,-0.33421122,1.983188,301,51942,279,QSO,BROADLINE,C:\Users\Harshit\OneDrive\Desktop\stellar-spectra-ai\data\raw\quasar\spec-0301-51942-0279.fits,C:\Users\Harshit\OneDrive\Desktop\stellar-spectra-ai\data\catalog\quasars.csv
3.3898e+17,quasar,208.21166,-0.32887682,1.353717,301,51942,305,QSO,BROADLINE,C:\Users\Harshit\OneDrive\Desktop\stellar-spectra-ai\data\raw\quasar\spec-0301-51942-0305.fits,C:\Users\Harshit\OneDrive\Desktop\stellar-spectra-ai\data\catalog\quasars.csv
3.38983e+17,quasar,208.60515,-0.23279563,1.512352,301,51942,316,QSO,BROADLINE,C:\Users\Harshit\OneDrive\Desktop\stellar-spectra-ai\data\raw\quasar\spec-0301-51942-0316.fits,C:\Users\Harshit\OneDrive\Desktop\stellar-spectra-ai\data\catalog\quasars.csv
3.38984e+17,quasar,208.89927,0.70363028,1.624181,301,51942,321,QSO,BROADLINE,C:\Users\Harshit\OneDrive\Desktop\stellar-spectra-ai\data\raw\quasar\spec-0301-51942-0321.fits,C:\Users\Harshit\OneDrive\Desktop\stellar-spectra-ai\data\catalog\quasars.csv
3.38985e+17,quasar,208.74489,1.0789432,0.3650836,301,51942,325,QSO,STARBURST BROADLINE,C:\Users\Harshit\OneDrive\Desktop\stellar-spectra-ai\data\raw\quasar\spec-0301-51942-0325.fits,C:\Users\Harshit\OneDrive\Desktop\stellar-spectra-ai\data\catalog\quasars.csv
3.6495e+17,quasar,183.56319,0.91984185,0.3957586,324,51666,575,QSO,BROADLINE,C:\Users\Harshit\OneDrive\Desktop\stellar-spectra-ai\data\raw\quasar\spec-0324-51666-0575.fits,C:\Users\Harshit\OneDrive\Desktop\stellar-spectra-ai\data\catalog\quasars.csv
3.64967e+17,quasar,184.30134,0.67261275,0.6739662,324,51666,639,QSO,,C:\Users\Harshit\OneDrive\Desktop\stellar-spectra-ai\data\raw\quasar\spec-0324-51666-0639.fits,C:\Users\Harshit\OneDrive\Desktop\stellar-spectra-ai\data\catalog\quasars.csv
3.67045e+17,quasar,172.70285,-3.3856036,1.882341,326,52375,4,QSO,BROADLINE,C:\Users\Harshit\OneDrive\Desktop\stellar-spectra-ai\data\raw\quasar\spec-0326-52375-0004.fits,C:\Users\Harshit\OneDrive\Desktop\stellar-spectra-ai\data\catalog\quasars.csv
3.67047e+17,quasar,172.43475,-3.1981732,1.929695,326,52375,12,QSO,BROADLINE,C:\Users\Harshit\OneDrive\Desktop\stellar-spectra-ai\data\raw\quasar\spec-0326-52375-0012.fits,C:\Users\Harshit\OneDrive\Desktop\stellar-spectra-ai\data\catalog\quasars.csv
3.67052e+17,quasar,173.12539,-2.772506,0.3318799,326,52375,33,QSO,BROADLINE,C:\Users\Harshit\OneDrive\Desktop\stellar-spectra-ai\data\raw\quasar\spec-0326-52375-0033.fits,C:\Users\Harshit\OneDrive\Desktop\stellar-spectra-ai\data\catalog\quasars.csv
3.67056e+17,quasar,172.39639,-3.6433514,2.672302,326,52375,44,QSO,BROADLINE,C:\Users\Harshit\OneDrive\Desktop\stellar-spectra-ai\data\raw\quasar\spec-0326-52375-0044.fits,C:\Users\Harshit\OneDrive\Desktop\stellar-spectra-ai\data\catalog\quasars.csv
3.67057e+17,quasar,172.28309,-3.107045,1.908347,326,52375,49,QSO,BROADLINE,C:\Users\Harshit\OneDrive\Desktop\stellar-spectra-ai\data\raw\quasar\spec-0326-52375-0049.fits,C:\Users\Harshit\OneDrive\Desktop\stellar-spectra-ai\data\catalog\quasars.csv
3.67058e+17,quasar,172.25301,-3.6383187,0.8643457,326,52375,54,QSO,BROADLINE,C:\Users\Harshit\OneDrive\Desktop\stellar-spectra-ai\data\raw\quasar\spec-0326-52375-0054.fits,C:\Users\Harshit\OneDrive\Desktop\stellar-spectra-ai\data\catalog\quasars.csv
3.67059e+17,quasar,172.19241,-3.5316835,1.532103,326,52375,55,QSO,,C:\Users\Harshit\OneDrive\Desktop\stellar-spectra-ai\data\raw\quasar\spec-0326-52375-0055.fits,C:\Users\Harshit\OneDrive\Desktop\stellar-spectra-ai\data\catalog\quasars.csv
3.67062e+17,quasar,172.97289,-3.1197433,0.7476947,326,52375,69,QSO,BROADLINE,C:\Users\Harshit\OneDrive\Desktop\stellar-spectra-ai\data\raw\quasar\spec-0326-52375-0069.fits,C:\Users\Harshit\OneDrive\Desktop\stellar-spectra-ai\data\catalog\quasars.csv
3.67063e+17,quasar,172.86594,-2.6682168,1.740165,326,52375,71,QSO,BROADLINE,C:\Users\Harshit\OneDrive\Desktop\stellar-spectra-ai\data\raw\quasar\spec-0326-52375-0071.fits,C:\Users\Harshit\OneDrive\Desktop\stellar-spectra-ai\data\catalog\quasars.csv
3.67064e+17,quasar,172.96765,-2.3813711,2.204407,326,52375,76,QSO,,C:\Users\Harshit\OneDrive\Desktop\stellar-spectra-ai\data\raw\quasar\spec-0326-52375-0076.fits,C:\Users\Harshit\OneDrive\Desktop\stellar-spectra-ai\data\catalog\quasars.csv
3.67071e+17,quasar,171.95849,-3.1739149,0.7419653,326,52375,100,QSO,BROADLINE,C:\Users\Harshit\OneDrive\Desktop\stellar-spectra-ai\data\raw\quasar\spec-0326-52375-0100.fits,C:\Users\Harshit\OneDrive\Desktop\stellar-spectra-ai\data\catalog\quasars.csv
3.67072e+17,quasar,172.19937,-2.8442744,1.149737,326,52375,105,QSO,BROADLINE,C:\Users\Harshit\OneDrive\Desktop\stellar-spectra-ai\data\raw\quasar\spec-0326-52375-0105.fits,C:\Users\Harshit\OneDrive\Desktop\stellar-spectra-ai\data\catalog\quasars.csv
3.67074e+17,quasar,172.70571,-2.8467624,1.404593,326,52375,113,QSO,BROADLINE,C:\Users\Harshit\OneDrive\Desktop\stellar-spectra-ai\data\raw\quasar\spec-0326-52375-0113.fits,C:\Users\Harshit\OneDrive\Desktop\stellar-spectra-ai\data\catalog\quasars.csv
3.67076e+17,quasar,172.30539,-2.6280338,1.86452,326,52375,118,QSO,BROADLINE,C:\Users\Harshit\OneDrive\Desktop\stellar-spectra-ai\data\raw\quasar\spec-0326-52375-0118.fits,C:\Users\Harshit\OneDrive\Desktop\stellar-spectra-ai\data\catalog\quasars.csv
3.6708e+17,quasar,171.61881,-3.4990069,1.19296,326,52375,132,QSO,BROADLINE,C:\Users\Harshit\OneDrive\Desktop\stellar-spectra-ai\data\raw\quasar\spec-0326-52375-0132.fits,C:\Users\Harshit\OneDrive\Desktop\stellar-spectra-ai\data\catalog\quasars.csv
3.67082e+17,quasar,172.05148,-2.9147319,0.8011336,326,52375,142,QSO,BROADLINE,C:\Users\Harshit\OneDrive\Desktop\stellar-spectra-ai\data\raw\quasar\spec-0326-52375-0142.fits,C:\Users\Harshit\OneDrive\Desktop\stellar-spectra-ai\data\catalog\quasars.csv
3.67083e+17,quasar,172.12978,-2.9097382,1.844039,326,52375,144,QSO,BROADLINE,C:\Users\Harshit\OneDrive\Desktop\stellar-spectra-ai\data\raw\quasar\spec-0326-52375-0144.fits,C:\Users\Harshit\OneDrive\Desktop\stellar-spectra-ai\data\catalog\quasars.csv
3.67085e+17,quasar,172.15252,-2.7711149,0.140269,326,52375,152,QSO,STARBURST BROADLINE,C:\Users\Harshit\OneDrive\Desktop\stellar-spectra-ai\data\raw\quasar\spec-0326-52375-0152.fits,C:\Users\Harshit\OneDrive\Desktop\stellar-spectra-ai\data\catalog\quasars.csv
3.6709e+17,quasar,171.88349,-2.6811826,1.59023,326,52375,168,QSO,BROADLINE,C:\Users\Harshit\OneDrive\Desktop\stellar-spectra-ai\data\raw\quasar\spec-0326-52375-0168.fits,C:\Users\Harshit\OneDrive\Desktop\stellar-spectra-ai\data\catalog\quasars.csv
3.67091e+17,quasar,171.89604,-2.9477069,1.379693,326,52375,174,QSO,BROADLINE,C:\Users\Harshit\OneDrive\Desktop\stellar-spectra-ai\data\raw\quasar\spec-0326-52375-0174.fits,C:\Users\Harshit\OneDrive\Desktop\stellar-spectra-ai\data\catalog\quasars.csv
3.67093e+17,quasar,171.64281,-2.6105393,1.843114,326,52375,181,QSO,BROADLINE,C:\Users\Harshit\OneDrive\Desktop\stellar-spectra-ai\data\raw\quasar\spec-0326-52375-0181.fits,C:\Users\Harshit\OneDrive\Desktop\stellar-spectra-ai\data\catalog\quasars.csv
3.67094e+17,quasar,171.60697,-2.7851683,1.891442,326,52375,184,QSO,,C:\Users\Harshit\OneDrive\Desktop\stellar-spectra-ai\data\raw\quasar\spec-0326-52375-0184.fits,C:\Users\Harshit\OneDrive\Desktop\stellar-spectra-ai\data\catalog\quasars.csv
3.67095e+17,quasar,171.74636,-3.0408728,1.743128,326,52375,188,QSO,BROADLINE,C:\Users\Harshit\OneDrive\Desktop\stellar-spectra-ai\data\raw\quasar\spec-0326-52375-0188.fits,C:\Users\Harshit\OneDrive\Desktop\stellar-spectra-ai\data\catalog\quasars.csv
3.67097e+17,quasar,171.59217,-2.3886523,0.8692303,326,52375,194,QSO,BROADLINE,C:\Users\Harshit\OneDrive\Desktop\stellar-spectra-ai\data\raw\quasar\spec-0326-52375-0194.fits,C:\Users\Harshit\OneDrive\Desktop\stellar-spectra-ai\data\catalog\quasars.csv
3.67099e+17,quasar,171.32888,-3.3542871,0.2604114,326,52375,201,QSO,BROADLINE,C:\Users\Harshit\OneDrive\Desktop\stellar-spectra-ai\data\raw\quasar\spec-0326-52375-0201.fits,C:\Users\Harshit\OneDrive\Desktop\stellar-spectra-ai\data\catalog\quasars.csv
3.671e+17,quasar,171.31268,-3.443983,0.8308553,326,52375,206,QSO,BROADLINE,C:\Users\Harshit\OneDrive\Desktop\stellar-spectra-ai\data\raw\quasar\spec-0326-52375-0206.fits,C:\Users\Harshit\OneDrive\Desktop\stellar-spectra-ai\data\catalog\quasars.csv
3.67103e+17,quasar,171.39734,-3.2522862,1.044604,326,52375,216,QSO,BROADLINE,C:\Users\Harshit\OneDrive\Desktop\stellar-spectra-ai\data\raw\quasar\spec-0326-52375-0216.fits,C:\Users\Harshit\OneDrive\Desktop\stellar-spectra-ai\data\catalog\quasars.csv
3.67104e+17,quasar,171.49941,-2.6543007,1.179238,326,52375,221,QSO,BROADLINE,C:\Users\Harshit\OneDrive\Desktop\stellar-spectra-ai\data\raw\quasar\spec-0326-52375-0221.fits,C:\Users\Harshit\OneDrive\Desktop\stellar-spectra-ai\data\catalog\quasars.csv
3.67105e+17,quasar,171.42332,-2.7551974,1.670798,326,52375,224,QSO,BROADLINE,C:\Users\Harshit\OneDrive\Desktop\stellar-spectra-ai\data\raw\quasar\spec-0326-52375-0224.fits,C:\Users\Harshit\OneDrive\Desktop\stellar-spectra-ai\data\catalog\quasars.csv
3.67106e+17,quasar,171.37692,-2.6670739,1.843999,326,52375,227,QSO,BROADLINE,C:\Users\Harshit\OneDrive\Desktop\stellar-spectra-ai\data\raw\quasar\spec-0326-52375-0227.fits,C:\Users\Harshit\OneDrive\Desktop\stellar-spectra-ai\data\catalog\quasars.csv
3.67107e+17,quasar,171.46405,-2.4511093,1.394717,326,52375,231,QSO,BROADLINE,C:\Users\Harshit\OneDrive\Desktop\stellar-spectra-ai\data\raw\quasar\spec-0326-52375-0231.fits,C:\Users\Harshit\OneDrive\Desktop\stellar-spectra-ai\data\catalog\quasars.csv
3.67109e+17,quasar,171.4231,-2.8155695,1.54633,326,52375,240,QSO,,C:\Users\Harshit\OneDrive\Desktop\stellar-spectra-ai\data\raw\quasar\spec-0326-52375-0240.fits,C:\Users\Harshit\OneDrive\Desktop\stellar-spectra-ai\data\catalog\quasars.csv
3.67115e+17,quasar,171.07732,-2.8872999,0.90237,326,52375,261,QSO,,C:\Users\Harshit\OneDrive\Desktop\stellar-spectra-ai\data\raw\quasar\spec-0326-52375-0261.fits,C:\Users\Harshit\OneDrive\Desktop\stellar-spectra-ai\data\catalog\quasars.csv
3.67119e+17,quasar,171.10389,-2.8513713,1.882629,326,52375,276,QSO,BROADLINE,C:\Users\Harshit\OneDrive\Desktop\stellar-spectra-ai\data\raw\quasar\spec-0326-52375-0276.fits,C:\Users\Harshit\OneDrive\Desktop\stellar-spectra-ai\data\catalog\quasars.csv
3.6712e+17,quasar,170.99221,-2.3764277,0.8298475,326,52375,278,QSO,BROADLINE,C:\Users\Harshit\OneDrive\Desktop\stellar-spectra-ai\data\raw\quasar\spec-0326-52375-0278.fits,C:\Users\Harshit\OneDrive\Desktop\stellar-spectra-ai\data\catalog\quasars.csv
3.67122e+17,quasar,171.00745,-3.5534932,0.2455314,326,52375,286,QSO,STARBURST BROADLINE,C:\Users\Harshit\OneDrive\Desktop\stellar-spectra-ai\data\raw\quasar\spec-0326-52375-0286.fits,C:\Users\Harshit\OneDrive\Desktop\stellar-spectra-ai\data\catalog\quasars.csv
3.67123e+17,quasar,170.87097,-3.3728134,1.357381,326,52375,288,QSO,BROADLINE,C:\Users\Harshit\OneDrive\Desktop\stellar-spectra-ai\data\raw\quasar\spec-0326-52375-0288.fits,C:\Users\Harshit\OneDrive\Desktop\stellar-spectra-ai\data\catalog\quasars.csv
3.67124e+17,quasar,170.85808,-3.2635512,1.768941,326,52375,292,QSO,BROADLINE,C:\Users\Harshit\OneDrive\Desktop\stellar-spectra-ai\data\raw\quasar\spec-0326-52375-0292.fits,C:\Users\Harshit\OneDrive\Desktop\stellar-spectra-ai\data\catalog\quasars.csv
3.67125e+17,quasar,171.04859,-3.6179602,0.7525157,326,52375,297,QSO,,C:\Users\Harshit\OneDrive\Desktop\stellar-spectra-ai\data\raw\quasar\spec-0326-52375-0297.fits,C:\Users\Harshit\OneDrive\Desktop\stellar-spectra-ai\data\catalog\quasars.csv
3.67126e+17,quasar,170.98697,-3.3143147,1.672655,326,52375,300,QSO,BROADLINE,C:\Users\Harshit\OneDrive\Desktop\stellar-spectra-ai\data\raw\quasar\spec-0326-52375-0300.fits,C:\Users\Harshit\OneDrive\Desktop\stellar-spectra-ai\data\catalog\quasars.csv
3.67127e+17,quasar,170.90158,-2.8669025,1.353797,326,52375,305,QSO,,C:\Users\Harshit\OneDrive\Desktop\stellar-spectra-ai\data\raw\quasar\spec-0326-52375-0305.fits,C:\Users\Harshit\OneDrive\Desktop\stellar-spectra-ai\data\catalog\quasars.csv
3.67132e+17,quasar,171.13786,-1.3919147,1.77456,326,52375,322,QSO,BROADLINE,C:\Users\Harshit\OneDrive\Desktop\stellar-spectra-ai\data\raw\quasar\spec-0326-52375-0322.fits,C:\Users\Harshit\OneDrive\Desktop\stellar-spectra-ai\data\catalog\quasars.csv
3.67135e+17,quasar,170.95505,-1.5189832,0.9373131,326,52375,334,QSO,BROADLINE,C:\Users\Harshit\OneDrive\Desktop\stellar-spectra-ai\data\raw\quasar\spec-0326-52375-0334.fits,C:\Users\Harshit\OneDrive\Desktop\stellar-spectra-ai\data\catalog\quasars.csv
3.67139e+17,quasar,171.04114,-2.2888028,0.4599344,326,52375,346,QSO,BROADLINE,C:\Users\Harshit\OneDrive\Desktop\stellar-spectra-ai\data\raw\quasar\spec-0326-52375-0346.fits,C:\Users\Harshit\OneDrive\Desktop\stellar-spectra-ai\data\catalog\quasars.csv
3.6714e+17,quasar,170.99736,-1.6480264,0.7766521,326,52375,350,QSO,BROADLINE,C:\Users\Harshit\OneDrive\Desktop\stellar-spectra-ai\data\raw\quasar\spec-0326-52375-0350.fits,C:\Users\Harshit\OneDrive\Desktop\stellar-spectra-ai\data\catalog\quasars.csv
3.67143e+17,quasar,171.15345,-1.557116,1.284435,326,52375,361,QSO,BROADLINE,C:\Users\Harshit\OneDrive\Desktop\stellar-spectra-ai\data\raw\quasar\spec-0326-52375-0361.fits,C:\Users\Harshit\OneDrive\Desktop\stellar-spectra-ai\data\catalog\quasars.csv
3.67144e+17,quasar,171.40526,-1.2842024,1.990341,326,52375,365,QSO,BROADLINE,C:\Users\Harshit\OneDrive\Desktop\stellar-spectra-ai\data\raw\quasar\spec-0326-52375-0365.fits,C:\Users\Harshit\OneDrive\Desktop\stellar-spectra-ai\data\catalog\quasars.csv
3.67145e+17,quasar,171.42876,-1.319845,2.003223,326,52375,370,QSO,BROADLINE,C:\Users\Harshit\OneDrive\Desktop\stellar-spectra-ai\data\raw\quasar\spec-0326-52375-0370.fits,C:\Users\Harshit\OneDrive\Desktop\stellar-spectra-ai\data\catalog\quasars.csv
3.67146e+17,quasar,171.32818,-1.1770719,0.9491279,326,52375,375,QSO,,C:\Users\Harshit\OneDrive\Desktop\stellar-spectra-ai\data\raw\quasar\spec-0326-52375-0375.fits,C:\Users\Harshit\OneDrive\Desktop\stellar-spectra-ai\data\catalog\quasars.csv
3.67149e+17,quasar,171.23032,-1.6314584,1.829909,326,52375,383,QSO,,C:\Users\Harshit\OneDrive\Desktop\stellar-spectra-ai\data\raw\quasar\spec-0326-52375-0383.fits,C:\Users\Harshit\OneDrive\Desktop\stellar-spectra-ai\data\catalog\quasars.csv
3.67151e+17,quasar,171.30726,-2.167246,1.744214,326,52375,393,QSO,BROADLINE,C:\Users\Harshit\OneDrive\Desktop\stellar-spectra-ai\data\raw\quasar\spec-0326-52375-0393.fits,C:\Users\Harshit\OneDrive\Desktop\stellar-spectra-ai\data\catalog\quasars.csv
3.67153e+17,quasar,171.14514,-2.0118382,1.496674,326,52375,397,QSO,BROADLINE,C:\Users\Harshit\OneDrive\Desktop\stellar-spectra-ai\data\raw\quasar\spec-0326-52375-0397.fits,C:\Users\Harshit\OneDrive\Desktop\stellar-spectra-ai\data\catalog\quasars.csv
3.67155e+17,quasar,171.53954,-1.3288984,1.347275,326,52375,406,QSO,BROADLINE,C:\Users\Harshit\OneDrive\Desktop\stellar-spectra-ai\data\raw\quasar\spec-0326-52375-0406.fits,C:\Users\Harshit\OneDrive\Desktop\stellar-spectra-ai\data\catalog\quasars.csv
3.67158e+17,quasar,171.69346,-1.5716661,0.3406637,326,52375,416,QSO,BROADLINE,C:\Users\Harshit\OneDrive\Desktop\stellar-spectra-ai\data\raw\quasar\spec-0326-52375-0416.fits,C:\Users\Harshit\OneDrive\Desktop\stellar-spectra-ai\data\catalog\quasars.csv
3.67162e+17,quasar,171.53221,-2.2556884,0.2375783,326,52375,433,QSO,STARFORMING BROADLINE,C:\Users\Harshit\OneDrive\Desktop\stellar-spectra-ai\data\raw\quasar\spec-0326-52375-0433.fits,C:\Users\Harshit\OneDrive\Desktop\stellar-spectra-ai\data\catalog\quasars.csv
3.67165e+17,quasar,171.78835,-1.5187129,0.204662,326,52375,441,QSO,STARBURST BROADLINE,C:\Users\Harshit\OneDrive\Desktop\stellar-spectra-ai\data\raw\quasar\spec-0326-52375-0441.fits,C:\Users\Harshit\OneDrive\Desktop\stellar-spectra-ai\data\catalog\quasars.csv
3.67166e+17,quasar,171.95965,-1.4844616,1.964179,326,52375,446,QSO,BROADLINE,C:\Users\Harshit\OneDrive\Desktop\stellar-spectra-ai\data\raw\quasar\spec-0326-52375-0446.fits,C:\Users\Harshit\OneDrive\Desktop\stellar-spectra-ai\data\catalog\quasars.csv
3.67167e+17,quasar,171.96937,-1.5048299,1.469489,326,52375,449,QSO,BROADLINE,C:\Users\Harshit\OneDrive\Desktop\stellar-spectra-ai\data\raw\quasar\spec-0326-52375-0449.fits,C:\Users\Harshit\OneDrive\Desktop\stellar-spectra-ai\data\catalog\quasars.csv
3.67168e+17,quasar,171.70595,-1.2367109,1.167969,326,52375,453,QSO,BROADLINE,C:\Users\Harshit\OneDrive\Desktop\stellar-spectra-ai\data\raw\quasar\spec-0326-52375-0453.fits,C:\Users\Harshit\OneDrive\Desktop\stellar-spectra-ai\data\catalog\quasars.csv
3.67169e+17,quasar,171.79902,-1.235524,1.761992,326,52375,457,QSO,BROADLINE,C:\Users\Harshit\OneDrive\Desktop\stellar-spectra-ai\data\raw\quasar\spec-0326-52375-0457.fits,C:\Users\Harshit\OneDrive\Desktop\stellar-spectra-ai\data\catalog\quasars.csv
3.6717e+17,quasar,171.80829,-1.1981362,1.808327,326,52375,459,QSO,BROADLINE,C:\Users\Harshit\OneDrive\Desktop\stellar-spectra-ai\data\raw\quasar\spec-0326-52375-0459.fits,C:\Users\Harshit\OneDrive\Desktop\stellar-spectra-ai\data\catalog\quasars.csv
3.67173e+17,quasar,171.76216,-1.8160785,1.46412,326,52375,472,QSO,BROADLINE,C:\Users\Harshit\OneDrive\Desktop\stellar-spectra-ai\data\raw\quasar\spec-0326-52375-0472.fits,C:\Users\Harshit\OneDrive\Desktop\stellar-spectra-ai\data\catalog\quasars.csv
3.67175e+17,quasar,171.57224,-1.8437971,1.986974,326,52375,477,QSO,BROADLINE,C:\Users\Harshit\OneDrive\Desktop\stellar-spectra-ai\data\raw\quasar\spec-0326-52375-0477.fits,C:\Users\Harshit\OneDrive\Desktop\stellar-spectra-ai\data\catalog\quasars.csv
3.67177e+17,quasar,171.90061,-1.6680495,1.502885,326,52375,486,QSO,BROADLINE,C:\Users\Harshit\OneDrive\Desktop\stellar-spectra-ai\data\raw\quasar\spec-0326-52375-0486.fits,C:\Users\Harshit\OneDrive\Desktop\stellar-spectra-ai\data\catalog\quasars.csv
3.67178e+17,quasar,171.89881,-1.942542,1.555429,326,52375,489,QSO,BROADLINE,C:\Users\Harshit\OneDrive\Desktop\stellar-spectra-ai\data\raw\quasar\spec-0326-52375-0489.fits,C:\Users\Harshit\OneDrive\Desktop\stellar-spectra-ai\data\catalog\quasars.csv
3.67179e+17,quasar,171.88517,-1.6029133,1.826869,326,52375,492,QSO,,C:\Users\Harshit\OneDrive\Desktop\stellar-spectra-ai\data\raw\quasar\spec-0326-52375-0492.fits,C:\Users\Harshit\OneDrive\Desktop\stellar-spectra-ai\data\catalog\quasars.csv
3.6718e+17,quasar,171.83916,-2.2237359,0.9393174,326,52375,496,QSO,BROADLINE,C:\Users\Harshit\OneDrive\Desktop\stellar-spectra-ai\data\raw\quasar\spec-0326-52375-0496.fits,C:\Users\Harshit\OneDrive\Desktop\stellar-spectra-ai\data\catalog\quasars.csv
3.67181e+17,quasar,171.91891,-1.8095975,0.7615122,326,52375,499,QSO,BROADLINE,C:\Users\Harshit\OneDrive\Desktop\stellar-spectra-ai\data\raw\quasar\spec-0326-52375-0499.fits,C:\Users\Harshit\OneDrive\Desktop\stellar-spectra-ai\data\catalog\quasars.csv
3.67185e+17,quasar,171.99836,-2.0604271,2.142051,326,52375,514,QSO,BROADLINE,C:\Users\Harshit\OneDrive\Desktop\stellar-spectra-ai\data\raw\quasar\spec-0326-52375-0514.fits,C:\Users\Harshit\OneDrive\Desktop\stellar-spectra-ai\data\catalog\quasars.csv
3.67194e+17,quasar,172.43296,-1.631167,1.293924,326,52375,549,QSO,BROADLINE,C:\Users\Harshit\OneDrive\Desktop\stellar-spectra-ai\data\raw\quasar\spec-0326-52375-0549.fits,C:\Users\Harshit\OneDrive\Desktop\stellar-spectra-ai\data\catalog\quasars.csv
3.67195e+17,quasar,172.30197,-1.8463172,1.777887,326,52375,550,QSO,BROADLINE,C:\Users\Harshit\OneDrive\Desktop\stellar-spectra-ai\data\raw\quasar\spec-0326-52375-0550.fits,C:\Users\Harshit\OneDrive\Desktop\stellar-spectra-ai\data\catalog\quasars.csv
3.67198e+17,quasar,172.33008,-1.0864842,1.908603,326,52375,562,QSO,BROADLINE,C:\Users\Harshit\OneDrive\Desktop\stellar-spectra-ai\data\raw\quasar\spec-0326-52375-0562.fits,C:\Users\Harshit\OneDrive\Desktop\stellar-spectra-ai\data\catalog\quasars.csv
3.672e+17,quasar,172.2522,-1.5080852,1.378255,326,52375,571,QSO,BROADLINE,C:\Users\Harshit\OneDrive\Desktop\stellar-spectra-ai\data\raw\quasar\spec-0326-52375-0571.fits,C:\Users\Harshit\OneDrive\Desktop\stellar-spectra-ai\data\catalog\quasars.csv
3.67201e+17,quasar,172.47002,-1.5245778,0.4841043,326,52375,574,QSO,BROADLINE,C:\Users\Harshit\OneDrive\Desktop\stellar-spectra-ai\data\raw\quasar\spec-0326-52375-0574.fits,C:\Users\Harshit\OneDrive\Desktop\stellar-spectra-ai\data\catalog\quasars.csv
3.67203e+17,quasar,172.21369,-1.3330025,1.090752,326,52375,579,QSO,,C:\Users\Harshit\OneDrive\Desktop\stellar-spectra-ai\data\raw\quasar\spec-0326-52375-0579.fits,C:\Users\Harshit\OneDrive\Desktop\stellar-spectra-ai\data\catalog\quasars.csv
3.67205e+17,quasar,172.53406,-2.2634845,1.898395,326,52375,589,QSO,,C:\Users\Harshit\OneDrive\Desktop\stellar-spectra-ai\data\raw\quasar\spec-0326-52375-0589.fits,C:\Users\Harshit\OneDrive\Desktop\stellar-spectra-ai\data\catalog\quasars.csv
3.67206e+17,quasar,172.74058,-1.9274019,1.368715,326,52375,591,QSO,BROADLINE,C:\Users\Harshit\OneDrive\Desktop\stellar-spectra-ai\data\raw\quasar\spec-0326-52375-0591.fits,C:\Users\Harshit\OneDrive\Desktop\stellar-spectra-ai\data\catalog\quasars.csv
3.67207e+17,quasar,172.79464,-2.1486414,1.253783,326,52375,594,QSO,,C:\Users\Harshit\OneDrive\Desktop\stellar-spectra-ai\data\raw\quasar\spec-0326-52375-0594.fits,C:\Users\Harshit\OneDrive\Desktop\stellar-spectra-ai\data\catalog\quasars.csv
3.67212e+17,quasar,172.67618,-1.5417612,1.763653,326,52375,614,QSO,BROADLINE,C:\Users\Harshit\OneDrive\Desktop\stellar-spectra-ai\data\raw\quasar\spec-0326-52375-0614.fits,C:\Users\Harshit\OneDrive\Desktop\stellar-spectra-ai\data\catalog\quasars.csv
3.67213e+17,quasar,172.89065,-1.3749815,1.537726,326,52375,617,QSO,,C:\Users\Harshit\OneDrive\Desktop\stellar-spectra-ai\data\raw\quasar\spec-0326-52375-0617.fits,C:\Users\Harshit\OneDrive\Desktop\stellar-spectra-ai\data\catalog\quasars.csv
3.67215e+17,quasar,172.89688,-1.690773,1.8143,326,52375,623,QSO,BROADLINE,C:\Users\Harshit\OneDrive\Desktop\stellar-spectra-ai\data\raw\quasar\spec-0326-52375-0623.fits,C:\Users\Harshit\OneDrive\Desktop\stellar-spectra-ai\data\catalog\quasars.csv
3.67216e+17,quasar,173.02078,-1.6558221,1.913693,326,52375,627,QSO,BROADLINE,C:\Users\Harshit\OneDrive\Desktop\stellar-spectra-ai\data\raw\quasar\spec-0326-52375-0627.fits,C:\Users\Harshit\OneDrive\Desktop\stellar-spectra-ai\data\catalog\quasars.csv
3.67217e+17,quasar,173.15725,-1.8622951,0.9064927,326,52375,630,QSO,BROADLINE,C:\Users\Harshit\OneDrive\Desktop\stellar-spectra-ai\data\raw\quasar\spec-0326-52375-0630.fits,C:\Users\Harshit\OneDrive\Desktop\stellar-spectra-ai\data\catalog\quasars.csv
3.68171e+17,quasar,174.50157,-3.196561,2.410913,327,52294,5,QSO,BROADLINE,C:\Users\Harshit\OneDrive\Desktop\stellar-spectra-ai\data\raw\quasar\spec-0327-52294-0005.fits,C:\Users\Harshit\OneDrive\Desktop\stellar-spectra-ai\data\catalog\quasars.csv
3.68175e+17,quasar,174.6785,-3.2342371,0.2121531,327,52294,19,QSO,BROADLINE,C:\Users\Harshit\OneDrive\Desktop\stellar-spectra-ai\data\raw\quasar\spec-0327-52294-0019.fits,C:\Users\Harshit\OneDrive\Desktop\stellar-spectra-ai\data\catalog\quasars.csv
3.68176e+17,quasar,175.00552,-3.0629441,1.133849,327,52294,25,QSO,BROADLINE,C:\Users\Harshit\OneDrive\Desktop\stellar-spectra-ai\data\raw\quasar\spec-0327-52294-0025.fits,C:\Users\Harshit\OneDrive\Desktop\stellar-spectra-ai\data\catalog\quasars.csv
3.25439e+17,quasar,186.86212,-0.16774167,1.543896,289,51990,196,QSO,BROADLINE,C:\Users\Harshit\OneDrive\Desktop\stellar-spectra-ai\data\raw\quasar\spec-0289-51990-0196.fits,C:\Users\Harshit\OneDrive\Desktop\stellar-spectra-ai\data\catalog\quasars.csv
3.2544e+17,quasar,186.71672,-0.19985323,1.173982,289,51990,198,QSO,BROADLINE,C:\Users\Harshit\OneDrive\Desktop\stellar-spectra-ai\data\raw\quasar\spec-0289-51990-0198.fits,C:\Users\Harshit\OneDrive\Desktop\stellar-spectra-ai\data\catalog\quasars.csv
3.25442e+17,quasar,186.60034,-1.2096101,0.9198498,289,51990,206,QSO,BROADLINE,C:\Users\Harshit\OneDrive\Desktop\stellar-spectra-ai\data\raw\quasar\spec-0289-51990-0206.fits,C:\Users\Harshit\OneDrive\Desktop\stellar-spectra-ai\data\catalog\quasars.csv
3.25446e+17,quasar,186.80513,-1.2373847,1.290582,289,51990,220,QSO,BROADLINE,C:\Users\Harshit\OneDrive\Desktop\stellar-spectra-ai\data\raw\quasar\spec-0289-51990-0220.fits,C:\Users\Harshit\OneDrive\Desktop\stellar-spectra-ai\data\catalog\quasars.csv
3.25448e+17,quasar,186.53343,-0.10062077,1.122853,289,51990,228,QSO,BROADLINE,C:\Users\Harshit\OneDrive\Desktop\stellar-spectra-ai\data\raw\quasar\spec-0289-51990-0228.fits,C:\Users\Harshit\OneDrive\Desktop\stellar-spectra-ai\data\catalog\quasars.csv
3.25449e+17,quasar,186.6726,-0.33474192,0.3532658,289,51990,234,QSO,STARBURST BROADLINE,C:\Users\Harshit\OneDrive\Desktop\stellar-spectra-ai\data\raw\quasar\spec-0289-51990-0234.fits,C:\Users\Harshit\OneDrive\Desktop\stellar-spectra-ai\data\catalog\quasars.csv
3.2545e+17,quasar,186.39758,-0.34427379,0.9210073,289,51990,235,QSO,BROADLINE,C:\Users\Harshit\OneDrive\Desktop\stellar-spectra-ai\data\raw\quasar\spec-0289-51990-0235.fits,C:\Users\Harshit\OneDrive\Desktop\stellar-spectra-ai\data\catalog\quasars.csv
3.25456e+17,quasar,186.49354,-0.87392805,0.9629504,289,51990,257,QSO,BROADLINE,C:\Users\Harshit\OneDrive\Desktop\stellar-spectra-ai\data\raw\quasar\spec-0289-51990-0257.fits,C:\Users\Harshit\OneDrive\Desktop\stellar-spectra-ai\data\catalog\quasars.csv
3.25473e+17,quasar,185.65359,0.96615723,1.71364,289,51990,321,QSO,,C:\Users\Harshit\OneDrive\Desktop\stellar-spectra-ai\data\raw\quasar\spec-0289-51990-0321.fits,C:\Users\Harshit\OneDrive\Desktop\stellar-spectra-ai\data\catalog\quasars.csv
3.25477e+17,quasar,185.9509,1.0394078,1.941538,289,51990,334,QSO,BROADLINE,C:\Users\Harshit\OneDrive\Desktop\stellar-spectra-ai\data\raw\quasar\spec-0289-51990-0334.fits,C:\Users\Harshit\OneDrive\Desktop\stellar-spectra-ai\data\catalog\quasars.csv
3.2548e+17,quasar,185.46715,0.2884995,0.2931593,289,51990,347,QSO,AGN,C:\Users\Harshit\OneDrive\Desktop\stellar-spectra-ai\data\raw\quasar\spec-0289-51990-0347.fits,C:\Users\Harshit\OneDrive\Desktop\stellar-spectra-ai\data\catalog\quasars.csv
3.25485e+17,quasar,186.00326,0.98885982,1.491965,289,51990,365,QSO,BROADLINE,C:\Users\Harshit\OneDrive\Desktop\stellar-spectra-ai\data\raw\quasar\spec-0289-51990-0365.fits,C:\Users\Harshit\OneDrive\Desktop\stellar-spectra-ai\data\catalog\quasars.csv
3.25488e+17,quasar,186.04981,0.74477905,1.631191,289,51990,374,QSO,BROADLINE,C:\Users\Harshit\OneDrive\Desktop\stellar-spectra-ai\data\raw\quasar\spec-0289-51990-0374.fits,C:\Users\Harshit\OneDrive\Desktop\stellar-spectra-ai\data\catalog\quasars.csv
3.25489e+17,quasar,186.13376,0.71374277,1.287479,289,51990,379,QSO,BROADLINE,C:\Users\Harshit\OneDrive\Desktop\stellar-spectra-ai\data\raw\quasar\spec-0289-51990-0379.fits,C:\Users\Harshit\OneDrive\Desktop\stellar-spectra-ai\data\catalog\quasars.csv
3.25502e+17,quasar,186.48592,0.59306137,1.223197,289,51990,425,QSO,BROADLINE,C:\Users\Harshit\OneDrive\Desktop\stellar-spectra-ai\data\raw\quasar\spec-0289-51990-0425.fits,C:\Users\Harshit\OneDrive\Desktop\stellar-spectra-ai\data\catalog\quasars.csv
3.25504e+17,quasar,186.35284,0.10621443,2.07905,289,51990,434,QSO,,C:\Users\Harshit\OneDrive\Desktop\stellar-spectra-ai\data\raw\quasar\spec-0289-51990-0434.fits,C:\Users\Harshit\OneDrive\Desktop\stellar-spectra-ai\data\catalog\quasars.csv
3.25506e+17,quasar,186.56826,0.010079544,1.974752,289,51990,438,QSO,BROADLINE,C:\Users\Harshit\OneDrive\Desktop\stellar-spectra-ai\data\raw\quasar\spec-0289-51990-0438.fits,C:\Users\Harshit\OneDrive\Desktop\stellar-spectra-ai\data\catalog\quasars.csv
3.25509e+17,quasar,186.85946,1.1229779,1.921265,289,51990,451,QSO,,C:\Users\Harshit\OneDrive\Desktop\stellar-spectra-ai\data\raw\quasar\spec-0289-51990-0451.fits,C:\Users\Harshit\OneDrive\Desktop\stellar-spectra-ai\data\catalog\quasars.csv
3.25512e+17,quasar,186.62688,0.60391092,1.405104,289,51990,461,QSO,BROADLINE,C:\Users\Harshit\OneDrive\Desktop\stellar-spectra-ai\data\raw\quasar\spec-0289-51990-0461.fits,C:\Users\Harshit\OneDrive\Desktop\stellar-spectra-ai\data\catalog\quasars.csv
3.25515e+17,quasar,186.66342,0.086939924,0.8672416,289,51990,473,QSO,BROADLINE,C:\Users\Harshit\OneDrive\Desktop\stellar-spectra-ai\data\raw\quasar\spec-0289-51990-0473.fits,C:\Users\Harshit\OneDrive\Desktop\stellar-spectra-ai\data\catalog\quasars.csv
3.25521e+17,quasar,186.89731,0.16471959,1.014519,289,51990,494,QSO,BROADLINE,C:\Users\Harshit\OneDrive\Desktop\stellar-spectra-ai\data\raw\quasar\spec-0289-51990-0494.fits,C:\Users\Harshit\OneDrive\Desktop\stellar-spectra-ai\data\catalog\quasars.csv
3.25524e+17,quasar,187.09922,0.24185067,0.2844649,289,51990,504,QSO,BROADLINE,C:\Users\Harshit\OneDrive\Desktop\stellar-spectra-ai\data\raw\quasar\spec-0289-51990-0504.fits,C:\Users\Harshit\OneDrive\Desktop\stellar-spectra-ai\data\catalog\quasars.csv
3.25526e+17,quasar,187.28181,0.17919554,1.821268,289,51990,513,QSO,BROADLINE,C:\Users\Harshit\OneDrive\Desktop\stellar-spectra-ai\data\raw\quasar\spec-0289-51990-0513.fits,C:\Users\Harshit\OneDrive\Desktop\stellar-spectra-ai\data\catalog\quasars.csv
3.25528e+17,quasar,187.16878,0.075934249,0.9141566,289,51990,520,QSO,BROADLINE,C:\Users\Harshit\OneDrive\Desktop\stellar-spectra-ai\data\raw\quasar\spec-0289-51990-0520.fits,C:\Users\Harshit\OneDrive\Desktop\stellar-spectra-ai\data\catalog\quasars.csv
3.25534e+17,quasar,187.53674,0.37470737,0.9479639,289,51990,543,QSO,BROADLINE,C:\Users\Harshit\OneDrive\Desktop\stellar-spectra-ai\data\raw\quasar\spec-0289-51990-0543.fits,C:\Users\Harshit\OneDrive\Desktop\stellar-spectra-ai\data\catalog\quasars.csv
3.25538e+17,quasar,187.51167,0.45162258,0.4878941,289,51990,555,QSO,BROADLINE,C:\Users\Harshit\OneDrive\Desktop\stellar-spectra-ai\data\raw\quasar\spec-0289-51990-0555.fits,C:\Users\Harshit\OneDrive\Desktop\stellar-spectra-ai\data\catalog\quasars.csv
3.25541e+17,quasar,187.46118,0.98087063,1.640698,289,51990,568,QSO,BROADLINE,C:\Users\Harshit\OneDrive\Desktop\stellar-spectra-ai\data\raw\quasar\spec-0289-51990-0568.fits,C:\Users\Harshit\OneDrive\Desktop\stellar-spectra-ai\data\catalog\quasars.csv
3.25545e+17,quasar,187.8435,0.014736585,0.6981658,289,51990,583,QSO,,C:\Users\Harshit\OneDrive\Desktop\stellar-spectra-ai\data\raw\quasar\spec-0289-51990-0583.fits,C:\Users\Harshit\OneDrive\Desktop\stellar-spectra-ai\data\catalog\quasars.csv
3.25546e+17,quasar,187.90179,0.45536583,1.995659,289,51990,585,QSO,BROADLINE,C:\Users\Harshit\OneDrive\Desktop\stellar-spectra-ai\data\raw\quasar\spec-0289-51990-0585.fits,C:\Users\Harshit\OneDrive\Desktop\stellar-spectra-ai\data\catalog\quasars.csv
3.25549e+17,quasar,187.60354,0.16521933,1.166725,289,51990,595,QSO,BROADLINE,C:\Users\Harshit\OneDrive\Desktop\stellar-spectra-ai\data\raw\quasar\spec-0289-51990-0595.fits,C:\Users\Harshit\OneDrive\Desktop\stellar-spectra-ai\data\catalog\quasars.csv
3.25551e+17,quasar,187.70037,0.78982191,0.605193,289,51990,605,QSO,BROADLINE,C:\Users\Harshit\OneDrive\Desktop\stellar-spectra-ai\data\raw\quasar\spec-0289-51990-0605.fits,C:\Users\Harshit\OneDrive\Desktop\stellar-spectra-ai\data\catalog\quasars.csv
3.25553e+17,quasar,187.85298,0.78866687,1.724978,289,51990,610,QSO,,C:\Users\Harshit\OneDrive\Desktop\stellar-spectra-ai\data\raw\quasar\spec-0289-51990-0610.fits,C:\Users\Harshit\OneDrive\Desktop\stellar-spectra-ai\data\catalog\quasars.csv
3.25558e+17,quasar,188.04456,0.5054135,1.835389,289,51990,628,QSO,,C:\Users\Harshit\OneDrive\Desktop\stellar-spectra-ai\data\raw\quasar\spec-0289-51990-0628.fits,C:\Users\Harshit\OneDrive\Desktop\stellar-spectra-ai\data\catalog\quasars.csv
3.26512e+17,quasar,189.73376,-0.99191954,1.845218,290,51941,5,QSO,BROADLINE,C:\Users\Harshit\OneDrive\Desktop\stellar-spectra-ai\data\raw\quasar\spec-0290-51941-0005.fits,C:\Users\Harshit\OneDrive\Desktop\stellar-spectra-ai\data\catalog\quasars.csv
3.26514e+17,quasar,189.69465,-0.70653151,0.9367619,290,51941,11,QSO,BROADLINE,C:\Users\Harshit\OneDrive\Desktop\stellar-spectra-ai\data\raw\quasar\spec-0290-51941-0011.fits,C:\Users\Harshit\OneDrive\Desktop\stellar-spectra-ai\data\catalog\quasars.csv
3.26518e+17,quasar,190.02648,-0.61691123,2.239408,290,51941,24,QSO,,C:\Users\Harshit\OneDrive\Desktop\stellar-spectra-ai\data\raw\quasar\spec-0290-51941-0024.fits,C:\Users\Harshit\OneDrive\Desktop\stellar-spectra-ai\data\catalog\quasars.csv
3.2652e+17,quasar,190.05798,-0.60041523,1.365598,290,51941,31,QSO,BROADLINE,C:\Users\Harshit\OneDrive\Desktop\stellar-spectra-ai\data\raw\quasar\spec-0290-51941-0031.fits,C:\Users\Harshit\OneDrive\Desktop\stellar-spectra-ai\data\catalog\quasars.csv
3.26522e+17,quasar,190.13866,-0.24541353,1.439024,290,51941,39,QSO,BROADLINE,C:\Users\Harshit\OneDrive\Desktop\stellar-spectra-ai\data\raw\quasar\spec-0290-51941-0039.fits,C:\Users\Harshit\OneDrive\Desktop\stellar-spectra-ai\data\catalog\quasars.csv
3.26523e+17,quasar,189.57021,-0.94903057,1.400813,290,51941,45,QSO,BROADLINE,C:\Users\Harshit\OneDrive\Desktop\stellar-spectra-ai\data\raw\quasar\spec-0290-51941-0045.fits,C:\Users\Harshit\OneDrive\Desktop\stellar-spectra-ai\data\catalog\quasars.csv
3.26528e+17,quasar,189.93729,-0.71612172,1.277305,290,51941,62,QSO,BROADLINE,C:\Users\Harshit\OneDrive\Desktop\stellar-spectra-ai\data\raw\quasar\spec-0290-51941-0062.fits,C:\Users\Harshit\OneDrive\Desktop\stellar-spectra-ai\data\catalog\quasars.csv
3.26529e+17,quasar,189.68509,-0.19451012,0.8753049,290,51941,64,QSO,BROADLINE,C:\Users\Harshit\OneDrive\Desktop\stellar-spectra-ai\data\raw\quasar\spec-0290-51941-0064.fits,C:\Users\Harshit\OneDrive\Desktop\stellar-spectra-ai\data\catalog\quasars.csv
3.26531e+17,quasar,189.96591,-0.47910573,1.313576,290,51941,74,QSO,BROADLINE,C:\Users\Harshit\OneDrive\Desktop\stellar-spectra-ai\data\raw\quasar\spec-0290-51941-0074.fits,C:\Users\Harshit\OneDrive\Desktop\stellar-spectra-ai\data\catalog\quasars.csv
3.26532e+17,quasar,189.99491,-0.42604127,1.195779,290,51941,77,QSO,BROADLINE,C:\Users\Harshit\OneDrive\Desktop\stellar-spectra-ai\data\raw\quasar\spec-0290-51941-0077.fits,C:\Users\Harshit\OneDrive\Desktop\stellar-spectra-ai\data\catalog\quasars.csv
3.2654e+17,quasar,189.49009,-0.47458569,1.695871,290,51941,106,QSO,BROADLINE,C:\Users\Harshit\OneDrive\Desktop\stellar-spectra-ai\data\raw\quasar\spec-0290-51941-0106.fits,C:\Users\Harshit\OneDrive\Desktop\stellar-spectra-ai\data\catalog\quasars.csv
3.26545e+17,quasar,188.97344,-1.1968149,1.476106,290,51941,123,QSO,BROADLINE,C:\Users\Harshit\OneDrive\Desktop\stellar-spectra-ai\data\raw\quasar\spec-0290-51941-0123.fits,C:\Users\Harshit\OneDrive\Desktop\stellar-spectra-ai\data\catalog\quasars.csv
3.26551e+17,quasar,189.34946,-0.70278202,1.818328,290,51941,145,QSO,BROADLINE,C:\Users\Harshit\OneDrive\Desktop\stellar-spectra-ai\data\raw\quasar\spec-0290-51941-0145.fits,C:\Users\Harshit\OneDrive\Desktop\stellar-spectra-ai\data\catalog\quasars.csv
3.26556e+17,quasar,189.30437,-0.4055596,0.2487511,290,51941,162,QSO,STARBURST BROADLINE,C:\Users\Harshit\OneDrive\Desktop\stellar-spectra-ai\data\raw\quasar\spec-0290-51941-0162.fits,C:\Users\Harshit\OneDrive\Desktop\stellar-spectra-ai\data\catalog\quasars.csv
3.26559e+17,quasar,189.14968,-0.5481596,0.23298,290,51941,173,QSO,BROADLINE,C:\Users\Harshit\OneDrive\Desktop\stellar-spectra-ai\data\raw\quasar\spec-0290-51941-0173.fits,C:\Users\Harshit\OneDrive\Desktop\stellar-spectra-ai\data\catalog\quasars.csv
3.26562e+17,quasar,188.85532,-0.61493507,1.951805,290,51941,186,QSO,BROADLINE,C:\Users\Harshit\OneDrive\Desktop\stellar-spectra-ai\data\raw\quasar\spec-0290-51941-0186.fits,C:\Users\Harshit\OneDrive\Desktop\stellar-spectra-ai\data\catalog\quasars.csv
3.26563e+17,quasar,188.8748,-0.69468401,1.587697,290,51941,190,QSO,BROADLINE,C:\Users\Harshit\OneDrive\Desktop\stellar-spectra-ai\data\raw\quasar\spec-0290-51941-0190.fits,C:\Users\Harshit\OneDrive\Desktop\stellar-spectra-ai\data\catalog\quasars.csv
3.26572e+17,quasar,188.77465,-0.50620769,1.885146,290,51941,221,QSO,BROADLINE,C:\Users\Harshit\OneDrive\Desktop\stellar-spectra-ai\data\raw\quasar\spec-0290-51941-0221.fits,C:\Users\Harshit\OneDrive\Desktop\stellar-spectra-ai\data\catalog\quasars.csv
3.26585e+17,quasar,188.26691,-0.52614891,0.4709867,290,51941,269,QSO,BROADLINE,C:\Users\Harshit\OneDrive\Desktop\stellar-spectra-ai\data\raw\quasar\spec-0290-51941-0269.fits,C:\Users\Harshit\OneDrive\Desktop\stellar-spectra-ai\data\catalog\quasars.csv
3.26587e+17,quasar,188.40766,-0.5261137,1.735441,290,51941,275,QSO,BROADLINE,C:\Users\Harshit\OneDrive\Desktop\stellar-spectra-ai\data\raw\quasar\spec-0290-51941-0275.fits,C:\Users\Harshit\OneDrive\Desktop\stellar-spectra-ai\data\catalog\quasars.csv
3.26601e+17,quasar,188.04035,0.83761657,0.4765315,290,51941,329,QSO,BROADLINE,C:\Users\Harshit\OneDrive\Desktop\stellar-spectra-ai\data\raw\quasar\spec-0290-51941-0329.fits,C:\Users\Harshit\OneDrive\Desktop\stellar-spectra-ai\data\catalog\quasars.csv
3.26611e+17,quasar,188.6159,0.96650961,1.528742,290,51941,365,QSO,BROADLINE,C:\Users\Harshit\OneDrive\Desktop\stellar-spectra-ai\data\raw\quasar\spec-0290-51941-0365.fits,C:\Users\Harshit\OneDrive\Desktop\stellar-spectra-ai\data\catalog\quasars.csv
3.26612e+17,quasar,188.50434,1.1470684,1.848642,290,51941,367,QSO,BROADLINE,C:\Users\Harshit\OneDrive\Desktop\stellar-spectra-ai\data\raw\quasar\spec-0290-51941-0367.fits,C:\Users\Harshit\OneDrive\Desktop\stellar-spectra-ai\data\catalog\quasars.csv
3.26614e+17,quasar,188.4302,1.135344,0.9490734,290,51941,375,QSO,,C:\Users\Harshit\OneDrive\Desktop\stellar-spectra-ai\data\raw\quasar\spec-0290-51941-0375.fits,C:\Users\Harshit\OneDrive\Desktop\stellar-spectra-ai\data\catalog\quasars.csv
3.26619e+17,quasar,188.50027,0.052233799,0.2240481,290,51941,393,QSO,BROADLINE,C:\Users\Harshit\OneDrive\Desktop\stellar-spectra-ai\data\raw\quasar\spec-0290-51941-0393.fits,C:\Users\Harshit\OneDrive\Desktop\stellar-spectra-ai\data\catalog\quasars.csv
3.2662e+17,quasar,188.43996,0.19949035,0.2384535,290,51941,395,QSO,BROADLINE,C:\Users\Harshit\OneDrive\Desktop\stellar-spectra-ai\data\raw\quasar\spec-0290-51941-0395.fits,C:\Users\Harshit\OneDrive\Desktop\stellar-spectra-ai\data\catalog\quasars.csv
3.2664e+17,quasar,188.85703,0.04993203,1.215538,290,51941,471,QSO,BROADLINE,C:\Users\Harshit\OneDrive\Desktop\stellar-spectra-ai\data\raw\quasar\spec-0290-51941-0471.fits,C:\Users\Harshit\OneDrive\Desktop\stellar-spectra-ai\data\catalog\quasars.csv
3.26643e+17,quasar,189.01178,0.39548319,1.57228,290,51941,479,QSO,BROADLINE,C:\Users\Harshit\OneDrive\Desktop\stellar-spectra-ai\data\raw\quasar\spec-0290-51941-0479.fits,C:\Users\Harshit\OneDrive\Desktop\stellar-spectra-ai\data\catalog\quasars.csv
3.26644e+17,quasar,189.05687,0.29273751,0.5903149,290,51941,484,QSO,BROADLINE,C:\Users\Harshit\OneDrive\Desktop\stellar-spectra-ai\data\raw\quasar\spec-0290-51941-0484.fits,C:\Users\Harshit\OneDrive\Desktop\stellar-spectra-ai\data\catalog\quasars.csv
3.26653e+17,quasar,189.55313,0.2544899,0.5816169,290,51941,515,QSO,BROADLINE,C:\Users\Harshit\OneDrive\Desktop\stellar-spectra-ai\data\raw\quasar\spec-0290-51941-0515.fits,C:\Users\Harshit\OneDrive\Desktop\stellar-spectra-ai\data\catalog\quasars.csv
3.26656e+17,quasar,189.43497,1.0757281,0.6420136,290,51941,526,QSO,BROADLINE,C:\Users\Harshit\OneDrive\Desktop\stellar-spectra-ai\data\raw\quasar\spec-0290-51941-0526.fits,C:\Users\Harshit\OneDrive\Desktop\stellar-spectra-ai\data\catalog\quasars.csv
3.26657e+17,quasar,189.35218,1.1043159,2.013666,290,51941,532,QSO,BROADLINE,C:\Users\Harshit\OneDrive\Desktop\stellar-spectra-ai\data\raw\quasar\spec-0290-51941-0532.fits,C:\Users\Harshit\OneDrive\Desktop\stellar-spectra-ai\data\catalog\quasars.csv
3.26658e+17,quasar,189.4024,0.64286013,0.9930691,290,51941,533,QSO,BROADLINE,C:\Users\Harshit\OneDrive\Desktop\stellar-spectra-ai\data\raw\quasar\spec-0290-51941-0533.fits,C:\Users\Harshit\OneDrive\Desktop\stellar-spectra-ai\data\catalog\quasars.csv
3.20908e+17,quasar,179.94472,-1.0807244,0.1321981,285,51930,96,QSO,STARBURST BROADLINE,C:\Users\Harshit\OneDrive\Desktop\stellar-spectra-ai\data\raw\quasar\spec-0285-51930-0096.fits,C:\Users\Harshit\OneDrive\Desktop\stellar-spectra-ai\data\catalog\quasars.csv
3.20913e+17,quasar,180.42602,-0.27775702,1.987512,285,51930,114,QSO,BROADLINE,C:\Users\Harshit\OneDrive\Desktop\stellar-spectra-ai\data\raw\quasar\spec-0285-51930-0114.fits,C:\Users\Harshit\OneDrive\Desktop\stellar-spectra-ai\data\catalog\quasars.csv
3.20926e+17,quasar,179.99606,-0.53835792,1.361609,285,51930,162,QSO,BROADLINE,C:\Users\Harshit\OneDrive\Desktop\stellar-spectra-ai\data\raw\quasar\spec-0285-51930-0162.fits,C:\Users\Harshit\OneDrive\Desktop\stellar-spectra-ai\data\catalog\quasars.csv
3.20928e+17,quasar,180.05873,-0.77742639,0.1793873,285,51930,170,QSO,BROADLINE,C:\Users\Harshit\OneDrive\Desktop\stellar-spectra-ai\data\raw\quasar\spec-0285-51930-0170.fits,C:\Users\Harshit\OneDrive\Desktop\stellar-spectra-ai\data\catalog\quasars.csv
3.20941e+17,quasar,179.53529,-0.93127109,0.9310715,285,51930,215,QSO,BROADLINE,C:\Users\Harshit\OneDrive\Desktop\stellar-spectra-ai\data\raw\quasar\spec-0285-51930-0215.fits,C:\Users\Harshit\OneDrive\Desktop\stellar-spectra-ai\data\catalog\quasars.csv
3.20943e+17,quasar,179.56164,-0.56773896,0.7919978,285,51930,223,QSO,BROADLINE,C:\Users\Harshit\OneDrive\Desktop\stellar-spectra-ai\data\raw\quasar\spec-0285-51930-0223.fits,C:\Users\Harshit\OneDrive\Desktop\stellar-spectra-ai\data\catalog\quasars.csv
3.20944e+17,quasar,179.60726,-0.70990625,1.550011,285,51930,226,QSO,BROADLINE,C:\Users\Harshit\OneDrive\Desktop\stellar-spectra-ai\data\raw\quasar\spec-0285-51930-0226.fits,C:\Users\Harshit\OneDrive\Desktop\stellar-spectra-ai\data\catalog\quasars.csv
3.20947e+17,quasar,179.61226,-0.11706027,1.809161,285,51930,239,QSO,BROADLINE,C:\Users\Harshit\OneDrive\Desktop\stellar-spectra-ai\data\raw\quasar\spec-0285-51930-0239.fits,C:\Users\Harshit\OneDrive\Desktop\stellar-spectra-ai\data\catalog\quasars.csv
3.20958e+17,quasar,179.49471,-0.37244417,0.2596902,285,51930,280,QSO,BROADLINE,C:\Users\Harshit\OneDrive\Desktop\stellar-spectra-ai\data\raw\quasar\spec-0285-51930-0280.fits,C:\Users\Harshit\OneDrive\Desktop\stellar-spectra-ai\data\catalog\quasars.csv
3.20963e+17,quasar,178.51371,-0.88151026,0.7478323,285,51930,296,QSO,BROADLINE,C:\Users\Harshit\OneDrive\Desktop\stellar-spectra-ai\data\raw\quasar\spec-0285-51930-0296.fits,C:\Users\Harshit\OneDrive\Desktop\stellar-spectra-ai\data\catalog\quasars.csv
3.20965e+17,quasar,178.48864,-0.46501146,1.672553,285,51930,302,QSO,BROADLINE,C:\Users\Harshit\OneDrive\Desktop\stellar-spectra-ai\data\raw\quasar\spec-0285-51930-0302.fits,C:\Users\Harshit\OneDrive\Desktop\stellar-spectra-ai\data\catalog\quasars.csv
3.20971e+17,quasar,178.88958,1.1251547,0.1969081,285,51930,326,QSO,STARBURST BROADLINE,C:\Users\Harshit\OneDrive\Desktop\stellar-spectra-ai\data\raw\quasar\spec-0285-51930-0326.fits,C:\Users\Harshit\OneDrive\Desktop\stellar-spectra-ai\data\catalog\quasars.csv
3.20974e+17,quasar,179.24518,0.9320371,1.22295,285,51930,337,QSO,BROADLINE,C:\Users\Harshit\OneDrive\Desktop\stellar-spectra-ai\data\raw\quasar\spec-0285-51930-0337.fits,C:\Users\Harshit\OneDrive\Desktop\stellar-spectra-ai\data\catalog\quasars.csv
3.20983e+17,quasar,179.39471,1.218182,1.302473,285,51930,368,QSO,BROADLINE,C:\Users\Harshit\OneDrive\Desktop\stellar-spectra-ai\data\raw\quasar\spec-0285-51930-0368.fits,C:\Users\Harshit\OneDrive\Desktop\stellar-spectra-ai\data\catalog\quasars.csv
3.20985e+17,quasar,179.34901,0.90545636,1.8469,285,51930,378,QSO,BROADLINE,C:\Users\Harshit\OneDrive\Desktop\stellar-spectra-ai\data\raw\quasar\spec-0285-51930-0378.fits,C:\Users\Harshit\OneDrive\Desktop\stellar-spectra-ai\data\catalog\quasars.csv
3.20988e+17,quasar,179.48113,0.28445193,0.2605557,285,51930,388,QSO,BROADLINE,C:\Users\Harshit\OneDrive\Desktop\stellar-spectra-ai\data\raw\quasar\spec-0285-51930-0388.fits,C:\Users\Harshit\OneDrive\Desktop\stellar-spectra-ai\data\catalog\quasars.csv
3.20993e+17,quasar,179.6367,0.86087635,0.5908111,285,51930,406,QSO,BROADLINE,C:\Users\Harshit\OneDrive\Desktop\stellar-spectra-ai\data\raw\quasar\spec-0285-51930-0406.fits,C:\Users\Harshit\OneDrive\Desktop\stellar-spectra-ai\data\catalog\quasars.csv
3.21001e+17,quasar,179.55468,0.42456661,1.525822,285,51930,436,QSO,BROADLINE,C:\Users\Harshit\OneDrive\Desktop\stellar-spectra-ai\data\raw\quasar\spec-0285-51930-0436.fits,C:\Users\Harshit\OneDrive\Desktop\stellar-spectra-ai\data\catalog\quasars.csv
3.21013e+17,quasar,179.6224,0.13836775,0.959749,285,51930,477,QSO,BROADLINE,C:\Users\Harshit\OneDrive\Desktop\stellar-spectra-ai\data\raw\quasar\spec-0285-51930-0477.fits,C:\Users\Harshit\OneDrive\Desktop\stellar-spectra-ai\data\catalog\quasars.csv
3.21024e+17,quasar,180.05432,0.29921614,0.9460756,285,51930,520,QSO,BROADLINE,C:\Users\Harshit\OneDrive\Desktop\stellar-spectra-ai\data\raw\quasar\spec-0285-51930-0520.fits,C:\Users\Harshit\OneDrive\Desktop\stellar-spectra-ai\data\catalog\quasars.csv
3.21025e+17,quasar,180.15948,1.2128693,1.35845,285,51930,521,QSO,BROADLINE,C:\Users\Harshit\OneDrive\Desktop\stellar-spectra-ai\data\raw\quasar\spec-0285-51930-0521.fits,C:\Users\Harshit\OneDrive\Desktop\stellar-spectra-ai\data\catalog\quasars.csv
3.21032e+17,quasar,180.34685,0.4745465,1.367378,285,51930,549,QSO,BROADLINE,C:\Users\Harshit\OneDrive\Desktop\stellar-spectra-ai\data\raw\quasar\spec-0285-51930-0549.fits,C:\Users\Harshit\OneDrive\Desktop\stellar-spectra-ai\data\catalog\quasars.csv
3.10757e+17,quasar,164.68092,-0.31322756,1.925306,276,51909,30,QSO,BROADLINE,C:\Users\Harshit\OneDrive\Desktop\stellar-spectra-ai\data\raw\quasar\spec-0276-51909-0030.fits,C:\Users\Harshit\OneDrive\Desktop\stellar-spectra-ai\data\catalog\quasars.csv
3.10759e+17,quasar,164.27892,-0.69588589,0.1878995,276,51909,38,QSO,STARBURST BROADLINE,C:\Users\Harshit\OneDrive\Desktop\stellar-spectra-ai\data\raw\quasar\spec-0276-51909-0038.fits,C:\Users\Harshit\OneDrive\Desktop\stellar-spectra-ai\data\catalog\quasars.csv
3.10761e+17,quasar,163.77638,-0.82897008,1.909953,276,51909,46,QSO,BROADLINE,C:\Users\Harshit\OneDrive\Desktop\stellar-spectra-ai\data\raw\quasar\spec-0276-51909-0046.fits,C:\Users\Harshit\OneDrive\Desktop\stellar-spectra-ai\data\catalog\quasars.csv
3.10764e+17,quasar,164.06341,-1.1546201,1.185795,276,51909,55,QSO,BROADLINE,C:\Users\Harshit\OneDrive\Desktop\stellar-spectra-ai\data\raw\quasar\spec-0276-51909-0055.fits,C:\Users\Harshit\OneDrive\Desktop\stellar-spectra-ai\data\catalog\quasars.csv
3.10765e+17,quasar,163.86457,-0.47130389,1.356743,276,51909,61,QSO,BROADLINE,C:\Users\Harshit\OneDrive\Desktop\stellar-spectra-ai\data\raw\quasar\spec-0276-51909-0061.fits,C:\Users\Harshit\OneDrive\Desktop\stellar-spectra-ai\data\catalog\quasars.csv
3.10771e+17,quasar,163.72236,-1.2368293,0.435571,276,51909,82,QSO,BROADLINE,C:\Users\Harshit\OneDrive\Desktop\stellar-spectra-ai\data\raw\quasar\spec-0276-51909-0082.fits,C:\Users\Harshit\OneDrive\Desktop\stellar-spectra-ai\data\catalog\quasars.csv
3.10772e+17,quasar,163.67974,-1.1171644,0.5226803,276,51909,85,QSO,,C:\Users\Harshit\OneDrive\Desktop\stellar-spectra-ai\data\raw\quasar\spec-0276-51909-0085.fits,C:\Users\Harshit\OneDrive\Desktop\stellar-spectra-ai\data\catalog\quasars.csv
3.10774e+17,quasar,163.73766,-0.76473279,0.9157199,276,51909,92,QSO,BROADLINE,C:\Users\Harshit\OneDrive\Desktop\stellar-spectra-ai\data\raw\quasar\spec-0276-51909-0092.fits,C:\Users\Harshit\OneDrive\Desktop\stellar-spectra-ai\data\catalog\quasars.csv
3.10786e+17,quasar,163.39698,-0.86535542,1.061694,276,51909,137,QSO,BROADLINE,C:\Users\Harshit\OneDrive\Desktop\stellar-spectra-ai\data\raw\quasar\spec-0276-51909-0137.fits,C:\Users\Harshit\OneDrive\Desktop\stellar-spectra-ai\data\catalog\quasars.csv
3.10788e+17,quasar,163.42589,-0.2389271,0.6765905,276,51909,145,QSO,BROADLINE,C:\Users\Harshit\OneDrive\Desktop\stellar-spectra-ai\data\raw\quasar\spec-0276-51909-0145.fits,C:\Users\Harshit\OneDrive\Desktop\stellar-spectra-ai\data\catalog\quasars.csv
3.1079e+17,quasar,163.55875,-0.30100604,1.161501,276,51909,150,QSO,BROADLINE,C:\Users\Harshit\OneDrive\Desktop\stellar-spectra-ai\data\raw\quasar\spec-0276-51909-0150.fits,C:\Users\Harshit\OneDrive\Desktop\stellar-spectra-ai\data\catalog\quasars.csv
3.10791e+17,quasar,163.4099,-0.46789186,1.839879,276,51909,155,QSO,BROADLINE,C:\Users\Harshit\OneDrive\Desktop\stellar-spectra-ai\data\raw\quasar\spec-0276-51909-0155.fits,C:\Users\Harshit\OneDrive\Desktop\stellar-spectra-ai\data\catalog\quasars.csv
2.995e+17,main_sequence,146.94386,0.039168534,0.000160588,266,51630,38,STAR,G2,C:\Users\Harshit\OneDrive\Desktop\stellar-spectra-ai\data\raw\main_sequence\spec-0266-51630-0038.fits,C:\Users\Harshit\OneDrive\Desktop\stellar-spectra-ai\data\catalog\main_sequence.csv
2.99554e+17,main_sequence,145.67423,-0.38081052,-0.000101995,266,51630,234,STAR,G0,C:\Users\Harshit\OneDrive\Desktop\stellar-spectra-ai\data\raw\main_sequence\spec-0266-51630-0234.fits,C:\Users\Harshit\OneDrive\Desktop\stellar-spectra-ai\data\catalog\main_sequence.csv
2.99589e+17,main_sequence,145.7304,1.1649383,0.000286107,266,51630,364,STAR,G2,C:\Users\Harshit\OneDrive\Desktop\stellar-spectra-ai\data\raw\main_sequence\spec-0266-51630-0364.fits,C:\Users\Harshit\OneDrive\Desktop\stellar-spectra-ai\data\catalog\main_sequence.csv
3.19796e+17,main_sequence,178.65585,-0.28015746,9.52e-05,284,51943,148,STAR,G0,C:\Users\Harshit\OneDrive\Desktop\stellar-spectra-ai\data\raw\main_sequence\spec-0284-51943-0148.fits,C:\Users\Harshit\OneDrive\Desktop\stellar-spectra-ai\data\catalog\main_sequence.csv
3.19891e+17,main_sequence,178.48224,0.43626493,0.000355349,284,51943,492,STAR,G2,C:\Users\Harshit\OneDrive\Desktop\stellar-spectra-ai\data\raw\main_sequence\spec-0284-51943-0492.fits,C:\Users\Harshit\OneDrive\Desktop\stellar-spectra-ai\data\catalog\main_sequence.csv
3.19895e+17,main_sequence,178.53292,-0.021876223,0.000516463,284,51943,506,STAR,G0,C:\Users\Harshit\OneDrive\Desktop\stellar-spectra-ai\data\raw\main_sequence\spec-0284-51943-0506.fits,C:\Users\Harshit\OneDrive\Desktop\stellar-spectra-ai\data\catalog\main_sequence.csv
3.18788e+17,main_sequence,176.4009,0.94150344,8.28e-05,283,51959,576,STAR,G2,C:\Users\Harshit\OneDrive\Desktop\stellar-spectra-ai\data\raw\main_sequence\spec-0283-51959-0576.fits,C:\Users\Harshit\OneDrive\Desktop\stellar-spectra-ai\data\catalog\main_sequence.csv
3.18799e+17,main_sequence,177.03165,0.70691947,0.000226906,283,51959,617,STAR,G0,C:\Users\Harshit\OneDrive\Desktop\stellar-spectra-ai\data\raw\main_sequence\spec-0283-51959-0617.fits,C:\Users\Harshit\OneDrive\Desktop\stellar-spectra-ai\data\catalog\main_sequence.csv
3.19764e+17,main_sequence,179.40456,-0.28487593,0.000837649,284,51943,31,STAR,G2,C:\Users\Harshit\OneDrive\Desktop\stellar-spectra-ai\data\raw\main_sequence\spec-0284-51943-0031.fits,C:\Users\Harshit\OneDrive\Desktop\stellar-spectra-ai\data\catalog\main_sequence.csv
3.13085e+17,main_sequence,166.83335,-0.17846498,2.83e-05,278,51900,307,STAR,G2,C:\Users\Harshit\OneDrive\Desktop\stellar-spectra-ai\data\raw\main_sequence\spec-0278-51900-0307.fits,C:\Users\Harshit\OneDrive\Desktop\stellar-spectra-ai\data\catalog\main_sequence.csv
3.13088e+17,main_sequence,166.20931,-0.16881158,0.000179984,278,51900,319,STAR,G0,C:\Users\Harshit\OneDrive\Desktop\stellar-spectra-ai\data\raw\main_sequence\spec-0278-51900-0319.fits,C:\Users\Harshit\OneDrive\Desktop\stellar-spectra-ai\data\catalog\main_sequence.csv
3.13109e+17,main_sequence,166.96712,0.22640547,0.000129663,278,51900,394,STAR,G0,C:\Users\Harshit\OneDrive\Desktop\stellar-spectra-ai\data\raw\main_sequence\spec-0278-51900-0394.fits,C:\Users\Harshit\OneDrive\Desktop\stellar-spectra-ai\data\catalog\main_sequence.csv
3.13124e+17,main_sequence,167.32649,0.93289126,3e-05,278,51900,449,STAR,G0,C:\Users\Harshit\OneDrive\Desktop\stellar-spectra-ai\data\raw\main_sequence\spec-0278-51900-0449.fits,C:\Users\Harshit\OneDrive\Desktop\stellar-spectra-ai\data\catalog\main_sequence.csv
3.13134e+17,main_sequence,167.37209,0.69263756,0.000127531,278,51900,488,STAR,G0,C:\Users\Harshit\OneDrive\Desktop\stellar-spectra-ai\data\raw\main_sequence\spec-0278-51900-0488.fits,C:\Users\Harshit\OneDrive\Desktop\stellar-spectra-ai\data\catalog\main_sequence.csv
3.1315e+17,main_sequence,167.98707,0.56356979,0.000221376,278,51900,546,STAR,G2,C:\Users\Harshit\OneDrive\Desktop\stellar-spectra-ai\data\raw\main_sequence\spec-0278-51900-0546.fits,C:\Users\Harshit\OneDrive\Desktop\stellar-spectra-ai\data\catalog\main_sequence.csv
3.14144e+17,main_sequence,169.8531,-0.60579332,0.000233781,279,51984,64,STAR,G2,C:\Users\Harshit\OneDrive\Desktop\stellar-spectra-ai\data\raw\main_sequence\spec-0279-51984-0064.fits,C:\Users\Harshit\OneDrive\Desktop\stellar-spectra-ai\data\catalog\main_sequence.csv
3.14184e+17,main_sequence,168.92505,-0.98835722,0.000206315,279,51984,211,STAR,G2,C:\Users\Harshit\OneDrive\Desktop\stellar-spectra-ai\data\raw\main_sequence\spec-0279-51984-0211.fits,C:\Users\Harshit\OneDrive\Desktop\stellar-spectra-ai\data\catalog\main_sequence.csv
3.31137e+17,main_sequence,196.66639,1.1532225,-5.45e-05,294,51986,446,STAR,G2,C:\Users\Harshit\OneDrive\Desktop\stellar-spectra-ai\data\raw\main_sequence\spec-0294-51986-0446.fits,C:\Users\Harshit\OneDrive\Desktop\stellar-spectra-ai\data\catalog\main_sequence.csv
3.3115e+17,main_sequence,196.96282,0.15581413,0.000223122,294,51986,492,STAR,G0,C:\Users\Harshit\OneDrive\Desktop\stellar-spectra-ai\data\raw\main_sequence\spec-0294-51986-0492.fits,C:\Users\Harshit\OneDrive\Desktop\stellar-spectra-ai\data\catalog\main_sequence.csv
3.32146e+17,main_sequence,199.10328,-1.0528326,0.000857977,295,51985,20,STAR,G0,C:\Users\Harshit\OneDrive\Desktop\stellar-spectra-ai\data\raw\main_sequence\spec-0295-51985-0020.fits,C:\Users\Harshit\OneDrive\Desktop\stellar-spectra-ai\data\catalog\main_sequence.csv
3.32158e+17,main_sequence,199.26198,-0.80157154,-0.000131647,295,51985,64,STAR,G0,C:\Users\Harshit\OneDrive\Desktop\stellar-spectra-ai\data\raw\main_sequence\spec-0295-51985-0064.fits,C:\Users\Harshit\OneDrive\Desktop\stellar-spectra-ai\data\catalog\main_sequence.csv
3.32177e+17,main_sequence,198.22299,-1.1449341,0.000632355,295,51985,132,STAR,G2,C:\Users\Harshit\OneDrive\Desktop\stellar-spectra-ai\data\raw\main_sequence\spec-0295-51985-0132.fits,C:\Users\Harshit\OneDrive\Desktop\stellar-spectra-ai\data\catalog\main_sequence.csv
3.36695e+17,main_sequence,205.17311,-0.45938601,-0.000242388,299,51671,184,STAR,G0,C:\Users\Harshit\OneDrive\Desktop\stellar-spectra-ai\data\raw\main_sequence\spec-0299-51671-0184.fits,C:\Users\Harshit\OneDrive\Desktop\stellar-spectra-ai\data\catalog\main_sequence.csv
3.36737e+17,main_sequence,204.28717,0.66073192,3.62e-05,299,51671,338,STAR,G2,C:\Users\Harshit\OneDrive\Desktop\stellar-spectra-ai\data\raw\main_sequence\spec-0299-51671-0338.fits,C:\Users\Harshit\OneDrive\Desktop\stellar-spectra-ai\data\catalog\main_sequence.csv
3.36751e+17,main_sequence,204.77985,0.55607354,0.000191122,299,51671,388,STAR,G2,C:\Users\Harshit\OneDrive\Desktop\stellar-spectra-ai\data\raw\main_sequence\spec-0299-51671-0388.fits,C:\Users\Harshit\OneDrive\Desktop\stellar-spectra-ai\data\catalog\main_sequence.csv
3.40184e+17,main_sequence,212.87341,0.5139153,-2e-05,302,51688,590,STAR,G2,C:\Users\Harshit\OneDrive\Desktop\stellar-spectra-ai\data\raw\main_sequence\spec-0302-51688-0590.fits,C:\Users\Harshit\OneDrive\Desktop\stellar-spectra-ai\data\catalog\main_sequence.csv
3.41227e+17,main_sequence,212.4215,-0.87016008,-0.000145564,303,51615,288,STAR,G0,C:\Users\Harshit\OneDrive\Desktop\stellar-spectra-ai\data\raw\main_sequence\spec-0303-51615-0288.fits,C:\Users\Harshit\OneDrive\Desktop\stellar-spectra-ai\data\catalog\main_sequence.csv
3.38897e+17,main_sequence,210.49627,-0.9625698,-1.63e-05,301,51942,5,STAR,G2,C:\Users\Harshit\OneDrive\Desktop\stellar-spectra-ai\data\raw\main_sequence\spec-0301-51942-0005.fits,C:\Users\Harshit\OneDrive\Desktop\stellar-spectra-ai\data\catalog\main_sequence.csv
3.38913e+17,main_sequence,210.48741,-0.33873953,6.54e-05,301,51942,64,STAR,G2,C:\Users\Harshit\OneDrive\Desktop\stellar-spectra-ai\data\raw\main_sequence\spec-0301-51942-0064.fits,C:\Users\Harshit\OneDrive\Desktop\stellar-spectra-ai\data\catalog\main_sequence.csv
3.38986e+17,main_sequence,208.84792,0.98227737,-0.000214612,301,51942,326,STAR,G2,C:\Users\Harshit\OneDrive\Desktop\stellar-spectra-ai\data\raw\main_sequence\spec-0301-51942-0326.fits,C:\Users\Harshit\OneDrive\Desktop\stellar-spectra-ai\data\catalog\main_sequence.csv
3.64933e+17,main_sequence,183.39272,0.58146935,6.93e-05,324,51666,515,STAR,G2,C:\Users\Harshit\OneDrive\Desktop\stellar-spectra-ai\data\raw\main_sequence\spec-0324-51666-0515.fits,C:\Users\Harshit\OneDrive\Desktop\stellar-spectra-ai\data\catalog\main_sequence.csv
3.64943e+17,main_sequence,183.71806,0.11162253,0.000819516,324,51666,551,STAR,G2,C:\Users\Harshit\OneDrive\Desktop\stellar-spectra-ai\data\raw\main_sequence\spec-0324-51666-0551.fits,C:\Users\Harshit\OneDrive\Desktop\stellar-spectra-ai\data\catalog\main_sequence.csv
3.64948e+17,main_sequence,183.65918,1.2192935,0.000125977,324,51666,568,STAR,G2,C:\Users\Harshit\OneDrive\Desktop\stellar-spectra-ai\data\raw\main_sequence\spec-0324-51666-0568.fits,C:\Users\Harshit\OneDrive\Desktop\stellar-spectra-ai\data\catalog\main_sequence.csv
3.67084e+17,main_sequence,172.12291,-2.736999,0.000137211,326,52375,148,STAR,G0,C:\Users\Harshit\OneDrive\Desktop\stellar-spectra-ai\data\raw\main_sequence\spec-0326-52375-0148.fits,C:\Users\Harshit\OneDrive\Desktop\stellar-spectra-ai\data\catalog\main_sequence.csv
3.67156e+17,main_sequence,171.67642,-1.4804328,2.63e-05,326,52375,409,STAR,G2,C:\Users\Harshit\OneDrive\Desktop\stellar-spectra-ai\data\raw\main_sequence\spec-0326-52375-0409.fits,C:\Users\Harshit\OneDrive\Desktop\stellar-spectra-ai\data\catalog\main_sequence.csv
3.25437e+17,main_sequence,186.65779,-0.60189733,0.000177461,289,51990,187,STAR,G0,C:\Users\Harshit\OneDrive\Desktop\stellar-spectra-ai\data\raw\main_sequence\spec-0289-51990-0187.fits,C:\Users\Harshit\OneDrive\Desktop\stellar-spectra-ai\data\catalog\main_sequence.csv
3.25522e+17,main_sequence,187.00288,0.29334685,0.000179221,289,51990,499,STAR,G2,C:\Users\Harshit\OneDrive\Desktop\stellar-spectra-ai\data\raw\main_sequence\spec-0289-51990-0499.fits,C:\Users\Harshit\OneDrive\Desktop\stellar-spectra-ai\data\catalog\main_sequence.csv
3.26526e+17,main_sequence,189.48687,-1.1061887,0.000307386,290,51941,53,STAR,G2,C:\Users\Harshit\OneDrive\Desktop\stellar-spectra-ai\data\raw\main_sequence\spec-0290-51941-0053.fits,C:\Users\Harshit\OneDrive\Desktop\stellar-spectra-ai\data\catalog\main_sequence.csv
3.2655e+17,main_sequence,189.38184,-0.31355996,-8.91e-06,290,51941,141,STAR,G0,C:\Users\Harshit\OneDrive\Desktop\stellar-spectra-ai\data\raw\main_sequence\spec-0290-51941-0141.fits,C:\Users\Harshit\OneDrive\Desktop\stellar-spectra-ai\data\catalog\main_sequence.csv
3.26568e+17,main_sequence,188.82939,-0.78214411,1.44e-05,290,51941,208,STAR,G2,C:\Users\Harshit\OneDrive\Desktop\stellar-spectra-ai\data\raw\main_sequence\spec-0290-51941-0208.fits,C:\Users\Harshit\OneDrive\Desktop\stellar-spectra-ai\data\catalog\main_sequence.csv
3.26618e+17,main_sequence,188.43508,0.57571607,-9.92e-05,290,51941,390,STAR,G2,C:\Users\Harshit\OneDrive\Desktop\stellar-spectra-ai\data\raw\main_sequence\spec-0290-51941-0390.fits,C:\Users\Harshit\OneDrive\Desktop\stellar-spectra-ai\data\catalog\main_sequence.csv
3.20907e+17,main_sequence,179.78504,-1.144067,0.000197257,285,51930,91,STAR,G2,C:\Users\Harshit\OneDrive\Desktop\stellar-spectra-ai\data\raw\main_sequence\spec-0285-51930-0091.fits,C:\Users\Harshit\OneDrive\Desktop\stellar-spectra-ai\data\catalog\main_sequence.csv
3.20918e+17,main_sequence,179.68465,-0.9934841,0.000445421,285,51930,133,STAR,G0,C:\Users\Harshit\OneDrive\Desktop\stellar-spectra-ai\data\raw\main_sequence\spec-0285-51930-0133.fits,C:\Users\Harshit\OneDrive\Desktop\stellar-spectra-ai\data\catalog\main_sequence.csv
3.20957e+17,main_sequence,179.37346,-0.29715926,0.00022143,285,51930,276,STAR,G0,C:\Users\Harshit\OneDrive\Desktop\stellar-spectra-ai\data\raw\main_sequence\spec-0285-51930-0276.fits,C:\Users\Harshit\OneDrive\Desktop\stellar-spectra-ai\data\catalog\main_sequence.csv
3.20959e+17,main_sequence,178.69082,-1.20959,-9.06e-07,285,51930,281,STAR,G2,C:\Users\Harshit\OneDrive\Desktop\stellar-spectra-ai\data\raw\main_sequence\spec-0285-51930-0281.fits,C:\Users\Harshit\OneDrive\Desktop\stellar-spectra-ai\data\catalog\main_sequence.csv
3.20961e+17,main_sequence,179.1643,-1.1768044,0.000352133,285,51930,288,STAR,G0,C:\Users\Harshit\OneDrive\Desktop\stellar-spectra-ai\data\raw\main_sequence\spec-0285-51930-0288.fits,C:\Users\Harshit\OneDrive\Desktop\stellar-spectra-ai\data\catalog\main_sequence.csv
3.10807e+17,main_sequence,163.1627,-0.94347255,0.000114978,276,51909,212,STAR,G2,C:\Users\Harshit\OneDrive\Desktop\stellar-spectra-ai\data\raw\main_sequence\spec-0276-51909-0212.fits,C:\Users\Harshit\OneDrive\Desktop\stellar-spectra-ai\data\catalog\main_sequence.csv
3.10873e+17,main_sequence,163.0932,0.96880015,0.000210132,276,51909,452,STAR,G2,C:\Users\Harshit\OneDrive\Desktop\stellar-spectra-ai\data\raw\main_sequence\spec-0276-51909-0452.fits,C:\Users\Harshit\OneDrive\Desktop\stellar-spectra-ai\data\catalog\main_sequence.csv
3.10907e+17,main_sequence,163.8697,1.0867901,3.31e-05,276,51909,576,STAR,G2,C:\Users\Harshit\OneDrive\Desktop\stellar-spectra-ai\data\raw\main_sequence\spec-0276-51909-0576.fits,C:\Users\Harshit\OneDrive\Desktop\stellar-spectra-ai\data\catalog\main_sequence.csv
3.1092e+17,main_sequence,164.74916,0.40929658,0.000126816,276,51909,625,STAR,G0,C:\Users\Harshit\OneDrive\Desktop\stellar-spectra-ai\data\raw\main_sequence\spec-0276-51909-0625.fits,C:\Users\Harshit\OneDrive\Desktop\stellar-spectra-ai\data\catalog\main_sequence.csv
3.11895e+17,main_sequence,166.04396,-0.64859044,0.000188708,277,51908,76,STAR,G0,C:\Users\Harshit\OneDrive\Desktop\stellar-spectra-ai\data\raw\main_sequence\spec-0277-51908-0076.fits,C:\Users\Harshit\OneDrive\Desktop\stellar-spectra-ai\data\catalog\main_sequence.csv
3.1196e+17,main_sequence,164.16242,-0.65293949,0.000257865,277,51908,313,STAR,G0,C:\Users\Harshit\OneDrive\Desktop\stellar-spectra-ai\data\raw\main_sequence\spec-0277-51908-0313.fits,C:\Users\Harshit\OneDrive\Desktop\stellar-spectra-ai\data\catalog\main_sequence.csv
2.99652e+17,main_sequence,147.01354,0.15538982,0.001112312,266,51630,591,STAR,G2,C:\Users\Harshit\OneDrive\Desktop\stellar-spectra-ai\data\raw\main_sequence\spec-0266-51630-0591.fits,C:\Users\Harshit\OneDrive\Desktop\stellar-spectra-ai\data\catalog\main_sequence.csv
2.9966e+17,main_sequence,146.98697,0.90994195,-0.000188706,266,51630,620,STAR,G2,C:\Users\Harshit\OneDrive\Desktop\stellar-spectra-ai\data\raw\main_sequence\spec-0266-51630-0620.fits,C:\Users\Harshit\OneDrive\Desktop\stellar-spectra-ai\data\catalog\main_sequence.csv
3.00629e+17,main_sequence,148.5264,-0.97168901,0.000458912,267,51608,49,STAR,G0,C:\Users\Harshit\OneDrive\Desktop\stellar-spectra-ai\data\raw\main_sequence\spec-0267-51608-0049.fits,C:\Users\Harshit\OneDrive\Desktop\stellar-spectra-ai\data\catalog\main_sequence.csv
3.00636e+17,main_sequence,148.98573,0.005366197,3.18e-05,267,51608,75,STAR,G2,C:\Users\Harshit\OneDrive\Desktop\stellar-spectra-ai\data\raw\main_sequence\spec-0267-51608-0075.fits,C:\Users\Harshit\OneDrive\Desktop\stellar-spectra-ai\data\catalog\main_sequence.csv
3.0065e+17,main_sequence,148.1694,-1.1243151,0.000244145,267,51608,128,STAR,G2,C:\Users\Harshit\OneDrive\Desktop\stellar-spectra-ai\data\raw\main_sequence\spec-0267-51608-0128.fits,C:\Users\Harshit\OneDrive\Desktop\stellar-spectra-ai\data\catalog\main_sequence.csv
3.00657e+17,main_sequence,148.53234,-0.38237117,0.000360255,267,51608,150,STAR,G2,C:\Users\Harshit\OneDrive\Desktop\stellar-spectra-ai\data\raw\main_sequence\spec-0267-51608-0150.fits,C:\Users\Harshit\OneDrive\Desktop\stellar-spectra-ai\data\catalog\main_sequence.csv
3.00679e+17,main_sequence,147.65636,-0.54811511,0.000247952,267,51608,230,STAR,G0,C:\Users\Harshit\OneDrive\Desktop\stellar-spectra-ai\data\raw\main_sequence\spec-0267-51608-0230.fits,C:\Users\Harshit\OneDrive\Desktop\stellar-spectra-ai\data\catalog\main_sequence.csv
3.00696e+17,main_sequence,147.21337,-0.8131697,9.93e-05,267,51608,293,STAR,G2,C:\Users\Harshit\OneDrive\Desktop\stellar-spectra-ai\data\raw\main_sequence\spec-0267-51608-0293.fits,C:\Users\Harshit\OneDrive\Desktop\stellar-spectra-ai\data\catalog\main_sequence.csv
3.007e+17,main_sequence,147.10709,-0.34790731,-9.76e-05,267,51608,308,STAR,G0,C:\Users\Harshit\OneDrive\Desktop\stellar-spectra-ai\data\raw\main_sequence\spec-0267-51608-0308.fits,C:\Users\Harshit\OneDrive\Desktop\stellar-spectra-ai\data\catalog\main_sequence.csv
3.00768e+17,main_sequence,148.54058,0.25761725,-0.000119558,267,51608,557,STAR,G0,C:\Users\Harshit\OneDrive\Desktop\stellar-spectra-ai\data\raw\main_sequence\spec-0267-51608-0557.fits,C:\Users\Harshit\OneDrive\Desktop\stellar-spectra-ai\data\catalog\main_sequence.csv
3.01746e+17,main_sequence,150.21882,-0.5674201,-6.4e-05,268,51633,18,STAR,G2,C:\Users\Harshit\OneDrive\Desktop\stellar-spectra-ai\data\raw\main_sequence\spec-0268-51633-0018.fits,C:\Users\Harshit\OneDrive\Desktop\stellar-spectra-ai\data\catalog\main_sequence.csv
3.01754e+17,main_sequence,149.6984,-0.66619961,0.000518739,268,51633,46,STAR,G0,C:\Users\Harshit\OneDrive\Desktop\stellar-spectra-ai\data\raw\main_sequence\spec-0268-51633-0046.fits,C:\Users\Harshit\OneDrive\Desktop\stellar-spectra-ai\data\catalog\main_sequence.csv
3.1991e+17,main_sequence,178.50273,0.97134068,0.000176681,284,51943,561,STAR,G0,C:\Users\Harshit\OneDrive\Desktop\stellar-spectra-ai\data\raw\main_sequence\spec-0284-51943-0561.fits,C:\Users\Harshit\OneDrive\Desktop\stellar-spectra-ai\data\catalog\main_sequence.csv
3.31092e+17,main_sequence,195.82598,-1.1352041,1.04e-05,294,51986,281,STAR,G0,C:\Users\Harshit\OneDrive\Desktop\stellar-spectra-ai\data\raw\main_sequence\spec-0294-51986-0281.fits,C:\Users\Harshit\OneDrive\Desktop\stellar-spectra-ai\data\catalog\main_sequence.csv
3.31111e+17,main_sequence,195.23747,0.60650807,5.39e-05,294,51986,351,STAR,G2,C:\Users\Harshit\OneDrive\Desktop\stellar-spectra-ai\data\raw\main_sequence\spec-0294-51986-0351.fits,C:\Users\Harshit\OneDrive\Desktop\stellar-spectra-ai\data\catalog\main_sequence.csv
3.89701e+17,main_sequence,244.53835,0.35410641,-0.000438959,346,51693,508,STAR,G0,C:\Users\Harshit\OneDrive\Desktop\stellar-spectra-ai\data\raw\main_sequence\spec-0346-51693-0508.fits,C:\Users\Harshit\OneDrive\Desktop\stellar-spectra-ai\data\catalog\main_sequence.csv
3.89727e+17,main_sequence,245.28551,1.0759115,0.000224596,346,51693,601,STAR,G2,C:\Users\Harshit\OneDrive\Desktop\stellar-spectra-ai\data\raw\main_sequence\spec-0346-51693-0601.fits,C:\Users\Harshit\OneDrive\Desktop\stellar-spectra-ai\data\catalog\main_sequence.csv
3.91817e+17,main_sequence,249.47291,-0.89383945,-1.01e-05,348,51671,14,STAR,G2,C:\Users\Harshit\OneDrive\Desktop\stellar-spectra-ai\data\raw\main_sequence\spec-0348-51671-0014.fits,C:\Users\Harshit\OneDrive\Desktop\stellar-spectra-ai\data\catalog\main_sequence.csv
3.91818e+17,main_sequence,249.60174,-1.0300931,-5.61e-05,348,51671,18,STAR,G2,C:\Users\Harshit\OneDrive\Desktop\stellar-spectra-ai\data\raw\main_sequence\spec-0348-51671-0018.fits,C:\Users\Harshit\OneDrive\Desktop\stellar-spectra-ai\data\catalog\main_sequence.csv
3.91836e+17,main_sequence,248.82133,-1.174218,-4.25e-05,348,51671,83,STAR,G2,C:\Users\Harshit\OneDrive\Desktop\stellar-spectra-ai\data\raw\main_sequence\spec-0348-51671-0083.fits,C:\Users\Harshit\OneDrive\Desktop\stellar-spectra-ai\data\catalog\main_sequence.csv
3.91851e+17,main_sequence,248.59427,-0.85716579,8.62e-05,348,51671,136,STAR,G0,C:\Users\Harshit\OneDrive\Desktop\stellar-spectra-ai\data\raw\main_sequence\spec-0348-51671-0136.fits,C:\Users\Harshit\OneDrive\Desktop\stellar-spectra-ai\data\catalog\main_sequence.csv
3.91852e+17,main_sequence,248.67991,-1.1379602,0.000175812,348,51671,140,STAR,G0,C:\Users\Harshit\OneDrive\Desktop\stellar-spectra-ai\data\raw\main_sequence\spec-0348-51671-0140.fits,C:\Users\Harshit\OneDrive\Desktop\stellar-spectra-ai\data\catalog\main_sequence.csv
3.3004e+17,main_sequence,195.40205,0.33747561,0.000128715,293,51689,552,STAR,G2,C:\Users\Harshit\OneDrive\Desktop\stellar-spectra-ai\data\raw\main_sequence\spec-0293-51689-0552.fits,C:\Users\Harshit\OneDrive\Desktop\stellar-spectra-ai\data\catalog\main_sequence.csv
3.31075e+17,main_sequence,196.21933,-0.70983203,0.000438325,294,51986,218,STAR,G2,C:\Users\Harshit\OneDrive\Desktop\stellar-spectra-ai\data\raw\main_sequence\spec-0294-51986-0218.fits,C:\Users\Harshit\OneDrive\Desktop\stellar-spectra-ai\data\catalog\main_sequence.csv
3.78358e+17,main_sequence,191.01177,-3.6774663,-0.000227477,336,51999,204,STAR,G2,C:\Users\Harshit\OneDrive\Desktop\stellar-spectra-ai\data\raw\main_sequence\spec-0336-51999-0204.fits,C:\Users\Harshit\OneDrive\Desktop\stellar-spectra-ai\data\catalog\main_sequence.csv
3.78396e+17,main_sequence,190.55884,-1.6484416,4.98e-05,336,51999,339,STAR,G2,C:\Users\Harshit\OneDrive\Desktop\stellar-spectra-ai\data\raw\main_sequence\spec-0336-51999-0339.fits,C:\Users\Harshit\OneDrive\Desktop\stellar-spectra-ai\data\catalog\main_sequence.csv
3.78436e+17,main_sequence,191.46807,-1.7910663,0.000293481,336,51999,485,STAR,G2,C:\Users\Harshit\OneDrive\Desktop\stellar-spectra-ai\data\raw\main_sequence\spec-0336-51999-0485.fits,C:\Users\Harshit\OneDrive\Desktop\stellar-spectra-ai\data\catalog\main_sequence.csv
3.14207e+17,main_sequence,168.25384,-1.173555,0.000398906,279,51984,296,STAR,G2,C:\Users\Harshit\OneDrive\Desktop\stellar-spectra-ai\data\raw\main_sequence\spec-0279-51984-0296.fits,C:\Users\Harshit\OneDrive\Desktop\stellar-spectra-ai\data\catalog\main_sequence.csv
3.14212e+17,main_sequence,168.20643,-0.10004055,0.000347971,279,51984,312,STAR,G2,C:\Users\Harshit\OneDrive\Desktop\stellar-spectra-ai\data\raw\main_sequence\spec-0279-51984-0312.fits,C:\Users\Harshit\OneDrive\Desktop\stellar-spectra-ai\data\catalog\main_sequence.csv
3.14223e+17,main_sequence,167.88151,0.059997797,0.000144716,279,51984,351,STAR,G0,C:\Users\Harshit\OneDrive\Desktop\stellar-spectra-ai\data\raw\main_sequence\spec-0279-51984-0351.fits,C:\Users\Harshit\OneDrive\Desktop\stellar-spectra-ai\data\catalog\main_sequence.csv
3.14227e+17,main_sequence,168.43207,0.96660221,0.000390195,279,51984,367,STAR,G2,C:\Users\Harshit\OneDrive\Desktop\stellar-spectra-ai\data\raw\main_sequence\spec-0279-51984-0367.fits,C:\Users\Harshit\OneDrive\Desktop\stellar-spectra-ai\data\catalog\main_sequence.csv
3.14257e+17,main_sequence,168.90949,0.083418132,1.25e-05,279,51984,475,STAR,G0,C:\Users\Harshit\OneDrive\Desktop\stellar-spectra-ai\data\raw\main_sequence\spec-0279-51984-0475.fits,C:\Users\Harshit\OneDrive\Desktop\stellar-spectra-ai\data\catalog\main_sequence.csv
3.14272e+17,main_sequence,169.42232,0.76697752,0.000103789,279,51984,532,STAR,G0,C:\Users\Harshit\OneDrive\Desktop\stellar-spectra-ai\data\raw\main_sequence\spec-0279-51984-0532.fits,C:\Users\Harshit\OneDrive\Desktop\stellar-spectra-ai\data\catalog\main_sequence.csv
3.14283e+17,main_sequence,169.57116,1.0436795,0.000331487,279,51984,572,STAR,G2,C:\Users\Harshit\OneDrive\Desktop\stellar-spectra-ai\data\raw\main_sequence\spec-0279-51984-0572.fits,C:\Users\Harshit\OneDrive\Desktop\stellar-spectra-ai\data\catalog\main_sequence.csv
3.15259e+17,main_sequence,171.77441,0.027344183,0.000300832,280,51612,27,STAR,G0,C:\Users\Harshit\OneDrive\Desktop\stellar-spectra-ai\data\raw\main_sequence\spec-0280-51612-0027.fits,C:\Users\Harshit\OneDrive\Desktop\stellar-spectra-ai\data\catalog\main_sequence.csv
3.15271e+17,main_sequence,171.35078,-0.19824979,-0.000144735,280,51612,69,STAR,G2,C:\Users\Harshit\OneDrive\Desktop\stellar-spectra-ai\data\raw\main_sequence\spec-0280-51612-0069.fits,C:\Users\Harshit\OneDrive\Desktop\stellar-spectra-ai\data\catalog\main_sequence.csv
3.32246e+17,main_sequence,197.30856,0.99609257,-2.4e-05,295,51985,384,STAR,G0,C:\Users\Harshit\OneDrive\Desktop\stellar-spectra-ai\data\raw\main_sequence\spec-0295-51985-0384.fits,C:\Users\Harshit\OneDrive\Desktop\stellar-spectra-ai\data\catalog\main_sequence.csv
3.32277e+17,main_sequence,198.53404,0.043022713,-3.46e-05,295,51985,497,STAR,G0,C:\Users\Harshit\OneDrive\Desktop\stellar-spectra-ai\data\raw\main_sequence\spec-0295-51985-0497.fits,C:\Users\Harshit\OneDrive\Desktop\stellar-spectra-ai\data\catalog\main_sequence.csv
3.39019e+17,main_sequence,209.67755,0.95209346,-0.000392605,301,51942,447,STAR,G2,C:\Users\Harshit\OneDrive\Desktop\stellar-spectra-ai\data\raw\main_sequence\spec-0301-51942-0447.fits,C:\Users\Harshit\OneDrive\Desktop\stellar-spectra-ai\data\catalog\main_sequence.csv
3.39052e+17,main_sequence,210.35807,0.89658832,0.000313668,301,51942,568,STAR,G0,C:\Users\Harshit\OneDrive\Desktop\stellar-spectra-ai\data\raw\main_sequence\spec-0301-51942-0568.fits,C:\Users\Harshit\OneDrive\Desktop\stellar-spectra-ai\data\catalog\main_sequence.csv
3.39059e+17,main_sequence,210.60759,0.4196803,-0.000193708,301,51942,595,STAR,G2,C:\Users\Harshit\OneDrive\Desktop\stellar-spectra-ai\data\raw\main_sequence\spec-0301-51942-0595.fits,C:\Users\Harshit\OneDrive\Desktop\stellar-spectra-ai\data\catalog\main_sequence.csv
3.39072e+17,main_sequence,211.02357,0.059627049,-5.95e-05,301,51942,639,STAR,G0,C:\Users\Harshit\OneDrive\Desktop\stellar-spectra-ai\data\raw\main_sequence\spec-0301-51942-0639.fits,C:\Users\Harshit\OneDrive\Desktop\stellar-spectra-ai\data\catalog\main_sequence.csv
3.40033e+17,main_sequence,213.03633,-0.1668702,-0.00013773,302,51688,39,STAR,G2,C:\Users\Harshit\OneDrive\Desktop\stellar-spectra-ai\data\raw\main_sequence\spec-0302-51688-0039.fits,C:\Users\Harshit\OneDrive\Desktop\stellar-spectra-ai\data\catalog\main_sequence.csv
3.40074e+17,main_sequence,211.89546,-0.38876922,-0.000401635,302,51688,191,STAR,G0,C:\Users\Harshit\OneDrive\Desktop\stellar-spectra-ai\data\raw\main_sequence\spec-0302-51688-0191.fits,C:\Users\Harshit\OneDrive\Desktop\stellar-spectra-ai\data\catalog\main_sequence.csv
3.68319e+17,main_sequence,174.30002,-1.8316431,0.000189295,327,52294,545,STAR,G2,C:\Users\Harshit\OneDrive\Desktop\stellar-spectra-ai\data\raw\main_sequence\spec-0327-52294-0545.fits,C:\Users\Harshit\OneDrive\Desktop\stellar-spectra-ai\data\catalog\main_sequence.csv
3.68326e+17,main_sequence,174.30131,-1.5315455,-0.000268752,327,52294,569,STAR,G2,C:\Users\Harshit\OneDrive\Desktop\stellar-spectra-ai\data\raw\main_sequence\spec-0327-52294-0569.fits,C:\Users\Harshit\OneDrive\Desktop\stellar-spectra-ai\data\catalog\main_sequence.csv
3.69313e+17,main_sequence,176.32042,-2.9037526,-5.75e-05,328,52282,65,STAR,G2,C:\Users\Harshit\OneDrive\Desktop\stellar-spectra-ai\data\raw\main_sequence\spec-0328-52282-0065.fits,C:\Users\Harshit\OneDrive\Desktop\stellar-spectra-ai\data\catalog\main_sequence.csv
3.69346e+17,main_sequence,175.3012,-2.6089892,0.000194274,328,52282,183,STAR,G2,C:\Users\Harshit\OneDrive\Desktop\stellar-spectra-ai\data\raw\main_sequence\spec-0328-52282-0183.fits,C:\Users\Harshit\OneDrive\Desktop\stellar-spectra-ai\data\catalog\main_sequence.csv
3.69392e+17,main_sequence,174.17038,-2.3572107,-3.31e-05,328,52282,352,STAR,G2,C:\Users\Harshit\OneDrive\Desktop\stellar-spectra-ai\data\raw\main_sequence\spec-0328-52282-0352.fits,C:\Users\Harshit\OneDrive\Desktop\stellar-spectra-ai\data\catalog\main_sequence.csv
3.69396e+17,main_sequence,174.85199,-1.2148681,7.75e-05,328,52282,368,STAR,G0,C:\Users\Harshit\OneDrive\Desktop\stellar-spectra-ai\data\raw\main_sequence\spec-0328-52282-0368.fits,C:\Users\Harshit\OneDrive\Desktop\stellar-spectra-ai\data\catalog\main_sequence.csv
3.26677e+17,main_sequence,189.96339,1.0202013,0.000355692,290,51941,603,STAR,G0,C:\Users\Harshit\OneDrive\Desktop\stellar-spectra-ai\data\raw\main_sequence\spec-0290-51941-0603.fits,C:\Users\Harshit\OneDrive\Desktop\stellar-spectra-ai\data\catalog\main_sequence.csv
3.26685e+17,main_sequence,190.25915,0.45334904,7.83e-05,290,51941,632,STAR,G2,C:\Users\Harshit\OneDrive\Desktop\stellar-spectra-ai\data\raw\main_sequence\spec-0290-51941-0632.fits,C:\Users\Harshit\OneDrive\Desktop\stellar-spectra-ai\data\catalog\main_sequence.csv
3.27659e+17,main_sequence,191.95242,-0.18201823,0.000109558,291,51928,79,STAR,G2,C:\Users\Harshit\OneDrive\Desktop\stellar-spectra-ai\data\raw\main_sequence\spec-0291-51928-0079.fits,C:\Users\Harshit\OneDrive\Desktop\stellar-spectra-ai\data\catalog\main_sequence.csv
3.27679e+17,main_sequence,191.44165,-0.10134483,-0.000115095,291,51928,154,STAR,G2,C:\Users\Harshit\OneDrive\Desktop\stellar-spectra-ai\data\raw\main_sequence\spec-0291-51928-0154.fits,C:\Users\Harshit\OneDrive\Desktop\stellar-spectra-ai\data\catalog\main_sequence.csv
3.27697e+17,main_sequence,190.61167,-1.0351112,0.000218479,291,51928,220,STAR,G2,C:\Users\Harshit\OneDrive\Desktop\stellar-spectra-ai\data\raw\main_sequence\spec-0291-51928-0220.fits,C:\Users\Harshit\OneDrive\Desktop\stellar-spectra-ai\data\catalog\main_sequence.csv
3.27702e+17,main_sequence,190.7688,-0.13315299,0.000170249,291,51928,236,STAR,G2,C:\Users\Harshit\OneDrive\Desktop\stellar-spectra-ai\data\raw\main_sequence\spec-0291-51928-0236.fits,C:\Users\Harshit\OneDrive\Desktop\stellar-spectra-ai\data\catalog\main_sequence.csv
3.27754e+17,main_sequence,190.59567,0.72109321,-0.000115763,291,51928,426,STAR,G0,C:\Users\Harshit\OneDrive\Desktop\stellar-spectra-ai\data\raw\main_sequence\spec-0291-51928-0426.fits,C:\Users\Harshit\OneDrive\Desktop\stellar-spectra-ai\data\catalog\main_sequence.csv
3.2104e+17,main_sequence,180.32777,0.79115446,-1.63e-05,285,51930,577,STAR,G0,C:\Users\Harshit\OneDrive\Desktop\stellar-spectra-ai\data\raw\main_sequence\spec-0285-51930-0577.fits,C:\Users\Harshit\OneDrive\Desktop\stellar-spectra-ai\data\catalog\main_sequence.csv
3.22172e+17,main_sequence,182.29333,0.23708057,-9.54e-05,286,51999,599,STAR,G2,C:\Users\Harshit\OneDrive\Desktop\stellar-spectra-ai\data\raw\main_sequence\spec-0286-51999-0599.fits,C:\Users\Harshit\OneDrive\Desktop\stellar-spectra-ai\data\catalog\main_sequence.csv
3.11991e+17,main_sequence,165.25171,0.065200723,9.04e-06,277,51908,424,STAR,G0,C:\Users\Harshit\OneDrive\Desktop\stellar-spectra-ai\data\raw\main_sequence\spec-0277-51908-0424.fits,C:\Users\Harshit\OneDrive\Desktop\stellar-spectra-ai\data\catalog\main_sequence.csv
3.12046e+17,main_sequence,166.62,0.45916448,-7.77e-06,277,51908,626,STAR,G2,C:\Users\Harshit\OneDrive\Desktop\stellar-spectra-ai\data\raw\main_sequence\spec-0277-51908-0626.fits,C:\Users\Harshit\OneDrive\Desktop\stellar-spectra-ai\data\catalog\main_sequence.csv
3.41244e+17,main_sequence,213.07121,0.15793702,6.12e-05,303,51615,351,STAR,G0,C:\Users\Harshit\OneDrive\Desktop\stellar-spectra-ai\data\raw\main_sequence\spec-0303-51615-0351.fits,C:\Users\Harshit\OneDrive\Desktop\stellar-spectra-ai\data\catalog\main_sequence.csv
3.41294e+17,main_sequence,213.94115,0.78732743,3.28e-05,303,51615,532,STAR,G2,C:\Users\Harshit\OneDrive\Desktop\stellar-spectra-ai\data\raw\main_sequence\spec-0303-51615-0532.fits,C:\Users\Harshit\OneDrive\Desktop\stellar-spectra-ai\data\catalog\main_sequence.csv
3.01757e+17,main_sequence,149.98047,-0.49724368,0.000519414,268,51633,57,STAR,G0,C:\Users\Harshit\OneDrive\Desktop\stellar-spectra-ai\data\raw\main_sequence\spec-0268-51633-0057.fits,C:\Users\Harshit\OneDrive\Desktop\stellar-spectra-ai\data\catalog\main_sequence.csv
3.01818e+17,main_sequence,149.09645,-0.28140122,-3.13e-05,268,51633,278,STAR,G2,C:\Users\Harshit\OneDrive\Desktop\stellar-spectra-ai\data\raw\main_sequence\spec-0268-51633-0278.fits,C:\Users\Harshit\OneDrive\Desktop\stellar-spectra-ai\data\catalog\main_sequence.csv
3.01825e+17,main_sequence,148.15135,0.079704841,0.000286286,268,51633,304,STAR,G2,C:\Users\Harshit\OneDrive\Desktop\stellar-spectra-ai\data\raw\main_sequence\spec-0268-51633-0304.fits,C:\Users\Harshit\OneDrive\Desktop\stellar-spectra-ai\data\catalog\main_sequence.csv
3.01831e+17,main_sequence,147.92671,1.0015873,0.000294102,268,51633,325,STAR,G2,C:\Users\Harshit\OneDrive\Desktop\stellar-spectra-ai\data\raw\main_sequence\spec-0268-51633-0325.fits,C:\Users\Harshit\OneDrive\Desktop\stellar-spectra-ai\data\catalog\main_sequence.csv
3.01836e+17,main_sequence,148.62824,0.50453457,0.000179094,268,51633,344,STAR,G2,C:\Users\Harshit\OneDrive\Desktop\stellar-spectra-ai\data\raw\main_sequence\spec-0268-51633-0344.fits,C:\Users\Harshit\OneDrive\Desktop\stellar-spectra-ai\data\catalog\main_sequence.csv
4.27861e+17,main_sequence,346.08907,-0.35562179,-0.000143423,380,51792,68,STAR,G2,C:\Users\Harshit\OneDrive\Desktop\stellar-spectra-ai\data\raw\main_sequence\spec-0380-51792-0068.fits,C:\Users\Harshit\OneDrive\Desktop\stellar-spectra-ai\data\catalog\main_sequence.csv
4.27909e+17,main_sequence,344.66243,-0.68605079,-0.000546891,380,51792,245,STAR,G2,C:\Users\Harshit\OneDrive\Desktop\stellar-spectra-ai\data\raw\main_sequence\spec-0380-51792-0245.fits,C:\Users\Harshit\OneDrive\Desktop\stellar-spectra-ai\data\catalog\main_sequence.csv
4.27912e+17,main_sequence,344.71945,-0.89288115,-0.000148232,380,51792,255,STAR,G2,C:\Users\Harshit\OneDrive\Desktop\stellar-spectra-ai\data\raw\main_sequence\spec-0380-51792-0255.fits,C:\Users\Harshit\OneDrive\Desktop\stellar-spectra-ai\data\catalog\main_sequence.csv
4.27954e+17,main_sequence,344.93623,1.2719813,-0.00034282,380,51792,408,STAR,G2,C:\Users\Harshit\OneDrive\Desktop\stellar-spectra-ai\data\raw\main_sequence\spec-0380-51792-0408.fits,C:\Users\Harshit\OneDrive\Desktop\stellar-spectra-ai\data\catalog\main_sequence.csv
4.2796e+17,main_sequence,344.69633,0.44115016,-7.05e-05,380,51792,430,STAR,G2,C:\Users\Harshit\OneDrive\Desktop\stellar-spectra-ai\data\raw\main_sequence\spec-0380-51792-0430.fits,C:\Users\Harshit\OneDrive\Desktop\stellar-spectra-ai\data\catalog\main_sequence.csv
4.27966e+17,main_sequence,345.16014,1.2194674,-0.000242345,380,51792,450,STAR,G0,C:\Users\Harshit\OneDrive\Desktop\stellar-spectra-ai\data\raw\main_sequence\spec-0380-51792-0450.fits,C:\Users\Harshit\OneDrive\Desktop\stellar-spectra-ai\data\catalog\main_sequence.csv
3.78447e+17,main_sequence,191.55576,-1.2484262,-4.46e-05,336,51999,527,STAR,G0,C:\Users\Harshit\OneDrive\Desktop\stellar-spectra-ai\data\raw\main_sequence\spec-0336-51999-0527.fits,C:\Users\Harshit\OneDrive\Desktop\stellar-spectra-ai\data\catalog\main_sequence.csv
3.79597e+17,main_sequence,193.93894,-1.5895031,0.000570359,337,51997,614,STAR,G2,C:\Users\Harshit\OneDrive\Desktop\stellar-spectra-ai\data\raw\main_sequence\spec-0337-51997-0614.fits,C:\Users\Harshit\OneDrive\Desktop\stellar-spectra-ai\data\catalog\main_sequence.csv
3.79604e+17,main_sequence,194.14481,-2.2155999,0.000322199,337,51997,639,STAR,G0,C:\Users\Harshit\OneDrive\Desktop\stellar-spectra-ai\data\raw\main_sequence\spec-0337-51997-0639.fits,C:\Users\Harshit\OneDrive\Desktop\stellar-spectra-ai\data\catalog\main_sequence.csv
3.80578e+17,main_sequence,195.00969,-3.5114722,0.000240196,338,51694,85,STAR,G0,C:\Users\Harshit\OneDrive\Desktop\stellar-spectra-ai\data\raw\main_sequence\spec-0338-51694-0085.fits,C:\Users\Harshit\OneDrive\Desktop\stellar-spectra-ai\data\catalog\main_sequence.csv
3.80616e+17,main_sequence,194.48577,-2.7667348,0.0002664,338,51694,226,STAR,G0,C:\Users\Harshit\OneDrive\Desktop\stellar-spectra-ai\data\raw\main_sequence\spec-0338-51694-0226.fits,C:\Users\Harshit\OneDrive\Desktop\stellar-spectra-ai\data\catalog\main_sequence.csv
3.15294e+17,main_sequence,170.94816,0.071706374,0.000112887,280,51612,153,STAR,G0,C:\Users\Harshit\OneDrive\Desktop\stellar-spectra-ai\data\raw\main_sequence\spec-0280-51612-0153.fits,C:\Users\Harshit\OneDrive\Desktop\stellar-spectra-ai\data\catalog\main_sequence.csv
3.15299e+17,main_sequence,170.73487,0.10720915,2.25e-05,280,51612,171,STAR,G2,C:\Users\Harshit\OneDrive\Desktop\stellar-spectra-ai\data\raw\main_sequence\spec-0280-51612-0171.fits,C:\Users\Harshit\OneDrive\Desktop\stellar-spectra-ai\data\catalog\main_sequence.csv
3.15348e+17,main_sequence,169.58433,0.5607814,-0.000290756,280,51612,348,STAR,G0,C:\Users\Harshit\OneDrive\Desktop\stellar-spectra-ai\data\raw\main_sequence\spec-0280-51612-0348.fits,C:\Users\Harshit\OneDrive\Desktop\stellar-spectra-ai\data\catalog\main_sequence.csv
3.15406e+17,main_sequence,170.84745,1.1111265,0.000222366,280,51612,561,STAR,G2,C:\Users\Harshit\OneDrive\Desktop\stellar-spectra-ai\data\raw\main_sequence\spec-0280-51612-0561.fits,C:\Users\Harshit\OneDrive\Desktop\stellar-spectra-ai\data\catalog\main_sequence.csv
3.1638e+17,main_sequence,172.5948,-1.1552804,0.000698125,281,51614,9,STAR,G0,C:\Users\Harshit\OneDrive\Desktop\stellar-spectra-ai\data\raw\main_sequence\spec-0281-51614-0009.fits,C:\Users\Harshit\OneDrive\Desktop\stellar-spectra-ai\data\catalog\main_sequence.csv
3.16395e+17,main_sequence,172.52646,-0.31484275,0.000198105,281,51614,64,STAR,G0,C:\Users\Harshit\OneDrive\Desktop\stellar-spectra-ai\data\raw\main_sequence\spec-0281-51614-0064.fits,C:\Users\Harshit\OneDrive\Desktop\stellar-spectra-ai\data\catalog\main_sequence.csv
3.16411e+17,main_sequence,172.03521,-1.1576206,-3.25e-05,281,51614,121,STAR,G0,C:\Users\Harshit\OneDrive\Desktop\stellar-spectra-ai\data\raw\main_sequence\spec-0281-51614-0121.fits,C:\Users\Harshit\OneDrive\Desktop\stellar-spectra-ai\data\catalog\main_sequence.csv
3.16425e+17,main_sequence,171.93665,-0.091965804,0.000194939,281,51614,171,STAR,G2,C:\Users\Harshit\OneDrive\Desktop\stellar-spectra-ai\data\raw\main_sequence\spec-0281-51614-0171.fits,C:\Users\Harshit\OneDrive\Desktop\stellar-spectra-ai\data\catalog\main_sequence.csv
3.16445e+17,main_sequence,171.68775,-1.0511533,-0.000296395,281,51614,244,STAR,G2,C:\Users\Harshit\OneDrive\Desktop\stellar-spectra-ai\data\raw\main_sequence\spec-0281-51614-0244.fits,C:\Users\Harshit\OneDrive\Desktop\stellar-spectra-ai\data\catalog\main_sequence.csv
3.1645e+17,main_sequence,171.02878,0.048559825,-0.000123544,281,51614,263,STAR,G0,C:\Users\Harshit\OneDrive\Desktop\stellar-spectra-ai\data\raw\main_sequence\spec-0281-51614-0263.fits,C:\Users\Harshit\OneDrive\Desktop\stellar-spectra-ai\data\catalog\main_sequence.csv
3.16451e+17,main_sequence,170.84406,0.020635901,6.27e-05,281,51614,266,STAR,G2,C:\Users\Harshit\OneDrive\Desktop\stellar-spectra-ai\data\raw\main_sequence\spec-0281-51614-0266.fits,C:\Users\Harshit\OneDrive\Desktop\stellar-spectra-ai\data\catalog\main_sequence.csv
3.16482e+17,main_sequence,171.27968,0.78453323,0.000166079,281,51614,377,STAR,G2,C:\Users\Harshit\OneDrive\Desktop\stellar-spectra-ai\data\raw\main_sequence\spec-0281-51614-0377.fits,C:\Users\Harshit\OneDrive\Desktop\stellar-spectra-ai\data\catalog\main_sequence.csv
3.16488e+17,main_sequence,171.26866,1.1227895,0.000261934,281,51614,401,STAR,G0,C:\Users\Harshit\OneDrive\Desktop\stellar-spectra-ai\data\raw\main_sequence\spec-0281-51614-0401.fits,C:\Users\Harshit\OneDrive\Desktop\stellar-spectra-ai\data\catalog\main_sequence.csv
3.16491e+17,main_sequence,171.5802,1.0332401,-0.00018993,281,51614,413,STAR,G0,C:\Users\Harshit\OneDrive\Desktop\stellar-spectra-ai\data\raw\main_sequence\spec-0281-51614-0413.fits,C:\Users\Harshit\OneDrive\Desktop\stellar-spectra-ai\data\catalog\main_sequence.csv
3.16505e+17,main_sequence,171.80675,0.62870568,4.24e-05,281,51614,463,STAR,G2,C:\Users\Harshit\OneDrive\Desktop\stellar-spectra-ai\data\raw\main_sequence\spec-0281-51614-0463.fits,C:\Users\Harshit\OneDrive\Desktop\stellar-spectra-ai\data\catalog\main_sequence.csv
3.33283e+17,main_sequence,200.88609,-0.59945575,0.000109492,296,51984,62,STAR,G0,C:\Users\Harshit\OneDrive\Desktop\stellar-spectra-ai\data\raw\main_sequence\spec-0296-51984-0062.fits,C:\Users\Harshit\OneDrive\Desktop\stellar-spectra-ai\data\catalog\main_sequence.csv
4.03148e+17,main_sequence,262.23738,56.366937,-0.000295172,358,51818,277,STAR,G2,C:\Users\Harshit\OneDrive\Desktop\stellar-spectra-ai\data\raw\main_sequence\spec-0358-51818-0277.fits,C:\Users\Harshit\OneDrive\Desktop\stellar-spectra-ai\data\catalog\main_sequence.csv
4.03163e+17,main_sequence,261.12562,57.207277,-0.000458246,358,51818,331,STAR,G2,C:\Users\Harshit\OneDrive\Desktop\stellar-spectra-ai\data\raw\main_sequence\spec-0358-51818-0331.fits,C:\Users\Harshit\OneDrive\Desktop\stellar-spectra-ai\data\catalog\main_sequence.csv
4.03196e+17,main_sequence,263.32288,57.887526,-0.000509843,358,51818,450,STAR,G0,C:\Users\Harshit\OneDrive\Desktop\stellar-spectra-ai\data\raw\main_sequence\spec-0358-51818-0450.fits,C:\Users\Harshit\OneDrive\Desktop\stellar-spectra-ai\data\catalog\main_sequence.csv
4.03217e+17,main_sequence,263.98129,57.927249,-0.001260307,358,51818,528,STAR,G0,C:\Users\Harshit\OneDrive\Desktop\stellar-spectra-ai\data\raw\main_sequence\spec-0358-51818-0528.fits,C:\Users\Harshit\OneDrive\Desktop\stellar-spectra-ai\data\catalog\main_sequence.csv
4.03238e+17,main_sequence,264.94541,57.800523,-9.46e-05,358,51818,603,STAR,G2,C:\Users\Harshit\OneDrive\Desktop\stellar-spectra-ai\data\raw\main_sequence\spec-0358-51818-0603.fits,C:\Users\Harshit\OneDrive\Desktop\stellar-spectra-ai\data\catalog\main_sequence.csv
4.07729e+17,main_sequence,264.78347,54.673885,-0.000477349,362,51999,557,STAR,G2,C:\Users\Harshit\OneDrive\Desktop\stellar-spectra-ai\data\raw\main_sequence\spec-0362-51999-0557.fits,C:\Users\Harshit\OneDrive\Desktop\stellar-spectra-ai\data\catalog\main_sequence.csv
4.07731e+17,main_sequence,265.21414,55.5666,-0.000573269,362,51999,563,STAR,G2,C:\Users\Harshit\OneDrive\Desktop\stellar-spectra-ai\data\raw\main_sequence\spec-0362-51999-0563.fits,C:\Users\Harshit\OneDrive\Desktop\stellar-spectra-ai\data\catalog\main_sequence.csv
4.07739e+17,main_sequence,265.53383,54.562383,-0.000190629,362,51999,594,STAR,G2,C:\Users\Harshit\OneDrive\Desktop\stellar-spectra-ai\data\raw\main_sequence\spec-0362-51999-0594.fits,C:\Users\Harshit\OneDrive\Desktop\stellar-spectra-ai\data\catalog\main_sequence.csv
4.07745e+17,main_sequence,265.53255,55.338989,-0.00028131,362,51999,616,STAR,G2,C:\Users\Harshit\OneDrive\Desktop\stellar-spectra-ai\data\raw\main_sequence\spec-0362-51999-0616.fits,C:\Users\Harshit\OneDrive\Desktop\stellar-spectra-ai\data\catalog\main_sequence.csv
4.08715e+17,main_sequence,233.40853,-0.91241541,-0.000125096,363,51989,50,STAR,G0,C:\Users\Harshit\OneDrive\Desktop\stellar-spectra-ai\data\raw\main_sequence\spec-0363-51989-0050.fits,C:\Users\Harshit\OneDrive\Desktop\stellar-spectra-ai\data\catalog\main_sequence.csv
3.40131e+17,main_sequence,211.30744,0.45512955,0.000665968,302,51688,398,STAR,G2,C:\Users\Harshit\OneDrive\Desktop\stellar-spectra-ai\data\raw\main_sequence\spec-0302-51688-0398.fits,C:\Users\Harshit\OneDrive\Desktop\stellar-spectra-ai\data\catalog\main_sequence.csv
3.69398e+17,main_sequence,174.85373,-1.2747829,2.8e-05,328,52282,373,STAR,G2,C:\Users\Harshit\OneDrive\Desktop\stellar-spectra-ai\data\raw\main_sequence\spec-0328-52282-0373.fits,C:\Users\Harshit\OneDrive\Desktop\stellar-spectra-ai\data\catalog\main_sequence.csv
4.05499e+17,main_sequence,265.90069,54.783848,-9.6e-05,360,51816,638,STAR,G2,C:\Users\Harshit\OneDrive\Desktop\stellar-spectra-ai\data\raw\main_sequence\spec-0360-51816-0638.fits,C:\Users\Harshit\OneDrive\Desktop\stellar-spectra-ai\data\catalog\main_sequence.csv
4.07576e+17,main_sequence,265.93082,53.732703,-0.000320854,362,51999,2,STAR,G2,C:\Users\Harshit\OneDrive\Desktop\stellar-spectra-ai\data\raw\main_sequence\spec-0362-51999-0002.fits,C:\Users\Harshit\OneDrive\Desktop\stellar-spectra-ai\data\catalog\main_sequence.csv
4.07642e+17,main_sequence,263.61022,54.21795,-8.78e-05,362,51999,240,STAR,G2,C:\Users\Harshit\OneDrive\Desktop\stellar-spectra-ai\data\raw\main_sequence\spec-0362-51999-0240.fits,C:\Users\Harshit\OneDrive\Desktop\stellar-spectra-ai\data\catalog\main_sequence.csv
3.28899e+17,main_sequence,192.44511,0.47881729,0.000383934,292,51609,497,STAR,G0,C:\Users\Harshit\OneDrive\Desktop\stellar-spectra-ai\data\raw\main_sequence\spec-0292-51609-0497.fits,C:\Users\Harshit\OneDrive\Desktop\stellar-spectra-ai\data\catalog\main_sequence.csv
3.23238e+17,main_sequence,182.27436,0.58352242,3.67e-05,287,52023,382,STAR,G2,C:\Users\Harshit\OneDrive\Desktop\stellar-spectra-ai\data\raw\main_sequence\spec-0287-52023-0382.fits,C:\Users\Harshit\OneDrive\Desktop\stellar-spectra-ai\data\catalog\main_sequence.csv
3.23277e+17,main_sequence,183.59261,0.94146054,5.65e-06,287,52023,524,STAR,G0,C:\Users\Harshit\OneDrive\Desktop\stellar-spectra-ai\data\raw\main_sequence\spec-0287-52023-0524.fits,C:\Users\Harshit\OneDrive\Desktop\stellar-spectra-ai\data\catalog\main_sequence.csv
3.24285e+17,main_sequence,185.06944,-1.051089,0.000156675,288,52000,93,STAR,G2,C:\Users\Harshit\OneDrive\Desktop\stellar-spectra-ai\data\raw\main_sequence\spec-0288-52000-0093.fits,C:\Users\Harshit\OneDrive\Desktop\stellar-spectra-ai\data\catalog\main_sequence.csv
3.24302e+17,main_sequence,185.06956,-0.64819523,0.00044657,288,52000,154,STAR,G2,C:\Users\Harshit\OneDrive\Desktop\stellar-spectra-ai\data\raw\main_sequence\spec-0288-52000-0154.fits,C:\Users\Harshit\OneDrive\Desktop\stellar-spectra-ai\data\catalog\main_sequence.csv
3.24314e+17,main_sequence,184.58128,-0.54603519,0.000115269,288,52000,198,STAR,G2,C:\Users\Harshit\OneDrive\Desktop\stellar-spectra-ai\data\raw\main_sequence\spec-0288-52000-0198.fits,C:\Users\Harshit\OneDrive\Desktop\stellar-spectra-ai\data\catalog\main_sequence.csv
3.24366e+17,main_sequence,183.90931,0.54497852,0.000236325,288,52000,390,STAR,G0,C:\Users\Harshit\OneDrive\Desktop\stellar-spectra-ai\data\raw\main_sequence\spec-0288-52000-0390.fits,C:\Users\Harshit\OneDrive\Desktop\stellar-spectra-ai\data\catalog\main_sequence.csv
3.42335e+17,main_sequence,214.81925,-1.1867516,-0.000132418,304,51609,224,STAR,G2,C:\Users\Harshit\OneDrive\Desktop\stellar-spectra-ai\data\raw\main_sequence\spec-0304-51609-0224.fits,C:\Users\Harshit\OneDrive\Desktop\stellar-spectra-ai\data\catalog\main_sequence.csv
3.42343e+17,main_sequence,213.69274,-0.13211656,-1.91e-06,304,51609,254,STAR,G2,C:\Users\Harshit\OneDrive\Desktop\stellar-spectra-ai\data\raw\main_sequence\spec-0304-51609-0254.fits,C:\Users\Harshit\OneDrive\Desktop\stellar-spectra-ai\data\catalog\main_sequence.csv
3.42367e+17,main_sequence,213.49182,0.60976981,-0.000158013,304,51609,340,STAR,G2,C:\Users\Harshit\OneDrive\Desktop\stellar-spectra-ai\data\raw\main_sequence\spec-0304-51609-0340.fits,C:\Users\Harshit\OneDrive\Desktop\stellar-spectra-ai\data\catalog\main_sequence.csv
3.42389e+17,main_sequence,214.73311,0.048889002,-6.88e-05,304,51609,419,STAR,G0,C:\Users\Harshit\OneDrive\Desktop\stellar-spectra-ai\data\raw\main_sequence\spec-0304-51609-0419.fits,C:\Users\Harshit\OneDrive\Desktop\stellar-spectra-ai\data\catalog\main_sequence.csv
3.42404e+17,main_sequence,215.10086,0.54194104,-0.000141757,304,51609,474,STAR,G0,C:\Users\Harshit\OneDrive\Desktop\stellar-spectra-ai\data\raw\main_sequence\spec-0304-51609-0474.fits,C:\Users\Harshit\OneDrive\Desktop\stellar-spectra-ai\data\catalog\main_sequence.csv
3.42417e+17,main_sequence,215.69115,0.46702104,-0.000311191,304,51609,521,STAR,G2,C:\Users\Harshit\OneDrive\Desktop\stellar-spectra-ai\data\raw\main_sequence\spec-0304-51609-0521.fits,C:\Users\Harshit\OneDrive\Desktop\stellar-spectra-ai\data\catalog\main_sequence.csv
3.42418e+17,main_sequence,215.72164,0.42553452,-0.000776785,304,51609,524,STAR,G2,C:\Users\Harshit\OneDrive\Desktop\stellar-spectra-ai\data\raw\main_sequence\spec-0304-51609-0524.fits,C:\Users\Harshit\OneDrive\Desktop\stellar-spectra-ai\data\catalog\main_sequence.csv
3.42419e+17,main_sequence,215.65597,0.51811384,-0.000416818,304,51609,528,STAR,G2,C:\Users\Harshit\OneDrive\Desktop\stellar-spectra-ai\data\raw\main_sequence\spec-0304-51609-0528.fits,C:\Users\Harshit\OneDrive\Desktop\stellar-spectra-ai\data\catalog\main_sequence.csv
3.42432e+17,main_sequence,215.82727,0.43745708,-0.000133662,304,51609,575,STAR,G2,C:\Users\Harshit\OneDrive\Desktop\stellar-spectra-ai\data\raw\main_sequence\spec-0304-51609-0575.fits,C:\Users\Harshit\OneDrive\Desktop\stellar-spectra-ai\data\catalog\main_sequence.csv
3.42442e+17,main_sequence,215.97505,-0.081727047,-0.000262489,304,51609,614,STAR,G2,C:\Users\Harshit\OneDrive\Desktop\stellar-spectra-ai\data\raw\main_sequence\spec-0304-51609-0614.fits,C:\Users\Harshit\OneDrive\Desktop\stellar-spectra-ai\data\catalog\main_sequence.csv
3.02983e+17,main_sequence,150.9641,0.33904684,-0.000121439,269,51910,422,STAR,G0,C:\Users\Harshit\OneDrive\Desktop\stellar-spectra-ai\data\raw\main_sequence\spec-0269-51910-0422.fits,C:\Users\Harshit\OneDrive\Desktop\stellar-spectra-ai\data\catalog\main_sequence.csv
3.03025e+17,main_sequence,151.2808,1.2022459,0.000157315,269,51910,575,STAR,G0,C:\Users\Harshit\OneDrive\Desktop\stellar-spectra-ai\data\raw\main_sequence\spec-0269-51910-0575.fits,C:\Users\Harshit\OneDrive\Desktop\stellar-spectra-ai\data\catalog\main_sequence.csv
3.04013e+17,main_sequence,153.54676,-0.39691753,-0.000131783,270,51909,73,STAR,G2,C:\Users\Harshit\OneDrive\Desktop\stellar-spectra-ai\data\raw\main_sequence\spec-0270-51909-0073.fits,C:\Users\Harshit\OneDrive\Desktop\stellar-spectra-ai\data\catalog\main_sequence.csv
4.43774e+17,main_sequence,13.92467,0.69414977,-5.89e-05,394,51913,617,STAR,G2,C:\Users\Harshit\OneDrive\Desktop\stellar-spectra-ai\data\raw\main_sequence\spec-0394-51913-0617.fits,C:\Users\Harshit\OneDrive\Desktop\stellar-spectra-ai\data\catalog\main_sequence.csv
4.44747e+17,main_sequence,15.459972,-0.66094402,-0.000492992,395,51783,61,STAR,G0,C:\Users\Harshit\OneDrive\Desktop\stellar-spectra-ai\data\raw\main_sequence\spec-0395-51783-0061.fits,C:\Users\Harshit\OneDrive\Desktop\stellar-spectra-ai\data\catalog\main_sequence.csv
4.44833e+17,main_sequence,14.184031,0.93523429,-8.77e-06,395,51783,374,STAR,G2,C:\Users\Harshit\OneDrive\Desktop\stellar-spectra-ai\data\raw\main_sequence\spec-0395-51783-0374.fits,C:\Users\Harshit\OneDrive\Desktop\stellar-spectra-ai\data\catalog\main_sequence.csv
3.80626e+17,main_sequence,194.36056,-2.9830343,0.000125359,338,51694,263,STAR,G2,C:\Users\Harshit\OneDrive\Desktop\stellar-spectra-ai\data\raw\main_sequence\spec-0338-51694-0263.fits,C:\Users\Harshit\OneDrive\Desktop\stellar-spectra-ai\data\catalog\main_sequence.csv
3.80709e+17,main_sequence,195.00705,-1.1744689,-0.000237856,338,51694,562,STAR,G2,C:\Users\Harshit\OneDrive\Desktop\stellar-spectra-ai\data\raw\main_sequence\spec-0338-51694-0562.fits,C:\Users\Harshit\OneDrive\Desktop\stellar-spectra-ai\data\catalog\main_sequence.csv
3.80723e+17,main_sequence,195.35537,-1.3500088,-0.0002882,338,51694,614,STAR,G2,C:\Users\Harshit\OneDrive\Desktop\stellar-spectra-ai\data\raw\main_sequence\spec-0338-51694-0614.fits,C:\Users\Harshit\OneDrive\Desktop\stellar-spectra-ai\data\catalog\main_sequence.csv
3.81697e+17,main_sequence,196.38321,-3.4693666,-5.21e-05,339,51692,60,STAR,G2,C:\Users\Harshit\OneDrive\Desktop\stellar-spectra-ai\data\raw\main_sequence\spec-0339-51692-0060.fits,C:\Users\Harshit\OneDrive\Desktop\stellar-spectra-ai\data\catalog\main_sequence.csv
3.81713e+17,main_sequence,196.86075,-3.0672162,0.000364552,339,51692,118,STAR,G0,C:\Users\Harshit\OneDrive\Desktop\stellar-spectra-ai\data\raw\main_sequence\spec-0339-51692-0118.fits,C:\Users\Harshit\OneDrive\Desktop\stellar-spectra-ai\data\catalog\main_sequence.csv
3.81725e+17,main_sequence,196.22424,-3.2288909,1.91e-05,339,51692,165,STAR,G0,C:\Users\Harshit\OneDrive\Desktop\stellar-spectra-ai\data\raw\main_sequence\spec-0339-51692-0165.fits,C:\Users\Harshit\OneDrive\Desktop\stellar-spectra-ai\data\catalog\main_sequence.csv
3.81729e+17,main_sequence,196.31295,-3.0698196,4.43e-05,339,51692,178,STAR,G0,C:\Users\Harshit\OneDrive\Desktop\stellar-spectra-ai\data\raw\main_sequence\spec-0339-51692-0178.fits,C:\Users\Harshit\OneDrive\Desktop\stellar-spectra-ai\data\catalog\main_sequence.csv
3.81738e+17,main_sequence,195.83681,-3.415815,0.000462658,339,51692,212,STAR,G2,C:\Users\Harshit\OneDrive\Desktop\stellar-spectra-ai\data\raw\main_sequence\spec-0339-51692-0212.fits,C:\Users\Harshit\OneDrive\Desktop\stellar-spectra-ai\data\catalog\main_sequence.csv
3.81771e+17,main_sequence,195.30923,-1.564785,-0.000121617,339,51692,330,STAR,G2,C:\Users\Harshit\OneDrive\Desktop\stellar-spectra-ai\data\raw\main_sequence\spec-0339-51692-0330.fits,C:\Users\Harshit\OneDrive\Desktop\stellar-spectra-ai\data\catalog\main_sequence.csv
3.81772e+17,main_sequence,195.68955,-1.9052539,-5.66e-06,339,51692,335,STAR,G2,C:\Users\Harshit\OneDrive\Desktop\stellar-spectra-ai\data\raw\main_sequence\spec-0339-51692-0335.fits,C:\Users\Harshit\OneDrive\Desktop\stellar-spectra-ai\data\catalog\main_sequence.csv
3.8178e+17,main_sequence,195.80271,-1.5565613,0.000742072,339,51692,362,STAR,G2,C:\Users\Harshit\OneDrive\Desktop\stellar-spectra-ai\data\raw\main_sequence\spec-0339-51692-0362.fits,C:\Users\Harshit\OneDrive\Desktop\stellar-spectra-ai\data\catalog\main_sequence.csv
3.17539e+17,main_sequence,173.81738,-1.1816578,-8.52e-05,282,51658,128,STAR,G2,C:\Users\Harshit\OneDrive\Desktop\stellar-spectra-ai\data\raw\main_sequence\spec-0282-51658-0128.fits,C:\Users\Harshit\OneDrive\Desktop\stellar-spectra-ai\data\catalog\main_sequence.csv
3.17553e+17,main_sequence,173.90419,-0.12331672,0.00011177,282,51658,178,STAR,G2,C:\Users\Harshit\OneDrive\Desktop\stellar-spectra-ai\data\raw\main_sequence\spec-0282-51658-0178.fits,C:\Users\Harshit\OneDrive\Desktop\stellar-spectra-ai\data\catalog\main_sequence.csv
3.33358e+17,main_sequence,199.01884,0.82215455,-5.39e-05,296,51984,335,STAR,G0,C:\Users\Harshit\OneDrive\Desktop\stellar-spectra-ai\data\raw\main_sequence\spec-0296-51984-0335.fits,C:\Users\Harshit\OneDrive\Desktop\stellar-spectra-ai\data\catalog\main_sequence.csv
3.36815e+17,main_sequence,206.69683,0.19114156,0.00033543,299,51671,623,STAR,G2,C:\Users\Harshit\OneDrive\Desktop\stellar-spectra-ai\data\raw\main_sequence\spec-0299-51671-0623.fits,C:\Users\Harshit\OneDrive\Desktop\stellar-spectra-ai\data\catalog\main_sequence.csv
3.3778e+17,main_sequence,208.63412,0.08647615,7.6e-05,300,51943,38,STAR,G2,C:\Users\Harshit\OneDrive\Desktop\stellar-spectra-ai\data\raw\main_sequence\spec-0300-51943-0038.fits,C:\Users\Harshit\OneDrive\Desktop\stellar-spectra-ai\data\catalog\main_sequence.csv
4.41431e+17,main_sequence,8.1779065,-0.8032186,-0.000313814,392,51793,283,STAR,G2,C:\Users\Harshit\OneDrive\Desktop\stellar-spectra-ai\data\raw\main_sequence\spec-0392-51793-0283.fits,C:\Users\Harshit\OneDrive\Desktop\stellar-spectra-ai\data\catalog\main_sequence.csv
4.41502e+17,main_sequence,9.6156366,0.62065356,-0.000940759,392,51793,541,STAR,G0,C:\Users\Harshit\OneDrive\Desktop\stellar-spectra-ai\data\raw\main_sequence\spec-0392-51793-0541.fits,C:\Users\Harshit\OneDrive\Desktop\stellar-spectra-ai\data\catalog\main_sequence.csv
3.44677e+17,main_sequence,218.3922,0.034564033,-0.000202966,306,51637,551,STAR,G2,C:\Users\Harshit\OneDrive\Desktop\stellar-spectra-ai\data\raw\main_sequence\spec-0306-51637-0551.fits,C:\Users\Harshit\OneDrive\Desktop\stellar-spectra-ai\data\catalog\main_sequence.csv
3.44694e+17,main_sequence,219.00659,0.77188385,-0.000152036,306,51637,614,STAR,G2,C:\Users\Harshit\OneDrive\Desktop\stellar-spectra-ai\data\raw\main_sequence\spec-0306-51637-0614.fits,C:\Users\Harshit\OneDrive\Desktop\stellar-spectra-ai\data\catalog\main_sequence.csv
3.45661e+17,main_sequence,220.99836,-0.34730496,-0.000115143,307,51663,34,STAR,G2,C:\Users\Harshit\OneDrive\Desktop\stellar-spectra-ai\data\raw\main_sequence\spec-0307-51663-0034.fits,C:\Users\Harshit\OneDrive\Desktop\stellar-spectra-ai\data\catalog\main_sequence.csv
3.45682e+17,main_sequence,219.9983,-0.30726329,0.000437623,307,51663,113,STAR,G2,C:\Users\Harshit\OneDrive\Desktop\stellar-spectra-ai\data\raw\main_sequence\spec-0307-51663-0113.fits,C:\Users\Harshit\OneDrive\Desktop\stellar-spectra-ai\data\catalog\main_sequence.csv
3.45756e+17,main_sequence,218.945,0.64250851,-8.45e-05,307,51663,382,STAR,G2,C:\Users\Harshit\OneDrive\Desktop\stellar-spectra-ai\data\raw\main_sequence\spec-0307-51663-0382.fits,C:\Users\Harshit\OneDrive\Desktop\stellar-spectra-ai\data\catalog\main_sequence.csv
3.45758e+17,main_sequence,218.72568,-0.08332831,-9.23e-05,307,51663,389,STAR,G0,C:\Users\Harshit\OneDrive\Desktop\stellar-spectra-ai\data\raw\main_sequence\spec-0307-51663-0389.fits,C:\Users\Harshit\OneDrive\Desktop\stellar-spectra-ai\data\catalog\main_sequence.csv
3.45759e+17,main_sequence,218.7292,0.45810758,-5.7e-06,307,51663,391,STAR,G0,C:\Users\Harshit\OneDrive\Desktop\stellar-spectra-ai\data\raw\main_sequence\spec-0307-51663-0391.fits,C:\Users\Harshit\OneDrive\Desktop\stellar-spectra-ai\data\catalog\main_sequence.csv
3.45766e+17,main_sequence,219.43806,0.90080803,-7.24e-05,307,51663,419,STAR,G2,C:\Users\Harshit\OneDrive\Desktop\stellar-spectra-ai\data\raw\main_sequence\spec-0307-51663-0419.fits,C:\Users\Harshit\OneDrive\Desktop\stellar-spectra-ai\data\catalog\main_sequence.csv
3.45778e+17,main_sequence,219.58224,0.59588797,7.05e-05,307,51663,462,STAR,G2,C:\Users\Harshit\OneDrive\Desktop\stellar-spectra-ai\data\raw\main_sequence\spec-0307-51663-0462.fits,C:\Users\Harshit\OneDrive\Desktop\stellar-spectra-ai\data\catalog\main_sequence.csv
3.45806e+17,main_sequence,220.33763,1.0032799,-2.06e-05,307,51663,561,STAR,G2,C:\Users\Harshit\OneDrive\Desktop\stellar-spectra-ai\data\raw\main_sequence\spec-0307-51663-0561.fits,C:\Users\Harshit\OneDrive\Desktop\stellar-spectra-ai\data\catalog\main_sequence.csv
3.45823e+17,main_sequence,221.04172,0.56456345,4.98e-05,307,51663,626,STAR,G2,C:\Users\Harshit\OneDrive\Desktop\stellar-spectra-ai\data\raw\main_sequence\spec-0307-51663-0626.fits,C:\Users\Harshit\OneDrive\Desktop\stellar-spectra-ai\data\catalog\main_sequence.csv
4.07657e+17,main_sequence,262.87895,53.434173,-7.73e-05,362,51999,297,STAR,G2,C:\Users\Harshit\OneDrive\Desktop\stellar-spectra-ai\data\raw\main_sequence\spec-0362-51999-0297.fits,C:\Users\Harshit\OneDrive\Desktop\stellar-spectra-ai\data\catalog\main_sequence.csv
4.0767e+17,main_sequence,262.2554,55.065185,-7.95e-05,362,51999,343,STAR,G2,C:\Users\Harshit\OneDrive\Desktop\stellar-spectra-ai\data\raw\main_sequence\spec-0362-51999-0343.fits,C:\Users\Harshit\OneDrive\Desktop\stellar-spectra-ai\data\catalog\main_sequence.csv
4.07707e+17,main_sequence,263.28389,54.545629,-0.00022669,362,51999,477,STAR,G2,C:\Users\Harshit\OneDrive\Desktop\stellar-spectra-ai\data\raw\main_sequence\spec-0362-51999-0477.fits,C:\Users\Harshit\OneDrive\Desktop\stellar-spectra-ai\data\catalog\main_sequence.csv
4.07719e+17,main_sequence,264.85448,55.61427,-0.000225561,362,51999,521,STAR,G0,C:\Users\Harshit\OneDrive\Desktop\stellar-spectra-ai\data\raw\main_sequence\spec-0362-51999-0521.fits,C:\Users\Harshit\OneDrive\Desktop\stellar-spectra-ai\data\catalog\main_sequence.csv
4.26821e+17,main_sequence,342.48188,0.40390435,-0.000230211,379,51789,383,STAR,G2,C:\Users\Harshit\OneDrive\Desktop\stellar-spectra-ai\data\raw\main_sequence\spec-0379-51789-0383.fits,C:\Users\Harshit\OneDrive\Desktop\stellar-spectra-ai\data\catalog\main_sequence.csv
4.39182e+17,main_sequence,4.6381963,-0.96197081,-0.000133738,390,51900,293,STAR,G2,C:\Users\Harshit\OneDrive\Desktop\stellar-spectra-ai\data\raw\main_sequence\spec-0390-51900-0293.fits,C:\Users\Harshit\OneDrive\Desktop\stellar-spectra-ai\data\catalog\main_sequence.csv
4.39186e+17,main_sequence,3.9870508,-0.55707581,-0.000240671,390,51900,309,STAR,G2,C:\Users\Harshit\OneDrive\Desktop\stellar-spectra-ai\data\raw\main_sequence\spec-0390-51900-0309.fits,C:\Users\Harshit\OneDrive\Desktop\stellar-spectra-ai\data\catalog\main_sequence.csv
4.26766e+17,main_sequence,343.68133,-0.23693713,-0.000136851,379,51789,180,STAR,G2,C:\Users\Harshit\OneDrive\Desktop\stellar-spectra-ai\data\raw\main_sequence\spec-0379-51789-0180.fits,C:\Users\Harshit\OneDrive\Desktop\stellar-spectra-ai\data\catalog\main_sequence.csv
4.26794e+17,main_sequence,342.55457,-0.77620184,-0.00073786,379,51789,283,STAR,G2,C:\Users\Harshit\OneDrive\Desktop\stellar-spectra-ai\data\raw\main_sequence\spec-0379-51789-0283.fits,C:\Users\Harshit\OneDrive\Desktop\stellar-spectra-ai\data\catalog\main_sequence.csv
4.26797e+17,main_sequence,342.55114,-1.0245444,-0.000140705,379,51789,294,STAR,G0,C:\Users\Harshit\OneDrive\Desktop\stellar-spectra-ai\data\raw\main_sequence\spec-0379-51789-0294.fits,C:\Users\Harshit\OneDrive\Desktop\stellar-spectra-ai\data\catalog\main_sequence.csv
4.27985e+17,main_sequence,345.50337,0.46506228,-0.000158343,380,51792,519,STAR,G2,C:\Users\Harshit\OneDrive\Desktop\stellar-spectra-ai\data\raw\main_sequence\spec-0380-51792-0519.fits,C:\Users\Harshit\OneDrive\Desktop\stellar-spectra-ai\data\catalog\main_sequence.csv
4.27991e+17,main_sequence,345.66344,0.57732108,-0.000553995,380,51792,541,STAR,G2,C:\Users\Harshit\OneDrive\Desktop\stellar-spectra-ai\data\raw\main_sequence\spec-0380-51792-0541.fits,C:\Users\Harshit\OneDrive\Desktop\stellar-spectra-ai\data\catalog\main_sequence.csv
4.28017e+17,main_sequence,346.54188,0.36902494,-0.000137133,380,51792,637,STAR,G2,C:\Users\Harshit\OneDrive\Desktop\stellar-spectra-ai\data\raw\main_sequence\spec-0380-51792-0637.fits,C:\Users\Harshit\OneDrive\Desktop\stellar-spectra-ai\data\catalog\main_sequence.csv
4.28992e+17,main_sequence,347.56825,-1.0788879,-0.000158026,381,51811,88,STAR,G2,C:\Users\Harshit\OneDrive\Desktop\stellar-spectra-ai\data\raw\main_sequence\spec-0381-51811-0088.fits,C:\Users\Harshit\OneDrive\Desktop\stellar-spectra-ai\data\catalog\main_sequence.csv
4.28994e+17,main_sequence,347.48937,-0.90953913,1.32e-05,381,51811,96,STAR,G2,C:\Users\Harshit\OneDrive\Desktop\stellar-spectra-ai\data\raw\main_sequence\spec-0381-51811-0096.fits,C:\Users\Harshit\OneDrive\Desktop\stellar-spectra-ai\data\catalog\main_sequence.csv
4.29052e+17,main_sequence,346.13234,-0.30536408,9.87e-05,381,51811,307,STAR,G2,C:\Users\Harshit\OneDrive\Desktop\stellar-spectra-ai\data\raw\main_sequence\spec-0381-51811-0307.fits,C:\Users\Harshit\OneDrive\Desktop\stellar-spectra-ai\data\catalog\main_sequence.csv
4.29056e+17,main_sequence,346.20235,-0.091504228,-0.000265796,381,51811,319,STAR,G2,C:\Users\Harshit\OneDrive\Desktop\stellar-spectra-ai\data\raw\main_sequence\spec-0381-51811-0319.fits,C:\Users\Harshit\OneDrive\Desktop\stellar-spectra-ai\data\catalog\main_sequence.csv
4.2907e+17,main_sequence,346.87263,1.000231,-0.00044357,381,51811,373,STAR,G2,C:\Users\Harshit\OneDrive\Desktop\stellar-spectra-ai\data\raw\main_sequence\spec-0381-51811-0373.fits,C:\Users\Harshit\OneDrive\Desktop\stellar-spectra-ai\data\catalog\main_sequence.csv
3.254e+17,main_sequence,187.49245,-1.1484676,7.38e-05,289,51990,54,STAR,G0,C:\Users\Harshit\OneDrive\Desktop\stellar-spectra-ai\data\raw\main_sequence\spec-0289-51990-0054.fits,C:\Users\Harshit\OneDrive\Desktop\stellar-spectra-ai\data\catalog\main_sequence.csv
3.25404e+17,main_sequence,187.59701,-0.29546073,0.000290497,289,51990,70,STAR,G0,C:\Users\Harshit\OneDrive\Desktop\stellar-spectra-ai\data\raw\main_sequence\spec-0289-51990-0070.fits,C:\Users\Harshit\OneDrive\Desktop\stellar-spectra-ai\data\catalog\main_sequence.csv
3.34412e+17,main_sequence,202.46626,-0.061823617,-0.000228831,297,51959,73,STAR,G0,C:\Users\Harshit\OneDrive\Desktop\stellar-spectra-ai\data\raw\main_sequence\spec-0297-51959-0073.fits,C:\Users\Harshit\OneDrive\Desktop\stellar-spectra-ai\data\catalog\main_sequence.csv
3.43418e+17,main_sequence,216.56191,-1.0554867,-9.68e-06,305,51613,66,STAR,G2,C:\Users\Harshit\OneDrive\Desktop\stellar-spectra-ai\data\raw\main_sequence\spec-0305-51613-0066.fits,C:\Users\Harshit\OneDrive\Desktop\stellar-spectra-ai\data\catalog\main_sequence.csv
3.43427e+17,main_sequence,216.89877,-0.60144058,-2.1e-05,305,51613,100,STAR,G2,C:\Users\Harshit\OneDrive\Desktop\stellar-spectra-ai\data\raw\main_sequence\spec-0305-51613-0100.fits,C:\Users\Harshit\OneDrive\Desktop\stellar-spectra-ai\data\catalog\main_sequence.csv
3.43448e+17,main_sequence,216.28877,-0.48049302,-0.00022246,305,51613,178,STAR,G2,C:\Users\Harshit\OneDrive\Desktop\stellar-spectra-ai\data\raw\main_sequence\spec-0305-51613-0178.fits,C:\Users\Harshit\OneDrive\Desktop\stellar-spectra-ai\data\catalog\main_sequence.csv
3.43462e+17,main_sequence,215.87188,-1.1214064,0.000108426,305,51613,229,STAR,G0,C:\Users\Harshit\OneDrive\Desktop\stellar-spectra-ai\data\raw\main_sequence\spec-0305-51613-0229.fits,C:\Users\Harshit\OneDrive\Desktop\stellar-spectra-ai\data\catalog\main_sequence.csv
3.43471e+17,main_sequence,215.73009,-1.1836979,0.0001067,305,51613,261,STAR,G2,C:\Users\Harshit\OneDrive\Desktop\stellar-spectra-ai\data\raw\main_sequence\spec-0305-51613-0261.fits,C:\Users\Harshit\OneDrive\Desktop\stellar-spectra-ai\data\catalog\main_sequence.csv
3.43487e+17,main_sequence,215.70876,-1.0585789,-8.44e-05,305,51613,317,STAR,G0,C:\Users\Harshit\OneDrive\Desktop\stellar-spectra-ai\data\raw\main_sequence\spec-0305-51613-0317.fits,C:\Users\Harshit\OneDrive\Desktop\stellar-spectra-ai\data\catalog\main_sequence.csv
3.43488e+17,main_sequence,215.91664,0.54058292,0.000275476,305,51613,323,STAR,G2,C:\Users\Harshit\OneDrive\Desktop\stellar-spectra-ai\data\raw\main_sequence\spec-0305-51613-0323.fits,C:\Users\Harshit\OneDrive\Desktop\stellar-spectra-ai\data\catalog\main_sequence.csv
3.43489e+17,main_sequence,215.32078,0.46377372,4.22e-05,305,51613,325,STAR,G0,C:\Users\Harshit\OneDrive\Desktop\stellar-spectra-ai\data\raw\main_sequence\spec-0305-51613-0325.fits,C:\Users\Harshit\OneDrive\Desktop\stellar-spectra-ai\data\catalog\main_sequence.csv
3.43494e+17,main_sequence,215.65249,0.98591163,-0.000302544,305,51613,345,STAR,G0,C:\Users\Harshit\OneDrive\Desktop\stellar-spectra-ai\data\raw\main_sequence\spec-0305-51613-0345.fits,C:\Users\Harshit\OneDrive\Desktop\stellar-spectra-ai\data\catalog\main_sequence.csv
3.43505e+17,main_sequence,215.74816,0.98261644,-0.000122001,305,51613,384,STAR,G2,C:\Users\Harshit\OneDrive\Desktop\stellar-spectra-ai\data\raw\main_sequence\spec-0305-51613-0384.fits,C:\Users\Harshit\OneDrive\Desktop\stellar-spectra-ai\data\catalog\main_sequence.csv
3.43508e+17,main_sequence,215.70712,0.94228216,-0.00016847,305,51613,396,STAR,G2,C:\Users\Harshit\OneDrive\Desktop\stellar-spectra-ai\data\raw\main_sequence\spec-0305-51613-0396.fits,C:\Users\Harshit\OneDrive\Desktop\stellar-spectra-ai\data\catalog\main_sequence.csv
3.43515e+17,main_sequence,216.00274,1.237227,-0.00019613,305,51613,421,STAR,G2,C:\Users\Harshit\OneDrive\Desktop\stellar-spectra-ai\data\raw\main_sequence\spec-0305-51613-0421.fits,C:\Users\Harshit\OneDrive\Desktop\stellar-spectra-ai\data\catalog\main_sequence.csv
3.43517e+17,main_sequence,216.08985,0.95045707,0.000113291,305,51613,427,STAR,G2,C:\Users\Harshit\OneDrive\Desktop\stellar-spectra-ai\data\raw\main_sequence\spec-0305-51613-0427.fits,C:\Users\Harshit\OneDrive\Desktop\stellar-spectra-ai\data\catalog\main_sequence.csv
3.43519e+17,main_sequence,216.11877,1.189241,-0.000208844,305,51613,435,STAR,G2,C:\Users\Harshit\OneDrive\Desktop\stellar-spectra-ai\data\raw\main_sequence\spec-0305-51613-0435.fits,C:\Users\Harshit\OneDrive\Desktop\stellar-spectra-ai\data\catalog\main_sequence.csv
3.44556e+17,main_sequence,218.8061,-0.13326715,0.000100456,306,51637,111,STAR,G2,C:\Users\Harshit\OneDrive\Desktop\stellar-spectra-ai\data\raw\main_sequence\spec-0306-51637-0111.fits,C:\Users\Harshit\OneDrive\Desktop\stellar-spectra-ai\data\catalog\main_sequence.csv
3.04029e+17,main_sequence,153.12794,-0.93070054,9.6e-05,270,51909,131,STAR,G0,C:\Users\Harshit\OneDrive\Desktop\stellar-spectra-ai\data\raw\main_sequence\spec-0270-51909-0131.fits,C:\Users\Harshit\OneDrive\Desktop\stellar-spectra-ai\data\catalog\main_sequence.csv
3.04041e+17,main_sequence,152.62681,-0.61516081,0.000361587,270,51909,174,STAR,G2,C:\Users\Harshit\OneDrive\Desktop\stellar-spectra-ai\data\raw\main_sequence\spec-0270-51909-0174.fits,C:\Users\Harshit\OneDrive\Desktop\stellar-spectra-ai\data\catalog\main_sequence.csv
3.04115e+17,main_sequence,152.66939,1.2575476,-0.000273898,270,51909,443,STAR,G2,C:\Users\Harshit\OneDrive\Desktop\stellar-spectra-ai\data\raw\main_sequence\spec-0270-51909-0443.fits,C:\Users\Harshit\OneDrive\Desktop\stellar-spectra-ai\data\catalog\main_sequence.csv
3.04158e+17,main_sequence,153.34306,0.8739991,0.000530841,270,51909,602,STAR,G2,C:\Users\Harshit\OneDrive\Desktop\stellar-spectra-ai\data\raw\main_sequence\spec-0270-51909-0602.fits,C:\Users\Harshit\OneDrive\Desktop\stellar-spectra-ai\data\catalog\main_sequence.csv
3.0416e+17,main_sequence,153.57225,0.93874027,1.12e-05,270,51909,607,STAR,G2,C:\Users\Harshit\OneDrive\Desktop\stellar-spectra-ai\data\raw\main_sequence\spec-0270-51909-0607.fits,C:\Users\Harshit\OneDrive\Desktop\stellar-spectra-ai\data\catalog\main_sequence.csv
3.04161e+17,main_sequence,153.36742,0.84611976,0.000230968,270,51909,610,STAR,G0,C:\Users\Harshit\OneDrive\Desktop\stellar-spectra-ai\data\raw\main_sequence\spec-0270-51909-0610.fits,C:\Users\Harshit\OneDrive\Desktop\stellar-spectra-ai\data\catalog\main_sequence.csv
3.05207e+17,main_sequence,153.78315,-0.53540694,0.000263113,271,51883,320,STAR,G2,C:\Users\Harshit\OneDrive\Desktop\stellar-spectra-ai\data\raw\main_sequence\spec-0271-51883-0320.fits,C:\Users\Harshit\OneDrive\Desktop\stellar-spectra-ai\data\catalog\main_sequence.csv
4.50532e+17,main_sequence,24.99758,0.32744961,9.61e-05,400,51820,627,STAR,G0,C:\Users\Harshit\OneDrive\Desktop\stellar-spectra-ai\data\raw\main_sequence\spec-0400-51820-0627.fits,C:\Users\Harshit\OneDrive\Desktop\stellar-spectra-ai\data\catalog\main_sequence.csv
4.51491e+17,main_sequence,26.632859,-0.73886946,4.23e-05,401,51788,18,STAR,G2,C:\Users\Harshit\OneDrive\Desktop\stellar-spectra-ai\data\raw\main_sequence\spec-0401-51788-0018.fits,C:\Users\Harshit\OneDrive\Desktop\stellar-spectra-ai\data\catalog\main_sequence.csv
4.51495e+17,main_sequence,26.867546,-0.36815632,-0.000216268,401,51788,33,STAR,G2,C:\Users\Harshit\OneDrive\Desktop\stellar-spectra-ai\data\raw\main_sequence\spec-0401-51788-0033.fits,C:\Users\Harshit\OneDrive\Desktop\stellar-spectra-ai\data\catalog\main_sequence.csv
4.82057e+17,main_sequence,33.811747,14.001366,-0.000258657,428,51883,626,STAR,G2,C:\Users\Harshit\OneDrive\Desktop\stellar-spectra-ai\data\raw\main_sequence\spec-0428-51883-0626.fits,C:\Users\Harshit\OneDrive\Desktop\stellar-spectra-ai\data\catalog\main_sequence.csv
5.00035e+17,main_sequence,128.02253,52.909042,-0.00022825,444,51883,494,STAR,G2,C:\Users\Harshit\OneDrive\Desktop\stellar-spectra-ai\data\raw\main_sequence\spec-0444-51883-0494.fits,C:\Users\Harshit\OneDrive\Desktop\stellar-spectra-ai\data\catalog\main_sequence.csv
5.00046e+17,main_sequence,128.1505,53.651685,-2.88e-05,444,51883,532,STAR,G2,C:\Users\Harshit\OneDrive\Desktop\stellar-spectra-ai\data\raw\main_sequence\spec-0444-51883-0532.fits,C:\Users\Harshit\OneDrive\Desktop\stellar-spectra-ai\data\catalog\main_sequence.csv
3.82855e+17,main_sequence,198.41273,-2.2187021,3.97e-05,340,51990,177,STAR,G0,C:\Users\Harshit\OneDrive\Desktop\stellar-spectra-ai\data\raw\main_sequence\spec-0340-51990-0177.fits,C:\Users\Harshit\OneDrive\Desktop\stellar-spectra-ai\data\catalog\main_sequence.csv
3.82873e+17,main_sequence,197.78804,-3.0874456,-0.000105665,340,51990,245,STAR,G0,C:\Users\Harshit\OneDrive\Desktop\stellar-spectra-ai\data\raw\main_sequence\spec-0340-51990-0245.fits,C:\Users\Harshit\OneDrive\Desktop\stellar-spectra-ai\data\catalog\main_sequence.csv
3.82903e+17,main_sequence,196.9669,-1.7084151,-1.25e-05,340,51990,354,STAR,G2,C:\Users\Harshit\OneDrive\Desktop\stellar-spectra-ai\data\raw\main_sequence\spec-0340-51990-0354.fits,C:\Users\Harshit\OneDrive\Desktop\stellar-spectra-ai\data\catalog\main_sequence.csv
3.82904e+17,main_sequence,197.15551,-2.1083051,-5.18e-05,340,51990,355,STAR,G2,C:\Users\Harshit\OneDrive\Desktop\stellar-spectra-ai\data\raw\main_sequence\spec-0340-51990-0355.fits,C:\Users\Harshit\OneDrive\Desktop\stellar-spectra-ai\data\catalog\main_sequence.csv
3.82921e+17,main_sequence,197.82103,-1.3935204,0.00022885,340,51990,420,STAR,G2,C:\Users\Harshit\OneDrive\Desktop\stellar-spectra-ai\data\raw\main_sequence\spec-0340-51990-0420.fits,C:\Users\Harshit\OneDrive\Desktop\stellar-spectra-ai\data\catalog\main_sequence.csv
3.17621e+17,main_sequence,173.4954,0.52766669,0.000426013,282,51658,425,STAR,G2,C:\Users\Harshit\OneDrive\Desktop\stellar-spectra-ai\data\raw\main_sequence\spec-0282-51658-0425.fits,C:\Users\Harshit\OneDrive\Desktop\stellar-spectra-ai\data\catalog\main_sequence.csv
3.17637e+17,main_sequence,173.77292,0.20680165,-3.98e-05,282,51658,485,STAR,G0,C:\Users\Harshit\OneDrive\Desktop\stellar-spectra-ai\data\raw\main_sequence\spec-0282-51658-0485.fits,C:\Users\Harshit\OneDrive\Desktop\stellar-spectra-ai\data\catalog\main_sequence.csv
3.37823e+17,main_sequence,207.02643,-0.30991123,-0.000520995,300,51943,194,STAR,G0,C:\Users\Harshit\OneDrive\Desktop\stellar-spectra-ai\data\raw\main_sequence\spec-0300-51943-0194.fits,C:\Users\Harshit\OneDrive\Desktop\stellar-spectra-ai\data\catalog\main_sequence.csv
3.37857e+17,main_sequence,206.06823,-0.35221722,-0.000449902,300,51943,317,STAR,G2,C:\Users\Harshit\OneDrive\Desktop\stellar-spectra-ai\data\raw\main_sequence\spec-0300-51943-0317.fits,C:\Users\Harshit\OneDrive\Desktop\stellar-spectra-ai\data\catalog\main_sequence.csv
3.37871e+17,main_sequence,206.75547,1.2473188,3.55e-06,300,51943,368,STAR,G0,C:\Users\Harshit\OneDrive\Desktop\stellar-spectra-ai\data\raw\main_sequence\spec-0300-51943-0368.fits,C:\Users\Harshit\OneDrive\Desktop\stellar-spectra-ai\data\catalog\main_sequence.csv
3.3789e+17,main_sequence,206.86048,0.51306665,-8.32e-05,300,51943,435,STAR,G2,C:\Users\Harshit\OneDrive\Desktop\stellar-spectra-ai\data\raw\main_sequence\spec-0300-51943-0435.fits,C:\Users\Harshit\OneDrive\Desktop\stellar-spectra-ai\data\catalog\main_sequence.csv
3.37896e+17,main_sequence,207.41991,1.1811508,-0.000390192,300,51943,459,STAR,G2,C:\Users\Harshit\OneDrive\Desktop\stellar-spectra-ai\data\raw\main_sequence\spec-0300-51943-0459.fits,C:\Users\Harshit\OneDrive\Desktop\stellar-spectra-ai\data\catalog\main_sequence.csv
4.42499e+17,main_sequence,11.865183,-0.31081646,1.18e-05,393,51794,75,STAR,G0,C:\Users\Harshit\OneDrive\Desktop\stellar-spectra-ai\data\raw\main_sequence\spec-0393-51794-0075.fits,C:\Users\Harshit\OneDrive\Desktop\stellar-spectra-ai\data\catalog\main_sequence.csv
4.43605e+17,main_sequence,13.718967,-1.009623,0.000417891,394,51913,1,STAR,G2,C:\Users\Harshit\OneDrive\Desktop\stellar-spectra-ai\data\raw\main_sequence\spec-0394-51913-0001.fits,C:\Users\Harshit\OneDrive\Desktop\stellar-spectra-ai\data\catalog\main_sequence.csv
4.43616e+17,main_sequence,13.509139,-1.0819475,-0.000211967,394,51913,43,STAR,G2,C:\Users\Harshit\OneDrive\Desktop\stellar-spectra-ai\data\raw\main_sequence\spec-0394-51913-0043.fits,C:\Users\Harshit\OneDrive\Desktop\stellar-spectra-ai\data\catalog\main_sequence.csv
3.46859e+17,main_sequence,220.72301,-1.0450602,0.000150859,308,51662,299,STAR,G2,C:\Users\Harshit\OneDrive\Desktop\stellar-spectra-ai\data\raw\main_sequence\spec-0308-51662-0299.fits,C:\Users\Harshit\OneDrive\Desktop\stellar-spectra-ai\data\catalog\main_sequence.csv
3.70455e+17,main_sequence,176.91848,-3.4472805,-0.000132782,329,52056,122,STAR,G2,C:\Users\Harshit\OneDrive\Desktop\stellar-spectra-ai\data\raw\main_sequence\spec-0329-52056-0122.fits,C:\Users\Harshit\OneDrive\Desktop\stellar-spectra-ai\data\catalog\main_sequence.csv
3.70478e+17,main_sequence,176.64154,-3.6486394,0.000187654,329,52056,207,STAR,G2,C:\Users\Harshit\OneDrive\Desktop\stellar-spectra-ai\data\raw\main_sequence\spec-0329-52056-0207.fits,C:\Users\Harshit\OneDrive\Desktop\stellar-spectra-ai\data\catalog\main_sequence.csv
3.7055e+17,main_sequence,176.67639,-2.1232406,-0.000140208,329,52056,470,STAR,G2,C:\Users\Harshit\OneDrive\Desktop\stellar-spectra-ai\data\raw\main_sequence\spec-0329-52056-0470.fits,C:\Users\Harshit\OneDrive\Desktop\stellar-spectra-ai\data\catalog\main_sequence.csv
3.70554e+17,main_sequence,176.86938,-2.4952838,-0.00033944,329,52056,482,STAR,G0,C:\Users\Harshit\OneDrive\Desktop\stellar-spectra-ai\data\raw\main_sequence\spec-0329-52056-0482.fits,C:\Users\Harshit\OneDrive\Desktop\stellar-spectra-ai\data\catalog\main_sequence.csv
3.8509e+17,main_sequence,237.26481,-0.20142755,-0.000343882,342,51691,117,STAR,G2,C:\Users\Harshit\OneDrive\Desktop\stellar-spectra-ai\data\raw\main_sequence\spec-0342-51691-0117.fits,C:\Users\Harshit\OneDrive\Desktop\stellar-spectra-ai\data\catalog\main_sequence.csv
3.85093e+17,main_sequence,236.9322,-1.1749275,-0.000558012,342,51691,127,STAR,G0,C:\Users\Harshit\OneDrive\Desktop\stellar-spectra-ai\data\raw\main_sequence\spec-0342-51691-0127.fits,C:\Users\Harshit\OneDrive\Desktop\stellar-spectra-ai\data\catalog\main_sequence.csv
3.85099e+17,main_sequence,237.15261,-0.41610701,0.000131532,342,51691,150,STAR,G2,C:\Users\Harshit\OneDrive\Desktop\stellar-spectra-ai\data\raw\main_sequence\spec-0342-51691-0150.fits,C:\Users\Harshit\OneDrive\Desktop\stellar-spectra-ai\data\catalog\main_sequence.csv
3.85167e+17,main_sequence,236.19063,0.45735559,-2.32e-06,342,51691,398,STAR,G0,C:\Users\Harshit\OneDrive\Desktop\stellar-spectra-ai\data\raw\main_sequence\spec-0342-51691-0398.fits,C:\Users\Harshit\OneDrive\Desktop\stellar-spectra-ai\data\catalog\main_sequence.csv
3.85182e+17,main_sequence,236.87941,1.2162516,-0.000664155,342,51691,451,STAR,G2,C:\Users\Harshit\OneDrive\Desktop\stellar-spectra-ai\data\raw\main_sequence\spec-0342-51691-0451.fits,C:\Users\Harshit\OneDrive\Desktop\stellar-spectra-ai\data\catalog\main_sequence.csv
4.6289e+17,main_sequence,45.883563,1.0544817,0.00012659,411,51817,528,STAR,G2,C:\Users\Harshit\OneDrive\Desktop\stellar-spectra-ai\data\raw\main_sequence\spec-0411-51817-0528.fits,C:\Users\Harshit\OneDrive\Desktop\stellar-spectra-ai\data\catalog\main_sequence.csv
4.30155e+17,main_sequence,348.58983,-0.5399647,-0.000163502,382,51816,221,STAR,G2,C:\Users\Harshit\OneDrive\Desktop\stellar-spectra-ai\data\raw\main_sequence\spec-0382-51816-0221.fits,C:\Users\Harshit\OneDrive\Desktop\stellar-spectra-ai\data\catalog\main_sequence.csv
4.31291e+17,main_sequence,350.76175,-1.0934566,-0.000877939,383,51818,258,STAR,G0,C:\Users\Harshit\OneDrive\Desktop\stellar-spectra-ai\data\raw\main_sequence\spec-0383-51818-0258.fits,C:\Users\Harshit\OneDrive\Desktop\stellar-spectra-ai\data\catalog\main_sequence.csv
3.3445e+17,main_sequence,201.23612,-1.0929657,-0.000124598,297,51959,211,STAR,G0,C:\Users\Harshit\OneDrive\Desktop\stellar-spectra-ai\data\raw\main_sequence\spec-0297-51959-0211.fits,C:\Users\Harshit\OneDrive\Desktop\stellar-spectra-ai\data\catalog\main_sequence.csv
3.34462e+17,main_sequence,201.01864,-0.74135962,-7.36e-05,297,51959,253,STAR,G2,C:\Users\Harshit\OneDrive\Desktop\stellar-spectra-ai\data\raw\main_sequence\spec-0297-51959-0253.fits,C:\Users\Harshit\OneDrive\Desktop\stellar-spectra-ai\data\catalog\main_sequence.csv
3.3448e+17,main_sequence,200.63548,0.066361687,5.66e-06,297,51959,319,STAR,G2,C:\Users\Harshit\OneDrive\Desktop\stellar-spectra-ai\data\raw\main_sequence\spec-0297-51959-0319.fits,C:\Users\Harshit\OneDrive\Desktop\stellar-spectra-ai\data\catalog\main_sequence.csv
3.34489e+17,main_sequence,200.53858,0.54699166,0.00014956,297,51959,351,STAR,G2,C:\Users\Harshit\OneDrive\Desktop\stellar-spectra-ai\data\raw\main_sequence\spec-0297-51959-0351.fits,C:\Users\Harshit\OneDrive\Desktop\stellar-spectra-ai\data\catalog\main_sequence.csv
3.34515e+17,main_sequence,201.69188,1.1712316,0.000268231,297,51959,448,STAR,G2,C:\Users\Harshit\OneDrive\Desktop\stellar-spectra-ai\data\raw\main_sequence\spec-0297-51959-0448.fits,C:\Users\Harshit\OneDrive\Desktop\stellar-spectra-ai\data\catalog\main_sequence.csv
3.3552e+17,main_sequence,204.6034,-0.70446271,-7.91e-05,298,51955,8,STAR,G2,C:\Users\Harshit\OneDrive\Desktop\stellar-spectra-ai\data\raw\main_sequence\spec-0298-51955-0008.fits,C:\Users\Harshit\OneDrive\Desktop\stellar-spectra-ai\data\catalog\main_sequence.csv
3.44577e+17,main_sequence,217.88009,-0.52666086,-0.000317394,306,51637,189,STAR,G2,C:\Users\Harshit\OneDrive\Desktop\stellar-spectra-ai\data\raw\main_sequence\spec-0306-51637-0189.fits,C:\Users\Harshit\OneDrive\Desktop\stellar-spectra-ai\data\catalog\main_sequence.csv
3.44606e+17,main_sequence,217.2292,-1.1735917,0.000130967,306,51637,295,STAR,G2,C:\Users\Harshit\OneDrive\Desktop\stellar-spectra-ai\data\raw\main_sequence\spec-0306-51637-0295.fits,C:\Users\Harshit\OneDrive\Desktop\stellar-spectra-ai\data\catalog\main_sequence.csv
3.49171e+17,main_sequence,226.31966,0.57188421,0.00028151,310,51990,515,STAR,G2,C:\Users\Harshit\OneDrive\Desktop\stellar-spectra-ai\data\raw\main_sequence\spec-0310-51990-0515.fits,C:\Users\Harshit\OneDrive\Desktop\stellar-spectra-ai\data\catalog\main_sequence.csv
3.49191e+17,main_sequence,226.90835,0.31425944,0.000292962,310,51990,591,STAR,G2,C:\Users\Harshit\OneDrive\Desktop\stellar-spectra-ai\data\raw\main_sequence\spec-0310-51990-0591.fits,C:\Users\Harshit\OneDrive\Desktop\stellar-spectra-ai\data\catalog\main_sequence.csv
3.50193e+17,main_sequence,227.64799,-1.1136112,0.00012344,311,51665,140,STAR,G2,C:\Users\Harshit\OneDrive\Desktop\stellar-spectra-ai\data\raw\main_sequence\spec-0311-51665-0140.fits,C:\Users\Harshit\OneDrive\Desktop\stellar-spectra-ai\data\catalog\main_sequence.csv
3.50253e+17,main_sequence,227.0733,0.29496294,-6.61e-05,311,51665,358,STAR,G0,C:\Users\Harshit\OneDrive\Desktop\stellar-spectra-ai\data\raw\main_sequence\spec-0311-51665-0358.fits,C:\Users\Harshit\OneDrive\Desktop\stellar-spectra-ai\data\catalog\main_sequence.csv
3.50254e+17,main_sequence,225.95003,0.52432484,3.68e-05,311,51665,359,STAR,G2,C:\Users\Harshit\OneDrive\Desktop\stellar-spectra-ai\data\raw\main_sequence\spec-0311-51665-0359.fits,C:\Users\Harshit\OneDrive\Desktop\stellar-spectra-ai\data\catalog\main_sequence.csv
3.05255e+17,main_sequence,154.51194,0.052566017,0.000276547,271,51883,495,STAR,G2,C:\Users\Harshit\OneDrive\Desktop\stellar-spectra-ai\data\raw\main_sequence\spec-0271-51883-0495.fits,C:\Users\Harshit\OneDrive\Desktop\stellar-spectra-ai\data\catalog\main_sequence.csv
3.0527e+17,main_sequence,155.04141,0.32924739,-0.000293669,271,51883,549,STAR,G0,C:\Users\Harshit\OneDrive\Desktop\stellar-spectra-ai\data\raw\main_sequence\spec-0271-51883-0549.fits,C:\Users\Harshit\OneDrive\Desktop\stellar-spectra-ai\data\catalog\main_sequence.csv
3.05295e+17,main_sequence,155.55133,0.005389819,0.000244172,271,51883,639,STAR,G2,C:\Users\Harshit\OneDrive\Desktop\stellar-spectra-ai\data\raw\main_sequence\spec-0271-51883-0639.fits,C:\Users\Harshit\OneDrive\Desktop\stellar-spectra-ai\data\catalog\main_sequence.csv
3.0625e+17,main_sequence,157.20617,-0.83961385,6.27e-05,272,51941,19,STAR,G0,C:\Users\Harshit\OneDrive\Desktop\stellar-spectra-ai\data\raw\main_sequence\spec-0272-51941-0019.fits,C:\Users\Harshit\OneDrive\Desktop\stellar-spectra-ai\data\catalog\main_sequence.csv
3.06257e+17,main_sequence,156.50252,-1.1340382,9.42e-05,272,51941,44,STAR,G0,C:\Users\Harshit\OneDrive\Desktop\stellar-spectra-ai\data\raw\main_sequence\spec-0272-51941-0044.fits,C:\Users\Harshit\OneDrive\Desktop\stellar-spectra-ai\data\catalog\main_sequence.csv
3.06278e+17,main_sequence,156.77149,-0.3133401,-3.95e-05,272,51941,120,STAR,G2,C:\Users\Harshit\OneDrive\Desktop\stellar-spectra-ai\data\raw\main_sequence\spec-0272-51941-0120.fits,C:\Users\Harshit\OneDrive\Desktop\stellar-spectra-ai\data\catalog\main_sequence.csv
3.06303e+17,main_sequence,155.62605,-0.8317055,0.000717129,272,51941,211,STAR,G2,C:\Users\Harshit\OneDrive\Desktop\stellar-spectra-ai\data\raw\main_sequence\spec-0272-51941-0211.fits,C:\Users\Harshit\OneDrive\Desktop\stellar-spectra-ai\data\catalog\main_sequence.csv
3.06373e+17,main_sequence,155.88717,0.37688648,0.000271729,272,51941,466,STAR,G0,C:\Users\Harshit\OneDrive\Desktop\stellar-spectra-ai\data\raw\main_sequence\spec-0272-51941-0466.fits,C:\Users\Harshit\OneDrive\Desktop\stellar-spectra-ai\data\catalog\main_sequence.csv
3.06387e+17,main_sequence,156.42392,0.36756155,-9.53e-05,272,51941,517,STAR,G2,C:\Users\Harshit\OneDrive\Desktop\stellar-spectra-ai\data\raw\main_sequence\spec-0272-51941-0517.fits,C:\Users\Harshit\OneDrive\Desktop\stellar-spectra-ai\data\catalog\main_sequence.csv
3.06415e+17,main_sequence,156.73173,0.94981417,1.92e-05,272,51941,620,STAR,G2,C:\Users\Harshit\OneDrive\Desktop\stellar-spectra-ai\data\raw\main_sequence\spec-0272-51941-0620.fits,C:\Users\Harshit\OneDrive\Desktop\stellar-spectra-ai\data\catalog\main_sequence.csv
3.07373e+17,main_sequence,158.95576,-1.0399466,3.79e-05,273,51957,10,STAR,G0,C:\Users\Harshit\OneDrive\Desktop\stellar-spectra-ai\data\raw\main_sequence\spec-0273-51957-0010.fits,C:\Users\Harshit\OneDrive\Desktop\stellar-spectra-ai\data\catalog\main_sequence.csv
5.01045e+17,main_sequence,130.80799,50.51414,-0.00054496,445,51873,71,STAR,G2,C:\Users\Harshit\OneDrive\Desktop\stellar-spectra-ai\data\raw\main_sequence\spec-0445-51873-0071.fits,C:\Users\Harshit\OneDrive\Desktop\stellar-spectra-ai\data\catalog\main_sequence.csv
5.01192e+17,main_sequence,131.39737,51.282929,-0.000264321,445,51873,604,STAR,G0,C:\Users\Harshit\OneDrive\Desktop\stellar-spectra-ai\data\raw\main_sequence\spec-0445-51873-0604.fits,C:\Users\Harshit\OneDrive\Desktop\stellar-spectra-ai\data\catalog\main_sequence.csv
5.02215e+17,main_sequence,130.13144,54.187067,-0.000203258,446,51899,232,STAR,G2,C:\Users\Harshit\OneDrive\Desktop\stellar-spectra-ai\data\raw\main_sequence\spec-0446-51899-0232.fits,C:\Users\Harshit\OneDrive\Desktop\stellar-spectra-ai\data\catalog\main_sequence.csv
5.02234e+17,main_sequence,127.97981,54.234264,2.12e-06,446,51899,301,STAR,G0,C:\Users\Harshit\OneDrive\Desktop\stellar-spectra-ai\data\raw\main_sequence\spec-0446-51899-0301.fits,C:\Users\Harshit\OneDrive\Desktop\stellar-spectra-ai\data\catalog\main_sequence.csv
5.2583e+17,main_sequence,131.60783,-0.15968221,0.000270695,467,51901,126,STAR,G2,C:\Users\Harshit\OneDrive\Desktop\stellar-spectra-ai\data\raw\main_sequence\spec-0467-51901-0126.fits,C:\Users\Harshit\OneDrive\Desktop\stellar-spectra-ai\data\catalog\main_sequence.csv
5.25878e+17,main_sequence,130.34069,0.0954856,0.00046032,467,51901,300,STAR,G2,C:\Users\Harshit\OneDrive\Desktop\stellar-spectra-ai\data\raw\main_sequence\spec-0467-51901-0300.fits,C:\Users\Harshit\OneDrive\Desktop\stellar-spectra-ai\data\catalog\main_sequence.csv
5.25886e+17,main_sequence,131.06355,1.7338505,0.000292353,467,51901,331,STAR,G2,C:\Users\Harshit\OneDrive\Desktop\stellar-spectra-ai\data\raw\main_sequence\spec-0467-51901-0331.fits,C:\Users\Harshit\OneDrive\Desktop\stellar-spectra-ai\data\catalog\main_sequence.csv
3.95224e+17,main_sequence,256.96349,61.490039,-0.00010826,351,51695,119,STAR,G2,C:\Users\Harshit\OneDrive\Desktop\stellar-spectra-ai\data\raw\main_sequence\spec-0351-51695-0119.fits,C:\Users\Harshit\OneDrive\Desktop\stellar-spectra-ai\data\catalog\main_sequence.csv
3.95267e+17,main_sequence,254.68033,61.12773,-0.000202121,351,51695,276,STAR,G2,C:\Users\Harshit\OneDrive\Desktop\stellar-spectra-ai\data\raw\main_sequence\spec-0351-51695-0276.fits,C:\Users\Harshit\OneDrive\Desktop\stellar-spectra-ai\data\catalog\main_sequence.csv
3.18679e+17,main_sequence,175.99974,-0.42444132,1.31e-05,283,51959,181,STAR,G2,C:\Users\Harshit\OneDrive\Desktop\stellar-spectra-ai\data\raw\main_sequence\spec-0283-51959-0181.fits,C:\Users\Harshit\OneDrive\Desktop\stellar-spectra-ai\data\catalog\main_sequence.csv
3.18685e+17,main_sequence,175.89499,-1.1896091,0.000305407,283,51959,202,STAR,G0,C:\Users\Harshit\OneDrive\Desktop\stellar-spectra-ai\data\raw\main_sequence\spec-0283-51959-0202.fits,C:\Users\Harshit\OneDrive\Desktop\stellar-spectra-ai\data\catalog\main_sequence.csv
3.46926e+17,main_sequence,222.51962,0.40746441,-0.000179227,308,51662,541,STAR,G0,C:\Users\Harshit\OneDrive\Desktop\stellar-spectra-ai\data\raw\main_sequence\spec-0308-51662-0541.fits,C:\Users\Harshit\OneDrive\Desktop\stellar-spectra-ai\data\catalog\main_sequence.csv
3.46939e+17,main_sequence,222.55486,0.59302152,-4.61e-05,308,51662,587,STAR,G2,C:\Users\Harshit\OneDrive\Desktop\stellar-spectra-ai\data\raw\main_sequence\spec-0308-51662-0587.fits,C:\Users\Harshit\OneDrive\Desktop\stellar-spectra-ai\data\catalog\main_sequence.csv
3.47907e+17,main_sequence,224.45575,-0.82212062,-3.86e-05,309,51994,13,STAR,G0,C:\Users\Harshit\OneDrive\Desktop\stellar-spectra-ai\data\raw\main_sequence\spec-0309-51994-0013.fits,C:\Users\Harshit\OneDrive\Desktop\stellar-spectra-ai\data\catalog\main_sequence.csv
3.47956e+17,main_sequence,223.68705,0.013272926,-0.000132304,309,51994,191,STAR,G2,C:\Users\Harshit\OneDrive\Desktop\stellar-spectra-ai\data\raw\main_sequence\spec-0309-51994-0191.fits,C:\Users\Harshit\OneDrive\Desktop\stellar-spectra-ai\data\catalog\main_sequence.csv
4.56136e+17,main_sequence,33.764445,0.88280693,-2.27e-06,405,51816,534,STAR,G2,C:\Users\Harshit\OneDrive\Desktop\stellar-spectra-ai\data\raw\main_sequence\spec-0405-51816-0534.fits,C:\Users\Harshit\OneDrive\Desktop\stellar-spectra-ai\data\catalog\main_sequence.csv
3.85189e+17,main_sequence,236.7262,0.47740364,0.00012553,342,51691,478,STAR,G2,C:\Users\Harshit\OneDrive\Desktop\stellar-spectra-ai\data\raw\main_sequence\spec-0342-51691-0478.fits,C:\Users\Harshit\OneDrive\Desktop\stellar-spectra-ai\data\catalog\main_sequence.csv
3.8521e+17,main_sequence,237.40185,0.72314565,-0.000152001,342,51691,554,STAR,G2,C:\Users\Harshit\OneDrive\Desktop\stellar-spectra-ai\data\raw\main_sequence\spec-0342-51691-0554.fits,C:\Users\Harshit\OneDrive\Desktop\stellar-spectra-ai\data\catalog\main_sequence.csv
3.86212e+17,main_sequence,239.89871,-0.52335694,-0.000518203,343,51692,102,STAR,G2,C:\Users\Harshit\OneDrive\Desktop\stellar-spectra-ai\data\raw\main_sequence\spec-0343-51692-0102.fits,C:\Users\Harshit\OneDrive\Desktop\stellar-spectra-ai\data\catalog\main_sequence.csv
3.86213e+17,main_sequence,239.83887,-0.52592213,-0.000260899,343,51692,108,STAR,G2,C:\Users\Harshit\OneDrive\Desktop\stellar-spectra-ai\data\raw\main_sequence\spec-0343-51692-0108.fits,C:\Users\Harshit\OneDrive\Desktop\stellar-spectra-ai\data\catalog\main_sequence.csv
3.86217e+17,main_sequence,239.33398,-1.1296336,4.31e-05,343,51692,122,STAR,G2,C:\Users\Harshit\OneDrive\Desktop\stellar-spectra-ai\data\raw\main_sequence\spec-0343-51692-0122.fits,C:\Users\Harshit\OneDrive\Desktop\stellar-spectra-ai\data\catalog\main_sequence.csv
3.86241e+17,main_sequence,238.75678,-1.2322855,0.000203187,343,51692,209,STAR,G0,C:\Users\Harshit\OneDrive\Desktop\stellar-spectra-ai\data\raw\main_sequence\spec-0343-51692-0209.fits,C:\Users\Harshit\OneDrive\Desktop\stellar-spectra-ai\data\catalog\main_sequence.csv
3.86277e+17,main_sequence,237.72422,0.36613624,-0.000435991,343,51692,341,STAR,G2,C:\Users\Harshit\OneDrive\Desktop\stellar-spectra-ai\data\raw\main_sequence\spec-0343-51692-0341.fits,C:\Users\Harshit\OneDrive\Desktop\stellar-spectra-ai\data\catalog\main_sequence.csv
3.86322e+17,main_sequence,239.19204,0.36259098,-0.000400084,343,51692,503,STAR,G2,C:\Users\Harshit\OneDrive\Desktop\stellar-spectra-ai\data\raw\main_sequence\spec-0343-51692-0503.fits,C:\Users\Harshit\OneDrive\Desktop\stellar-spectra-ai\data\catalog\main_sequence.csv
3.86343e+17,main_sequence,239.75661,0.64926547,-0.000105606,343,51692,579,STAR,G2,C:\Users\Harshit\OneDrive\Desktop\stellar-spectra-ai\data\raw\main_sequence\spec-0343-51692-0579.fits,C:\Users\Harshit\OneDrive\Desktop\stellar-spectra-ai\data\catalog\main_sequence.csv
3.86358e+17,main_sequence,240.20638,0.21775252,-0.000347278,343,51692,634,STAR,G2,C:\Users\Harshit\OneDrive\Desktop\stellar-spectra-ai\data\raw\main_sequence\spec-0343-51692-0634.fits,C:\Users\Harshit\OneDrive\Desktop\stellar-spectra-ai\data\catalog\main_sequence.csv
3.8733e+17,main_sequence,241.75445,-0.39833467,-0.000580466,344,51693,74,STAR,G2,C:\Users\Harshit\OneDrive\Desktop\stellar-spectra-ai\data\raw\main_sequence\spec-0344-51693-0074.fits,C:\Users\Harshit\OneDrive\Desktop\stellar-spectra-ai\data\catalog\main_sequence.csv
4.72919e+17,main_sequence,13.754724,14.445549,-0.000177306,420,51871,150,STAR,G2,C:\Users\Harshit\OneDrive\Desktop\stellar-spectra-ai\data\raw\main_sequence\spec-0420-51871-0150.fits,C:\Users\Harshit\OneDrive\Desktop\stellar-spectra-ai\data\catalog\main_sequence.csv
4.72934e+17,main_sequence,13.239391,13.802958,-0.000236732,420,51871,202,STAR,G2,C:\Users\Harshit\OneDrive\Desktop\stellar-spectra-ai\data\raw\main_sequence\spec-0420-51871-0202.fits,C:\Users\Harshit\OneDrive\Desktop\stellar-spectra-ai\data\catalog\main_sequence.csv
4.72938e+17,main_sequence,12.964298,13.888314,6.08e-05,420,51871,219,STAR,G0,C:\Users\Harshit\OneDrive\Desktop\stellar-spectra-ai\data\raw\main_sequence\spec-0420-51871-0219.fits,C:\Users\Harshit\OneDrive\Desktop\stellar-spectra-ai\data\catalog\main_sequence.csv
4.73032e+17,main_sequence,14.205406,15.370462,-0.000465521,420,51871,559,STAR,G0,C:\Users\Harshit\OneDrive\Desktop\stellar-spectra-ai\data\raw\main_sequence\spec-0420-51871-0559.fits,C:\Users\Harshit\OneDrive\Desktop\stellar-spectra-ai\data\catalog\main_sequence.csv
4.73036e+17,main_sequence,13.804919,15.816147,-0.000908125,420,51871,575,STAR,G2,C:\Users\Harshit\OneDrive\Desktop\stellar-spectra-ai\data\raw\main_sequence\spec-0420-51871-0575.fits,C:\Users\Harshit\OneDrive\Desktop\stellar-spectra-ai\data\catalog\main_sequence.csv
4.74031e+17,main_sequence,15.45117,13.961505,-0.000221743,421,51821,97,STAR,G2,C:\Users\Harshit\OneDrive\Desktop\stellar-spectra-ai\data\raw\main_sequence\spec-0421-51821-0097.fits,C:\Users\Harshit\OneDrive\Desktop\stellar-spectra-ai\data\catalog\main_sequence.csv
4.76342e+17,main_sequence,17.695554,14.04428,-0.000226372,423,51821,313,STAR,G2,C:\Users\Harshit\OneDrive\Desktop\stellar-spectra-ai\data\raw\main_sequence\spec-0423-51821-0313.fits,C:\Users\Harshit\OneDrive\Desktop\stellar-spectra-ai\data\catalog\main_sequence.csv
4.31349e+17,main_sequence,350.97659,0.48217209,-0.000506011,383,51818,471,STAR,G0,C:\Users\Harshit\OneDrive\Desktop\stellar-spectra-ai\data\raw\main_sequence\spec-0383-51818-0471.fits,C:\Users\Harshit\OneDrive\Desktop\stellar-spectra-ai\data\catalog\main_sequence.csv
4.31366e+17,main_sequence,351.61627,0.8559583,-0.000248347,383,51818,532,STAR,G0,C:\Users\Harshit\OneDrive\Desktop\stellar-spectra-ai\data\raw\main_sequence\spec-0383-51818-0532.fits,C:\Users\Harshit\OneDrive\Desktop\stellar-spectra-ai\data\catalog\main_sequence.csv
4.32376e+17,main_sequence,353.79006,-0.3470573,-0.000331055,384,51821,109,STAR,G0,C:\Users\Harshit\OneDrive\Desktop\stellar-spectra-ai\data\raw\main_sequence\spec-0384-51821-0109.fits,C:\Users\Harshit\OneDrive\Desktop\stellar-spectra-ai\data\catalog\main_sequence.csv
4.32413e+17,main_sequence,352.87264,-1.03779,5.58e-05,384,51821,244,STAR,G2,C:\Users\Harshit\OneDrive\Desktop\stellar-spectra-ai\data\raw\main_sequence\spec-0384-51821-0244.fits,C:\Users\Harshit\OneDrive\Desktop\stellar-spectra-ai\data\catalog\main_sequence.csv
4.32436e+17,main_sequence,352.49488,1.115991,1.34e-05,384,51821,329,STAR,G2,C:\Users\Harshit\OneDrive\Desktop\stellar-spectra-ai\data\raw\main_sequence\spec-0384-51821-0329.fits,C:\Users\Harshit\OneDrive\Desktop\stellar-spectra-ai\data\catalog\main_sequence.csv
4.32456e+17,main_sequence,353.34312,0.8998921,-0.000382523,384,51821,403,STAR,G2,C:\Users\Harshit\OneDrive\Desktop\stellar-spectra-ai\data\raw\main_sequence\spec-0384-51821-0403.fits,C:\Users\Harshit\OneDrive\Desktop\stellar-spectra-ai\data\catalog\main_sequence.csv
4.32508e+17,main_sequence,353.98859,0.63221529,-0.000745999,384,51821,590,STAR,G2,C:\Users\Harshit\OneDrive\Desktop\stellar-spectra-ai\data\raw\main_sequence\spec-0384-51821-0590.fits,C:\Users\Harshit\OneDrive\Desktop\stellar-spectra-ai\data\catalog\main_sequence.csv
3.35531e+17,main_sequence,204.1446,-1.0798337,4.01e-05,298,51955,47,STAR,G2,C:\Users\Harshit\OneDrive\Desktop\stellar-spectra-ai\data\raw\main_sequence\spec-0298-51955-0047.fits,C:\Users\Harshit\OneDrive\Desktop\stellar-spectra-ai\data\catalog\main_sequence.csv
3.35537e+17,main_sequence,204.57381,-0.59867435,0.000100102,298,51955,68,STAR,G2,C:\Users\Harshit\OneDrive\Desktop\stellar-spectra-ai\data\raw\main_sequence\spec-0298-51955-0068.fits,C:\Users\Harshit\OneDrive\Desktop\stellar-spectra-ai\data\catalog\main_sequence.csv
3.35555e+17,main_sequence,203.66677,-0.74104154,-0.000264133,298,51955,133,STAR,G0,C:\Users\Harshit\OneDrive\Desktop\stellar-spectra-ai\data\raw\main_sequence\spec-0298-51955-0133.fits,C:\Users\Harshit\OneDrive\Desktop\stellar-spectra-ai\data\catalog\main_sequence.csv
3.35577e+17,main_sequence,203.47243,-0.85751856,0.000154024,298,51955,215,STAR,G2,C:\Users\Harshit\OneDrive\Desktop\stellar-spectra-ai\data\raw\main_sequence\spec-0298-51955-0215.fits,C:\Users\Harshit\OneDrive\Desktop\stellar-spectra-ai\data\catalog\main_sequence.csv
3.35583e+17,main_sequence,203.05383,0.048557612,0.000194473,298,51955,237,STAR,G2,C:\Users\Harshit\OneDrive\Desktop\stellar-spectra-ai\data\raw\main_sequence\spec-0298-51955-0237.fits,C:\Users\Harshit\OneDrive\Desktop\stellar-spectra-ai\data\catalog\main_sequence.csv
3.35611e+17,main_sequence,202.57309,1.1807064,-0.000137396,298,51955,338,STAR,G2,C:\Users\Harshit\OneDrive\Desktop\stellar-spectra-ai\data\raw\main_sequence\spec-0298-51955-0338.fits,C:\Users\Harshit\OneDrive\Desktop\stellar-spectra-ai\data\catalog\main_sequence.csv
3.35617e+17,main_sequence,202.34589,0.6295259,-5.84e-05,298,51955,360,STAR,G0,C:\Users\Harshit\OneDrive\Desktop\stellar-spectra-ai\data\raw\main_sequence\spec-0298-51955-0360.fits,C:\Users\Harshit\OneDrive\Desktop\stellar-spectra-ai\data\catalog\main_sequence.csv
3.35644e+17,main_sequence,203.28389,1.0427002,0.000247924,298,51955,458,STAR,G0,C:\Users\Harshit\OneDrive\Desktop\stellar-spectra-ai\data\raw\main_sequence\spec-0298-51955-0458.fits,C:\Users\Harshit\OneDrive\Desktop\stellar-spectra-ai\data\catalog\main_sequence.csv
3.35646e+17,main_sequence,203.29459,0.21745729,5.49e-06,298,51955,466,STAR,G2,C:\Users\Harshit\OneDrive\Desktop\stellar-spectra-ai\data\raw\main_sequence\spec-0298-51955-0466.fits,C:\Users\Harshit\OneDrive\Desktop\stellar-spectra-ai\data\catalog\main_sequence.csv
3.64794e+17,main_sequence,183.78877,-0.73910031,0.000418165,324,51666,7,STAR,G0,C:\Users\Harshit\OneDrive\Desktop\stellar-spectra-ai\data\raw\main_sequence\spec-0324-51666-0007.fits,C:\Users\Harshit\OneDrive\Desktop\stellar-spectra-ai\data\catalog\main_sequence.csv
3.64799e+17,main_sequence,184.1607,-0.51912571,-0.000135051,324,51666,26,STAR,G0,C:\Users\Harshit\OneDrive\Desktop\stellar-spectra-ai\data\raw\main_sequence\spec-0324-51666-0026.fits,C:\Users\Harshit\OneDrive\Desktop\stellar-spectra-ai\data\catalog\main_sequence.csv
3.648e+17,main_sequence,184.26755,-0.00244826,0.000204006,324,51666,31,STAR,G2,C:\Users\Harshit\OneDrive\Desktop\stellar-spectra-ai\data\raw\main_sequence\spec-0324-51666-0031.fits,C:\Users\Harshit\OneDrive\Desktop\stellar-spectra-ai\data\catalog\main_sequence.csv
3.64803e+17,main_sequence,184.21272,-0.27997308,6.81e-05,324,51666,40,STAR,G2,C:\Users\Harshit\OneDrive\Desktop\stellar-spectra-ai\data\raw\main_sequence\spec-0324-51666-0040.fits,C:\Users\Harshit\OneDrive\Desktop\stellar-spectra-ai\data\catalog\main_sequence.csv
3.64806e+17,main_sequence,183.75938,-0.64368354,0.000292391,324,51666,51,STAR,G2,C:\Users\Harshit\OneDrive\Desktop\stellar-spectra-ai\data\raw\main_sequence\spec-0324-51666-0051.fits,C:\Users\Harshit\OneDrive\Desktop\stellar-spectra-ai\data\catalog\main_sequence.csv
3.64812e+17,main_sequence,184.09037,-0.1131463,0.000280537,324,51666,74,STAR,G0,C:\Users\Harshit\OneDrive\Desktop\stellar-spectra-ai\data\raw\main_sequence\spec-0324-51666-0074.fits,C:\Users\Harshit\OneDrive\Desktop\stellar-spectra-ai\data\catalog\main_sequence.csv
3.64816e+17,main_sequence,183.54269,-0.74355415,0.000278711,324,51666,88,STAR,G2,C:\Users\Harshit\OneDrive\Desktop\stellar-spectra-ai\data\raw\main_sequence\spec-0324-51666-0088.fits,C:\Users\Harshit\OneDrive\Desktop\stellar-spectra-ai\data\catalog\main_sequence.csv
3.64821e+17,main_sequence,183.73383,-0.22363388,0.000504203,324,51666,108,STAR,G2,C:\Users\Harshit\OneDrive\Desktop\stellar-spectra-ai\data\raw\main_sequence\spec-0324-51666-0108.fits,C:\Users\Harshit\OneDrive\Desktop\stellar-spectra-ai\data\catalog\main_sequence.csv
3.64825e+17,main_sequence,183.68893,0.00708085,-8.63e-05,324,51666,120,STAR,G2,C:\Users\Harshit\OneDrive\Desktop\stellar-spectra-ai\data\raw\main_sequence\spec-0324-51666-0120.fits,C:\Users\Harshit\OneDrive\Desktop\stellar-spectra-ai\data\catalog\main_sequence.csv
3.64827e+17,main_sequence,183.12742,-1.17469,0.000684846,324,51666,127,STAR,G0,C:\Users\Harshit\OneDrive\Desktop\stellar-spectra-ai\data\raw\main_sequence\spec-0324-51666-0127.fits,C:\Users\Harshit\OneDrive\Desktop\stellar-spectra-ai\data\catalog\main_sequence.csv
3.64835e+17,main_sequence,183.59533,-0.53659292,-0.000123425,324,51666,159,STAR,G2,C:\Users\Harshit\OneDrive\Desktop\stellar-spectra-ai\data\raw\main_sequence\spec-0324-51666-0159.fits,C:\Users\Harshit\OneDrive\Desktop\stellar-spectra-ai\data\catalog\main_sequence.csv
3.64846e+17,main_sequence,182.81786,0.00025521,0.000252036,324,51666,197,STAR,G0,C:\Users\Harshit\OneDrive\Desktop\stellar-spectra-ai\data\raw\main_sequence\spec-0324-51666-0197.fits,C:\Users\Harshit\OneDrive\Desktop\stellar-spectra-ai\data\catalog\main_sequence.csv
3.64847e+17,main_sequence,182.68188,-1.0907903,9.05e-05,324,51666,202,STAR,G2,C:\Users\Harshit\OneDrive\Desktop\stellar-spectra-ai\data\raw\main_sequence\spec-0324-51666-0202.fits,C:\Users\Harshit\OneDrive\Desktop\stellar-spectra-ai\data\catalog\main_sequence.csv
3.64848e+17,main_sequence,182.60503,-1.0821589,0.000298296,324,51666,204,STAR,G2,C:\Users\Harshit\OneDrive\Desktop\stellar-spectra-ai\data\raw\main_sequence\spec-0324-51666-0204.fits,C:\Users\Harshit\OneDrive\Desktop\stellar-spectra-ai\data\catalog\main_sequence.csv
3.64854e+17,main_sequence,182.40243,-0.41246468,0.000160901,324,51666,228,STAR,G0,C:\Users\Harshit\OneDrive\Desktop\stellar-spectra-ai\data\raw\main_sequence\spec-0324-51666-0228.fits,C:\Users\Harshit\OneDrive\Desktop\stellar-spectra-ai\data\catalog\main_sequence.csv
3.64863e+17,main_sequence,182.31384,-1.0213462,0.000213071,324,51666,258,STAR,G2,C:\Users\Harshit\OneDrive\Desktop\stellar-spectra-ai\data\raw\main_sequence\spec-0324-51666-0258.fits,C:\Users\Harshit\OneDrive\Desktop\stellar-spectra-ai\data\catalog\main_sequence.csv
3.64866e+17,main_sequence,181.99787,0.03765206,0.000306547,324,51666,272,STAR,G0,C:\Users\Harshit\OneDrive\Desktop\stellar-spectra-ai\data\raw\main_sequence\spec-0324-51666-0272.fits,C:\Users\Harshit\OneDrive\Desktop\stellar-spectra-ai\data\catalog\main_sequence.csv
3.6488e+17,main_sequence,181.57404,0.04384326,0.000236811,324,51666,320,STAR,G2,C:\Users\Harshit\OneDrive\Desktop\stellar-spectra-ai\data\raw\main_sequence\spec-0324-51666-0320.fits,C:\Users\Harshit\OneDrive\Desktop\stellar-spectra-ai\data\catalog\main_sequence.csv
3.64889e+17,main_sequence,181.65281,0.43172819,0.00023954,324,51666,354,STAR,G2,C:\Users\Harshit\OneDrive\Desktop\stellar-spectra-ai\data\raw\main_sequence\spec-0324-51666-0354.fits,C:\Users\Harshit\OneDrive\Desktop\stellar-spectra-ai\data\catalog\main_sequence.csv
3.64911e+17,main_sequence,182.51708,0.27702127,0.000836755,324,51666,435,STAR,G0,C:\Users\Harshit\OneDrive\Desktop\stellar-spectra-ai\data\raw\main_sequence\spec-0324-51666-0435.fits,C:\Users\Harshit\OneDrive\Desktop\stellar-spectra-ai\data\catalog\main_sequence.csv
3.07464e+17,main_sequence,156.89526,0.79608691,0.000350543,273,51957,340,STAR,G2,C:\Users\Harshit\OneDrive\Desktop\stellar-spectra-ai\data\raw\main_sequence\spec-0273-51957-0340.fits,C:\Users\Harshit\OneDrive\Desktop\stellar-spectra-ai\data\catalog\main_sequence.csv
3.0851e+17,main_sequence,160.49545,-0.68513941,0.000390047,274,51913,47,STAR,G0,C:\Users\Harshit\OneDrive\Desktop\stellar-spectra-ai\data\raw\main_sequence\spec-0274-51913-0047.fits,C:\Users\Harshit\OneDrive\Desktop\stellar-spectra-ai\data\catalog\main_sequence.csv
3.08561e+17,main_sequence,159.7671,-0.12989191,0.00023589,274,51913,236,STAR,G2,C:\Users\Harshit\OneDrive\Desktop\stellar-spectra-ai\data\raw\main_sequence\spec-0274-51913-0236.fits,C:\Users\Harshit\OneDrive\Desktop\stellar-spectra-ai\data\catalog\main_sequence.csv
3.0858e+17,main_sequence,158.67499,-0.64885941,0.000229176,274,51913,304,STAR,G2,C:\Users\Harshit\OneDrive\Desktop\stellar-spectra-ai\data\raw\main_sequence\spec-0274-51913-0304.fits,C:\Users\Harshit\OneDrive\Desktop\stellar-spectra-ai\data\catalog\main_sequence.csv
3.08594e+17,main_sequence,159.27889,0.27089999,-4.37e-05,274,51913,356,STAR,G2,C:\Users\Harshit\OneDrive\Desktop\stellar-spectra-ai\data\raw\main_sequence\spec-0274-51913-0356.fits,C:\Users\Harshit\OneDrive\Desktop\stellar-spectra-ai\data\catalog\main_sequence.csv
3.08599e+17,main_sequence,159.37033,0.9549642,0.000163496,274,51913,374,STAR,G0,C:\Users\Harshit\OneDrive\Desktop\stellar-spectra-ai\data\raw\main_sequence\spec-0274-51913-0374.fits,C:\Users\Harshit\OneDrive\Desktop\stellar-spectra-ai\data\catalog\main_sequence.csv
3.08613e+17,main_sequence,159.95679,0.52669989,0.000230163,274,51913,422,STAR,G2,C:\Users\Harshit\OneDrive\Desktop\stellar-spectra-ai\data\raw\main_sequence\spec-0274-51913-0422.fits,C:\Users\Harshit\OneDrive\Desktop\stellar-spectra-ai\data\catalog\main_sequence.csv
5.26932e+17,main_sequence,134.38099,0.58580071,9.09e-05,468,51912,39,STAR,G2,C:\Users\Harshit\OneDrive\Desktop\stellar-spectra-ai\data\raw\main_sequence\spec-0468-51912-0039.fits,C:\Users\Harshit\OneDrive\Desktop\stellar-spectra-ai\data\catalog\main_sequence.csv
5.35972e+17,main_sequence,144.33983,-0.22877561,7.56e-05,476,52314,157,STAR,G0,C:\Users\Harshit\OneDrive\Desktop\stellar-spectra-ai\data\raw\main_sequence\spec-0476-52314-0157.fits,C:\Users\Harshit\OneDrive\Desktop\stellar-spectra-ai\data\catalog\main_sequence.csv
5.35978e+17,main_sequence,143.90575,-0.48896024,0.000218326,476,52314,179,STAR,G2,C:\Users\Harshit\OneDrive\Desktop\stellar-spectra-ai\data\raw\main_sequence\spec-0476-52314-0179.fits,C:\Users\Harshit\OneDrive\Desktop\stellar-spectra-ai\data\catalog\main_sequence.csv
4.09915e+17,main_sequence,245.05813,-0.31670901,-0.000296606,364,52000,319,STAR,G2,C:\Users\Harshit\OneDrive\Desktop\stellar-spectra-ai\data\raw\main_sequence\spec-0364-52000-0319.fits,C:\Users\Harshit\OneDrive\Desktop\stellar-spectra-ai\data\catalog\main_sequence.csv
4.0992e+17,main_sequence,245.41766,0.94691908,-0.00040332,364,52000,335,STAR,G2,C:\Users\Harshit\OneDrive\Desktop\stellar-spectra-ai\data\raw\main_sequence\spec-0364-52000-0335.fits,C:\Users\Harshit\OneDrive\Desktop\stellar-spectra-ai\data\catalog\main_sequence.csv
4.09962e+17,main_sequence,246.47338,0.46699961,-0.000242042,364,52000,489,STAR,G2,C:\Users\Harshit\OneDrive\Desktop\stellar-spectra-ai\data\raw\main_sequence\spec-0364-52000-0489.fits,C:\Users\Harshit\OneDrive\Desktop\stellar-spectra-ai\data\catalog\main_sequence.csv
4.09972e+17,main_sequence,247.04204,1.05683,-0.000161258,364,52000,526,STAR,G2,C:\Users\Harshit\OneDrive\Desktop\stellar-spectra-ai\data\raw\main_sequence\spec-0364-52000-0526.fits,C:\Users\Harshit\OneDrive\Desktop\stellar-spectra-ai\data\catalog\main_sequence.csv
4.09984e+17,main_sequence,247.15514,1.0261996,-0.00041093,364,52000,568,STAR,G2,C:\Users\Harshit\OneDrive\Desktop\stellar-spectra-ai\data\raw\main_sequence\spec-0364-52000-0568.fits,C:\Users\Harshit\OneDrive\Desktop\stellar-spectra-ai\data\catalog\main_sequence.csv
4.09985e+17,main_sequence,247.14318,1.123483,-9.18e-05,364,52000,571,STAR,G0,C:\Users\Harshit\OneDrive\Desktop\stellar-spectra-ai\data\raw\main_sequence\spec-0364-52000-0571.fits,C:\Users\Harshit\OneDrive\Desktop\stellar-spectra-ai\data\catalog\main_sequence.csv
4.09987e+17,main_sequence,247.2327,0.75627589,-0.000211821,364,52000,580,STAR,G0,C:\Users\Harshit\OneDrive\Desktop\stellar-spectra-ai\data\raw\main_sequence\spec-0364-52000-0580.fits,C:\Users\Harshit\OneDrive\Desktop\stellar-spectra-ai\data\catalog\main_sequence.csv
4.12095e+17,main_sequence,263.17647,57.623876,-0.000157987,366,52017,58,STAR,G2,C:\Users\Harshit\OneDrive\Desktop\stellar-spectra-ai\data\raw\main_sequence\spec-0366-52017-0058.fits,C:\Users\Harshit\OneDrive\Desktop\stellar-spectra-ai\data\catalog\main_sequence.csv
4.12115e+17,main_sequence,262.00845,58.127213,-6.99e-05,366,52017,129,STAR,G2,C:\Users\Harshit\OneDrive\Desktop\stellar-spectra-ai\data\raw\main_sequence\spec-0366-52017-0129.fits,C:\Users\Harshit\OneDrive\Desktop\stellar-spectra-ai\data\catalog\main_sequence.csv
4.1214e+17,main_sequence,261.48954,58.46889,-0.000267029,366,52017,221,STAR,G0,C:\Users\Harshit\OneDrive\Desktop\stellar-spectra-ai\data\raw\main_sequence\spec-0366-52017-0221.fits,C:\Users\Harshit\OneDrive\Desktop\stellar-spectra-ai\data\catalog\main_sequence.csv
4.12165e+17,main_sequence,260.22103,58.497899,-0.000707489,366,52017,310,STAR,G2,C:\Users\Harshit\OneDrive\Desktop\stellar-spectra-ai\data\raw\main_sequence\spec-0366-52017-0310.fits,C:\Users\Harshit\OneDrive\Desktop\stellar-spectra-ai\data\catalog\main_sequence.csv
4.12182e+17,main_sequence,261.00614,59.814903,-0.000478451,366,52017,375,STAR,G0,C:\Users\Harshit\OneDrive\Desktop\stellar-spectra-ai\data\raw\main_sequence\spec-0366-52017-0375.fits,C:\Users\Harshit\OneDrive\Desktop\stellar-spectra-ai\data\catalog\main_sequence.csv
4.12221e+17,main_sequence,262.29989,58.810605,-0.00066772,366,52017,515,STAR,G0,C:\Users\Harshit\OneDrive\Desktop\stellar-spectra-ai\data\raw\main_sequence\spec-0366-52017-0515.fits,C:\Users\Harshit\OneDrive\Desktop\stellar-spectra-ai\data\catalog\main_sequence.csv
4.12224e+17,main_sequence,262.5544,59.814198,-0.000318493,366,52017,527,STAR,G2,C:\Users\Harshit\OneDrive\Desktop\stellar-spectra-ai\data\raw\main_sequence\spec-0366-52017-0527.fits,C:\Users\Harshit\OneDrive\Desktop\stellar-spectra-ai\data\catalog\main_sequence.csv
3.379e+17,main_sequence,207.09958,0.36026946,8.82e-05,300,51943,473,STAR,G0,C:\Users\Harshit\OneDrive\Desktop\stellar-spectra-ai\data\raw\main_sequence\spec-0300-51943-0473.fits,C:\Users\Harshit\OneDrive\Desktop\stellar-spectra-ai\data\catalog\main_sequence.csv
3.50298e+17,main_sequence,227.74289,0.9556465,-0.000145692,311,51665,522,STAR,G2,C:\Users\Harshit\OneDrive\Desktop\stellar-spectra-ai\data\raw\main_sequence\spec-0311-51665-0522.fits,C:\Users\Harshit\OneDrive\Desktop\stellar-spectra-ai\data\catalog\main_sequence.csv
3.50329e+17,main_sequence,228.62421,0.19888781,-0.000106767,311,51665,635,STAR,G2,C:\Users\Harshit\OneDrive\Desktop\stellar-spectra-ai\data\raw\main_sequence\spec-0311-51665-0635.fits,C:\Users\Harshit\OneDrive\Desktop\stellar-spectra-ai\data\catalog\main_sequence.csv
3.5131e+17,main_sequence,229.53366,-0.50916774,-0.00022613,312,51689,107,STAR,G2,C:\Users\Harshit\OneDrive\Desktop\stellar-spectra-ai\data\raw\main_sequence\spec-0312-51689-0107.fits,C:\Users\Harshit\OneDrive\Desktop\stellar-spectra-ai\data\catalog\main_sequence.csv
3.51375e+17,main_sequence,228.24086,0.55009824,-0.000239642,312,51689,341,STAR,G0,C:\Users\Harshit\OneDrive\Desktop\stellar-spectra-ai\data\raw\main_sequence\spec-0312-51689-0341.fits,C:\Users\Harshit\OneDrive\Desktop\stellar-spectra-ai\data\catalog\main_sequence.csv
3.48011e+17,main_sequence,223.16781,0.19830877,-1.9e-05,309,51994,394,STAR,G2,C:\Users\Harshit\OneDrive\Desktop\stellar-spectra-ai\data\raw\main_sequence\spec-0309-51994-0394.fits,C:\Users\Harshit\OneDrive\Desktop\stellar-spectra-ai\data\catalog\main_sequence.csv
3.48012e+17,main_sequence,222.92435,0.35591131,0.000153046,309,51994,395,STAR,G2,C:\Users\Harshit\OneDrive\Desktop\stellar-spectra-ai\data\raw\main_sequence\spec-0309-51994-0395.fits,C:\Users\Harshit\OneDrive\Desktop\stellar-spectra-ai\data\catalog\main_sequence.csv
3.48013e+17,main_sequence,223.03501,0.49468257,0.000164416,309,51994,398,STAR,G2,C:\Users\Harshit\OneDrive\Desktop\stellar-spectra-ai\data\raw\main_sequence\spec-0309-51994-0398.fits,C:\Users\Harshit\OneDrive\Desktop\stellar-spectra-ai\data\catalog\main_sequence.csv
3.49056e+17,main_sequence,226.30368,-0.74638686,-3.13e-05,310,51990,99,STAR,G2,C:\Users\Harshit\OneDrive\Desktop\stellar-spectra-ai\data\raw\main_sequence\spec-0310-51990-0099.fits,C:\Users\Harshit\OneDrive\Desktop\stellar-spectra-ai\data\catalog\main_sequence.csv
3.49068e+17,main_sequence,226.60822,-0.086812492,-4.65e-05,310,51990,143,STAR,G2,C:\Users\Harshit\OneDrive\Desktop\stellar-spectra-ai\data\raw\main_sequence\spec-0310-51990-0143.fits,C:\Users\Harshit\OneDrive\Desktop\stellar-spectra-ai\data\catalog\main_sequence.csv
4.58366e+17,main_sequence,37.82381,1.2645989,-0.00012546,407,51820,453,STAR,G2,C:\Users\Harshit\OneDrive\Desktop\stellar-spectra-ai\data\raw\main_sequence\spec-0407-51820-0453.fits,C:\Users\Harshit\OneDrive\Desktop\stellar-spectra-ai\data\catalog\main_sequence.csv
3.87382e+17,main_sequence,240.01352,-0.31010571,0.000800685,344,51693,263,STAR,G2,C:\Users\Harshit\OneDrive\Desktop\stellar-spectra-ai\data\raw\main_sequence\spec-0344-51693-0263.fits,C:\Users\Harshit\OneDrive\Desktop\stellar-spectra-ai\data\catalog\main_sequence.csv
3.87405e+17,main_sequence,239.34967,0.12636474,0.000139389,344,51693,346,STAR,G2,C:\Users\Harshit\OneDrive\Desktop\stellar-spectra-ai\data\raw\main_sequence\spec-0344-51693-0346.fits,C:\Users\Harshit\OneDrive\Desktop\stellar-spectra-ai\data\catalog\main_sequence.csv
3.87433e+17,main_sequence,241.05076,1.0877389,-0.000383814,344,51693,450,STAR,G2,C:\Users\Harshit\OneDrive\Desktop\stellar-spectra-ai\data\raw\main_sequence\spec-0344-51693-0450.fits,C:\Users\Harshit\OneDrive\Desktop\stellar-spectra-ai\data\catalog\main_sequence.csv
3.87436e+17,main_sequence,241.07967,1.1564793,-9.86e-05,344,51693,459,STAR,G0,C:\Users\Harshit\OneDrive\Desktop\stellar-spectra-ai\data\raw\main_sequence\spec-0344-51693-0459.fits,C:\Users\Harshit\OneDrive\Desktop\stellar-spectra-ai\data\catalog\main_sequence.csv
3.8748e+17,main_sequence,241.73949,0.76624427,-8.34e-05,344,51693,619,STAR,G0,C:\Users\Harshit\OneDrive\Desktop\stellar-spectra-ai\data\raw\main_sequence\spec-0344-51693-0619.fits,C:\Users\Harshit\OneDrive\Desktop\stellar-spectra-ai\data\catalog\main_sequence.csv
3.88446e+17,main_sequence,243.59185,-0.13992663,-0.000371295,345,51690,40,STAR,G2,C:\Users\Harshit\OneDrive\Desktop\stellar-spectra-ai\data\raw\main_sequence\spec-0345-51690-0040.fits,C:\Users\Harshit\OneDrive\Desktop\stellar-spectra-ai\data\catalog\main_sequence.csv
3.88485e+17,main_sequence,242.43762,-0.15810782,-0.000117878,345,51690,180,STAR,G2,C:\Users\Harshit\OneDrive\Desktop\stellar-spectra-ai\data\raw\main_sequence\spec-0345-51690-0180.fits,C:\Users\Harshit\OneDrive\Desktop\stellar-spectra-ai\data\catalog\main_sequence.csv
3.88509e+17,main_sequence,241.88687,-0.6809201,0.000165022,345,51690,268,STAR,G2,C:\Users\Harshit\OneDrive\Desktop\stellar-spectra-ai\data\raw\main_sequence\spec-0345-51690-0268.fits,C:\Users\Harshit\OneDrive\Desktop\stellar-spectra-ai\data\catalog\main_sequence.csv
3.88522e+17,main_sequence,241.33185,-0.6790737,-0.000183282,345,51690,316,STAR,G2,C:\Users\Harshit\OneDrive\Desktop\stellar-spectra-ai\data\raw\main_sequence\spec-0345-51690-0316.fits,C:\Users\Harshit\OneDrive\Desktop\stellar-spectra-ai\data\catalog\main_sequence.csv
3.88566e+17,main_sequence,242.45443,0.11487776,-0.000527281,345,51690,475,STAR,G0,C:\Users\Harshit\OneDrive\Desktop\stellar-spectra-ai\data\raw\main_sequence\spec-0345-51690-0475.fits,C:\Users\Harshit\OneDrive\Desktop\stellar-spectra-ai\data\catalog\main_sequence.csv
3.8857e+17,main_sequence,242.51622,0.2917832,-0.000219824,345,51690,490,STAR,G2,C:\Users\Harshit\OneDrive\Desktop\stellar-spectra-ai\data\raw\main_sequence\spec-0345-51690-0490.fits,C:\Users\Harshit\OneDrive\Desktop\stellar-spectra-ai\data\catalog\main_sequence.csv
4.7639e+17,main_sequence,18.861271,15.165184,-0.000171522,423,51821,490,STAR,G2,C:\Users\Harshit\OneDrive\Desktop\stellar-spectra-ai\data\raw\main_sequence\spec-0423-51821-0490.fits,C:\Users\Harshit\OneDrive\Desktop\stellar-spectra-ai\data\catalog\main_sequence.csv
4.98915e+17,main_sequence,127.28019,50.056052,4.74e-05,443,51873,515,STAR,G2,C:\Users\Harshit\OneDrive\Desktop\stellar-spectra-ai\data\raw\main_sequence\spec-0443-51873-0515.fits,C:\Users\Harshit\OneDrive\Desktop\stellar-spectra-ai\data\catalog\main_sequence.csv
4.98939e+17,main_sequence,128.93464,49.271715,0.000410387,443,51873,601,STAR,G2,C:\Users\Harshit\OneDrive\Desktop\stellar-spectra-ai\data\raw\main_sequence\spec-0443-51873-0601.fits,C:\Users\Harshit\OneDrive\Desktop\stellar-spectra-ai\data\catalog\main_sequence.csv
5.13488e+17,main_sequence,40.877261,-9.2783924,0.000161969,456,51910,281,STAR,G0,C:\Users\Harshit\OneDrive\Desktop\stellar-spectra-ai\data\raw\main_sequence\spec-0456-51910-0281.fits,C:\Users\Harshit\OneDrive\Desktop\stellar-spectra-ai\data\catalog\main_sequence.csv
4.44889e+17,main_sequence,15.364082,0.89402432,-7.14e-05,395,51783,578,STAR,G2,C:\Users\Harshit\OneDrive\Desktop\stellar-spectra-ai\data\raw\main_sequence\spec-0395-51783-0578.fits,C:\Users\Harshit\OneDrive\Desktop\stellar-spectra-ai\data\catalog\main_sequence.csv
4.44895e+17,main_sequence,15.480451,-0.17464371,-4.1e-05,395,51783,598,STAR,G2,C:\Users\Harshit\OneDrive\Desktop\stellar-spectra-ai\data\raw\main_sequence\spec-0395-51783-0598.fits,C:\Users\Harshit\OneDrive\Desktop\stellar-spectra-ai\data\catalog\main_sequence.csv
3.35693e+17,main_sequence,204.73794,0.19196735,0.000204871,298,51955,637,STAR,G2,C:\Users\Harshit\OneDrive\Desktop\stellar-spectra-ai\data\raw\main_sequence\spec-0298-51955-0637.fits,C:\Users\Harshit\OneDrive\Desktop\stellar-spectra-ai\data\catalog\main_sequence.csv
4.08781e+17,main_sequence,231.70172,-0.71037955,-0.000240998,363,51989,290,STAR,G2,C:\Users\Harshit\OneDrive\Desktop\stellar-spectra-ai\data\raw\main_sequence\spec-0363-51989-0290.fits,C:\Users\Harshit\OneDrive\Desktop\stellar-spectra-ai\data\catalog\main_sequence.csv
4.08787e+17,main_sequence,231.90362,-0.16877778,2.31e-06,363,51989,311,STAR,G2,C:\Users\Harshit\OneDrive\Desktop\stellar-spectra-ai\data\raw\main_sequence\spec-0363-51989-0311.fits,C:\Users\Harshit\OneDrive\Desktop\stellar-spectra-ai\data\catalog\main_sequence.csv
4.08789e+17,main_sequence,231.55191,-0.45041132,7.15e-05,363,51989,319,STAR,G2,C:\Users\Harshit\OneDrive\Desktop\stellar-spectra-ai\data\raw\main_sequence\spec-0363-51989-0319.fits,C:\Users\Harshit\OneDrive\Desktop\stellar-spectra-ai\data\catalog\main_sequence.csv
4.088e+17,main_sequence,231.39928,0.47453385,1.18e-05,363,51989,358,STAR,G2,C:\Users\Harshit\OneDrive\Desktop\stellar-spectra-ai\data\raw\main_sequence\spec-0363-51989-0358.fits,C:\Users\Harshit\OneDrive\Desktop\stellar-spectra-ai\data\catalog\main_sequence.csv
4.08809e+17,main_sequence,232.66137,0.28044684,-0.000348395,363,51989,389,STAR,G2,C:\Users\Harshit\OneDrive\Desktop\stellar-spectra-ai\data\raw\main_sequence\spec-0363-51989-0389.fits,C:\Users\Harshit\OneDrive\Desktop\stellar-spectra-ai\data\catalog\main_sequence.csv
4.08821e+17,main_sequence,232.74118,0.52594455,5.08e-05,363,51989,433,STAR,G0,C:\Users\Harshit\OneDrive\Desktop\stellar-spectra-ai\data\raw\main_sequence\spec-0363-51989-0433.fits,C:\Users\Harshit\OneDrive\Desktop\stellar-spectra-ai\data\catalog\main_sequence.csv
4.09853e+17,main_sequence,246.75721,-0.777791,-0.000188027,364,52000,93,STAR,G0,C:\Users\Harshit\OneDrive\Desktop\stellar-spectra-ai\data\raw\main_sequence\spec-0364-52000-0093.fits,C:\Users\Harshit\OneDrive\Desktop\stellar-spectra-ai\data\catalog\main_sequence.csv
4.09876e+17,main_sequence,246.23472,0.011209924,-0.000203047,364,52000,177,STAR,G0,C:\Users\Harshit\OneDrive\Desktop\stellar-spectra-ai\data\raw\main_sequence\spec-0364-52000-0177.fits,C:\Users\Harshit\OneDrive\Desktop\stellar-spectra-ai\data\catalog\main_sequence.csv
4.09885e+17,main_sequence,246.27341,-0.93546444,-5.15e-05,364,52000,209,STAR,G0,C:\Users\Harshit\OneDrive\Desktop\stellar-spectra-ai\data\raw\main_sequence\spec-0364-52000-0209.fits,C:\Users\Harshit\OneDrive\Desktop\stellar-spectra-ai\data\catalog\main_sequence.csv
3.64913e+17,main_sequence,183.08062,0.93461226,-9.84e-05,324,51666,441,STAR,G2,C:\Users\Harshit\OneDrive\Desktop\stellar-spectra-ai\data\raw\main_sequence\spec-0324-51666-0441.fits,C:\Users\Harshit\OneDrive\Desktop\stellar-spectra-ai\data\catalog\main_sequence.csv
3.64914e+17,main_sequence,182.89994,1.0689129,0.000403315,324,51666,447,STAR,G2,C:\Users\Harshit\OneDrive\Desktop\stellar-spectra-ai\data\raw\main_sequence\spec-0324-51666-0447.fits,C:\Users\Harshit\OneDrive\Desktop\stellar-spectra-ai\data\catalog\main_sequence.csv
3.64921e+17,main_sequence,182.73253,0.16279662,8.12e-05,324,51666,471,STAR,G2,C:\Users\Harshit\OneDrive\Desktop\stellar-spectra-ai\data\raw\main_sequence\spec-0324-51666-0471.fits,C:\Users\Harshit\OneDrive\Desktop\stellar-spectra-ai\data\catalog\main_sequence.csv
3.64925e+17,main_sequence,182.96769,0.20725645,0.000624986,324,51666,487,STAR,G2,C:\Users\Harshit\OneDrive\Desktop\stellar-spectra-ai\data\raw\main_sequence\spec-0324-51666-0487.fits,C:\Users\Harshit\OneDrive\Desktop\stellar-spectra-ai\data\catalog\main_sequence.csv
3.96453e+17,main_sequence,259.46982,63.891469,-8.96e-05,352,51694,495,STAR,G2,C:\Users\Harshit\OneDrive\Desktop\stellar-spectra-ai\data\raw\main_sequence\spec-0352-51694-0495.fits,C:\Users\Harshit\OneDrive\Desktop\stellar-spectra-ai\data\catalog\main_sequence.csv
3.96454e+17,main_sequence,259.44178,63.442481,-0.000341489,352,51694,500,STAR,G2,C:\Users\Harshit\OneDrive\Desktop\stellar-spectra-ai\data\raw\main_sequence\spec-0352-51694-0500.fits,C:\Users\Harshit\OneDrive\Desktop\stellar-spectra-ai\data\catalog\main_sequence.csv
3.96466e+17,main_sequence,260.49171,63.794034,-0.00026972,352,51694,542,STAR,G2,C:\Users\Harshit\OneDrive\Desktop\stellar-spectra-ai\data\raw\main_sequence\spec-0352-51694-0542.fits,C:\Users\Harshit\OneDrive\Desktop\stellar-spectra-ai\data\catalog\main_sequence.csv
3.63712e+17,main_sequence,183.18398,-0.44755416,-0.000331221,323,51615,167,STAR,G0,C:\Users\Harshit\OneDrive\Desktop\stellar-spectra-ai\data\raw\main_sequence\spec-0323-51615-0167.fits,C:\Users\Harshit\OneDrive\Desktop\stellar-spectra-ai\data\catalog\main_sequence.csv
3.63714e+17,main_sequence,182.95486,-0.20557738,-1.93e-07,323,51615,176,STAR,G2,C:\Users\Harshit\OneDrive\Desktop\stellar-spectra-ai\data\raw\main_sequence\spec-0323-51615-0176.fits,C:\Users\Harshit\OneDrive\Desktop\stellar-spectra-ai\data\catalog\main_sequence.csv
3.6373e+17,main_sequence,182.48604,-0.20890769,0.000407315,323,51615,233,STAR,G0,C:\Users\Harshit\OneDrive\Desktop\stellar-spectra-ai\data\raw\main_sequence\spec-0323-51615-0233.fits,C:\Users\Harshit\OneDrive\Desktop\stellar-spectra-ai\data\catalog\main_sequence.csv
3.63733e+17,main_sequence,182.25476,-1.2355835,0.000116428,323,51615,246,STAR,G2,C:\Users\Harshit\OneDrive\Desktop\stellar-spectra-ai\data\raw\main_sequence\spec-0323-51615-0246.fits,C:\Users\Harshit\OneDrive\Desktop\stellar-spectra-ai\data\catalog\main_sequence.csv
3.63735e+17,main_sequence,182.32732,-1.0255506,0.000240714,323,51615,251,STAR,G2,C:\Users\Harshit\OneDrive\Desktop\stellar-spectra-ai\data\raw\main_sequence\spec-0323-51615-0251.fits,C:\Users\Harshit\OneDrive\Desktop\stellar-spectra-ai\data\catalog\main_sequence.csv
3.63738e+17,main_sequence,182.07401,-0.48406243,0.000101621,323,51615,263,STAR,G2,C:\Users\Harshit\OneDrive\Desktop\stellar-spectra-ai\data\raw\main_sequence\spec-0323-51615-0263.fits,C:\Users\Harshit\OneDrive\Desktop\stellar-spectra-ai\data\catalog\main_sequence.csv
3.63741e+17,main_sequence,182.0499,-0.10429475,-0.000222913,323,51615,274,STAR,G2,C:\Users\Harshit\OneDrive\Desktop\stellar-spectra-ai\data\raw\main_sequence\spec-0323-51615-0274.fits,C:\Users\Harshit\OneDrive\Desktop\stellar-spectra-ai\data\catalog\main_sequence.csv
3.63748e+17,main_sequence,181.85179,-0.80124362,0.00037299,323,51615,300,STAR,G2,C:\Users\Harshit\OneDrive\Desktop\stellar-spectra-ai\data\raw\main_sequence\spec-0323-51615-0300.fits,C:\Users\Harshit\OneDrive\Desktop\stellar-spectra-ai\data\catalog\main_sequence.csv
3.63749e+17,main_sequence,181.62457,-0.39494717,8.45e-05,323,51615,302,STAR,G0,C:\Users\Harshit\OneDrive\Desktop\stellar-spectra-ai\data\raw\main_sequence\spec-0323-51615-0302.fits,C:\Users\Harshit\OneDrive\Desktop\stellar-spectra-ai\data\catalog\main_sequence.csv
3.6375e+17,main_sequence,181.72805,-0.60329855,5.39e-05,323,51615,308,STAR,G2,C:\Users\Harshit\OneDrive\Desktop\stellar-spectra-ai\data\raw\main_sequence\spec-0323-51615-0308.fits,C:\Users\Harshit\OneDrive\Desktop\stellar-spectra-ai\data\catalog\main_sequence.csv
3.63763e+17,main_sequence,181.85533,0.39506935,4.96e-05,323,51615,354,STAR,G2,C:\Users\Harshit\OneDrive\Desktop\stellar-spectra-ai\data\raw\main_sequence\spec-0323-51615-0354.fits,C:\Users\Harshit\OneDrive\Desktop\stellar-spectra-ai\data\catalog\main_sequence.csv
3.6377e+17,main_sequence,182.3369,1.1514796,6.4e-05,323,51615,380,STAR,G2,C:\Users\Harshit\OneDrive\Desktop\stellar-spectra-ai\data\raw\main_sequence\spec-0323-51615-0380.fits,C:\Users\Harshit\OneDrive\Desktop\stellar-spectra-ai\data\catalog\main_sequence.csv
3.63773e+17,main_sequence,182.1649,0.24886456,0.000432617,323,51615,391,STAR,G2,C:\Users\Harshit\OneDrive\Desktop\stellar-spectra-ai\data\raw\main_sequence\spec-0323-51615-0391.fits,C:\Users\Harshit\OneDrive\Desktop\stellar-spectra-ai\data\catalog\main_sequence.csv
3.63782e+17,main_sequence,182.56759,0.38920834,0.00016986,323,51615,422,STAR,G2,C:\Users\Harshit\OneDrive\Desktop\stellar-spectra-ai\data\raw\main_sequence\spec-0323-51615-0422.fits,C:\Users\Harshit\OneDrive\Desktop\stellar-spectra-ai\data\catalog\main_sequence.csv
3.63785e+17,main_sequence,182.63073,0.19966092,0.000564798,323,51615,434,STAR,G2,C:\Users\Harshit\OneDrive\Desktop\stellar-spectra-ai\data\raw\main_sequence\spec-0323-51615-0434.fits,C:\Users\Harshit\OneDrive\Desktop\stellar-spectra-ai\data\catalog\main_sequence.csv
3.63786e+17,main_sequence,182.50414,0.30065058,0.00023283,323,51615,439,STAR,G2,C:\Users\Harshit\OneDrive\Desktop\stellar-spectra-ai\data\raw\main_sequence\spec-0323-51615-0439.fits,C:\Users\Harshit\OneDrive\Desktop\stellar-spectra-ai\data\catalog\main_sequence.csv
3.63789e+17,main_sequence,182.86077,1.0844901,0.000166971,323,51615,448,STAR,G2,C:\Users\Harshit\OneDrive\Desktop\stellar-spectra-ai\data\raw\main_sequence\spec-0323-51615-0448.fits,C:\Users\Harshit\OneDrive\Desktop\stellar-spectra-ai\data\catalog\main_sequence.csv
3.63797e+17,main_sequence,182.63468,0.12518786,0.000219707,323,51615,476,STAR,G0,C:\Users\Harshit\OneDrive\Desktop\stellar-spectra-ai\data\raw\main_sequence\spec-0323-51615-0476.fits,C:\Users\Harshit\OneDrive\Desktop\stellar-spectra-ai\data\catalog\main_sequence.csv
3.63798e+17,main_sequence,183.07563,0.68843268,-7.99e-05,323,51615,483,STAR,G2,C:\Users\Harshit\OneDrive\Desktop\stellar-spectra-ai\data\raw\main_sequence\spec-0323-51615-0483.fits,C:\Users\Harshit\OneDrive\Desktop\stellar-spectra-ai\data\catalog\main_sequence.csv
3.638e+17,main_sequence,183.17388,0.28074331,6.31e-06,323,51615,487,STAR,G0,C:\Users\Harshit\OneDrive\Desktop\stellar-spectra-ai\data\raw\main_sequence\spec-0323-51615-0487.fits,C:\Users\Harshit\OneDrive\Desktop\stellar-spectra-ai\data\catalog\main_sequence.csv
3.63803e+17,main_sequence,183.07869,0.11945265,5.02e-05,323,51615,499,STAR,G2,C:\Users\Harshit\OneDrive\Desktop\stellar-spectra-ai\data\raw\main_sequence\spec-0323-51615-0499.fits,C:\Users\Harshit\OneDrive\Desktop\stellar-spectra-ai\data\catalog\main_sequence.csv
3.09634e+17,main_sequence,162.1492,-1.0535091,0.000314079,275,51910,42,STAR,G2,C:\Users\Harshit\OneDrive\Desktop\stellar-spectra-ai\data\raw\main_sequence\spec-0275-51910-0042.fits,C:\Users\Harshit\OneDrive\Desktop\stellar-spectra-ai\data\catalog\main_sequence.csv
3.09696e+17,main_sequence,160.99532,-0.47853899,6.1e-05,275,51910,268,STAR,G0,C:\Users\Harshit\OneDrive\Desktop\stellar-spectra-ai\data\raw\main_sequence\spec-0275-51910-0268.fits,C:\Users\Harshit\OneDrive\Desktop\stellar-spectra-ai\data\catalog\main_sequence.csv
3.70574e+17,main_sequence,177.45576,-2.3361322,0.000359513,329,52056,556,STAR,G0,C:\Users\Harshit\OneDrive\Desktop\stellar-spectra-ai\data\raw\main_sequence\spec-0329-52056-0556.fits,C:\Users\Harshit\OneDrive\Desktop\stellar-spectra-ai\data\catalog\main_sequence.csv
3.70578e+17,main_sequence,177.16909,-1.4582168,-0.000243505,329,52056,572,STAR,G2,C:\Users\Harshit\OneDrive\Desktop\stellar-spectra-ai\data\raw\main_sequence\spec-0329-52056-0572.fits,C:\Users\Harshit\OneDrive\Desktop\stellar-spectra-ai\data\catalog\main_sequence.csv
2.99507e+17,red_giant,146.83368,-0.3359704,-6.37e-05,266,51630,64,STAR,M6,C:\Users\Harshit\OneDrive\Desktop\stellar-spectra-ai\data\raw\red_giant\spec-0266-51630-0064.fits,C:\Users\Harshit\OneDrive\Desktop\stellar-spectra-ai\data\catalog\red_giants.csv
2.9953e+17,red_giant,146.40564,-0.50711993,2.84e-05,266,51630,149,STAR,M8,C:\Users\Harshit\OneDrive\Desktop\stellar-spectra-ai\data\raw\red_giant\spec-0266-51630-0149.fits,C:\Users\Harshit\OneDrive\Desktop\stellar-spectra-ai\data\catalog\red_giants.csv
2.99537e+17,red_giant,145.97827,-0.030849846,0.000385456,266,51630,173,STAR,K5,C:\Users\Harshit\OneDrive\Desktop\stellar-spectra-ai\data\raw\red_giant\spec-0266-51630-0173.fits,C:\Users\Harshit\OneDrive\Desktop\stellar-spectra-ai\data\catalog\red_giants.csv
2.99571e+17,red_giant,145.29542,-0.74985409,0.000137794,266,51630,298,STAR,M8,C:\Users\Harshit\OneDrive\Desktop\stellar-spectra-ai\data\raw\red_giant\spec-0266-51630-0298.fits,C:\Users\Harshit\OneDrive\Desktop\stellar-spectra-ai\data\catalog\red_giants.csv
2.99572e+17,red_giant,145.24573,0.044365969,-6.12e-05,266,51630,301,STAR,M2,C:\Users\Harshit\OneDrive\Desktop\stellar-spectra-ai\data\raw\red_giant\spec-0266-51630-0301.fits,C:\Users\Harshit\OneDrive\Desktop\stellar-spectra-ai\data\catalog\red_giants.csv
2.99584e+17,red_giant,145.28412,0.706299,0.000178434,266,51630,344,STAR,K1,C:\Users\Harshit\OneDrive\Desktop\stellar-spectra-ai\data\raw\red_giant\spec-0266-51630-0344.fits,C:\Users\Harshit\OneDrive\Desktop\stellar-spectra-ai\data\catalog\red_giants.csv
2.99585e+17,red_giant,145.26257,0.31093104,6.57e-05,266,51630,347,STAR,M3,C:\Users\Harshit\OneDrive\Desktop\stellar-spectra-ai\data\raw\red_giant\spec-0266-51630-0347.fits,C:\Users\Harshit\OneDrive\Desktop\stellar-spectra-ai\data\catalog\red_giants.csv
2.99602e+17,red_giant,145.87385,0.94870332,9.57e-05,266,51630,409,STAR,M4,C:\Users\Harshit\OneDrive\Desktop\stellar-spectra-ai\data\raw\red_giant\spec-0266-51630-0409.fits,C:\Users\Harshit\OneDrive\Desktop\stellar-spectra-ai\data\catalog\red_giants.csv
2.99612e+17,red_giant,146.33534,1.2198521,-3.04e-05,266,51630,445,STAR,M0,C:\Users\Harshit\OneDrive\Desktop\stellar-spectra-ai\data\raw\red_giant\spec-0266-51630-0445.fits,C:\Users\Harshit\OneDrive\Desktop\stellar-spectra-ai\data\catalog\red_giants.csv
2.99619e+17,red_giant,146.02863,0.55695456,0.000189626,266,51630,471,STAR,K5,C:\Users\Harshit\OneDrive\Desktop\stellar-spectra-ai\data\raw\red_giant\spec-0266-51630-0471.fits,C:\Users\Harshit\OneDrive\Desktop\stellar-spectra-ai\data\catalog\red_giants.csv
3.19776e+17,red_giant,178.97809,-0.21939838,0.00024732,284,51943,74,STAR,M3,C:\Users\Harshit\OneDrive\Desktop\stellar-spectra-ai\data\raw\red_giant\spec-0284-51943-0074.fits,C:\Users\Harshit\OneDrive\Desktop\stellar-spectra-ai\data\catalog\red_giants.csv
3.19781e+17,red_giant,178.2343,-1.0558518,0.000176404,284,51943,91,STAR,K1,C:\Users\Harshit\OneDrive\Desktop\stellar-spectra-ai\data\raw\red_giant\spec-0284-51943-0091.fits,C:\Users\Harshit\OneDrive\Desktop\stellar-spectra-ai\data\catalog\red_giants.csv
3.1979e+17,red_giant,178.03438,-0.95717766,7.59e-05,284,51943,124,STAR,M0,C:\Users\Harshit\OneDrive\Desktop\stellar-spectra-ai\data\raw\red_giant\spec-0284-51943-0124.fits,C:\Users\Harshit\OneDrive\Desktop\stellar-spectra-ai\data\catalog\red_giants.csv
3.19815e+17,red_giant,177.89586,-0.94887295,9.05e-05,284,51943,216,STAR,K7,C:\Users\Harshit\OneDrive\Desktop\stellar-spectra-ai\data\raw\red_giant\spec-0284-51943-0216.fits,C:\Users\Harshit\OneDrive\Desktop\stellar-spectra-ai\data\catalog\red_giants.csv
3.19896e+17,red_giant,178.6848,0.44416055,-4.64e-05,284,51943,512,STAR,K7,C:\Users\Harshit\OneDrive\Desktop\stellar-spectra-ai\data\raw\red_giant\spec-0284-51943-0512.fits,C:\Users\Harshit\OneDrive\Desktop\stellar-spectra-ai\data\catalog\red_giants.csv
3.2994e+17,red_giant,194.14962,-0.32916026,0.000253572,293,51689,185,STAR,M2V,C:\Users\Harshit\OneDrive\Desktop\stellar-spectra-ai\data\raw\red_giant\spec-0293-51689-0185.fits,C:\Users\Harshit\OneDrive\Desktop\stellar-spectra-ai\data\catalog\red_giants.csv
3.29976e+17,red_giant,193.3236,-0.33187304,5.27e-05,293,51689,319,STAR,K3,C:\Users\Harshit\OneDrive\Desktop\stellar-spectra-ai\data\raw\red_giant\spec-0293-51689-0319.fits,C:\Users\Harshit\OneDrive\Desktop\stellar-spectra-ai\data\catalog\red_giants.csv
3.30009e+17,red_giant,193.91537,0.19631587,-5.5e-05,293,51689,436,STAR,K3,C:\Users\Harshit\OneDrive\Desktop\stellar-spectra-ai\data\raw\red_giant\spec-0293-51689-0436.fits,C:\Users\Harshit\OneDrive\Desktop\stellar-spectra-ai\data\catalog\red_giants.csv
3.13027e+17,red_giant,167.50779,-0.77318665,1.17e-05,278,51900,99,STAR,M2,C:\Users\Harshit\OneDrive\Desktop\stellar-spectra-ai\data\raw\red_giant\spec-0278-51900-0099.fits,C:\Users\Harshit\OneDrive\Desktop\stellar-spectra-ai\data\catalog\red_giants.csv
3.13071e+17,red_giant,166.63518,-0.87821729,0.000167052,278,51900,259,STAR,K5,C:\Users\Harshit\OneDrive\Desktop\stellar-spectra-ai\data\raw\red_giant\spec-0278-51900-0259.fits,C:\Users\Harshit\OneDrive\Desktop\stellar-spectra-ai\data\catalog\red_giants.csv
3.13089e+17,red_giant,166.15428,1.187773,0.000140923,278,51900,322,STAR,M0,C:\Users\Harshit\OneDrive\Desktop\stellar-spectra-ai\data\raw\red_giant\spec-0278-51900-0322.fits,C:\Users\Harshit\OneDrive\Desktop\stellar-spectra-ai\data\catalog\red_giants.csv
3.1316e+17,red_giant,168.16806,0.7343908,2.68e-05,278,51900,583,STAR,K7,C:\Users\Harshit\OneDrive\Desktop\stellar-spectra-ai\data\raw\red_giant\spec-0278-51900-0583.fits,C:\Users\Harshit\OneDrive\Desktop\stellar-spectra-ai\data\catalog\red_giants.csv
3.13175e+17,red_giant,168.29758,0.30225218,7.56e-06,278,51900,636,STAR,M2,C:\Users\Harshit\OneDrive\Desktop\stellar-spectra-ai\data\raw\red_giant\spec-0278-51900-0636.fits,C:\Users\Harshit\OneDrive\Desktop\stellar-spectra-ai\data\catalog\red_giants.csv
3.13176e+17,red_giant,168.30172,0.28285562,0.000126214,278,51900,639,STAR,M1,C:\Users\Harshit\OneDrive\Desktop\stellar-spectra-ai\data\raw\red_giant\spec-0278-51900-0639.fits,C:\Users\Harshit\OneDrive\Desktop\stellar-spectra-ai\data\catalog\red_giants.csv
3.14132e+17,red_giant,169.68914,-0.75192341,-6.06e-05,279,51984,20,STAR,K5,C:\Users\Harshit\OneDrive\Desktop\stellar-spectra-ai\data\raw\red_giant\spec-0279-51984-0020.fits,C:\Users\Harshit\OneDrive\Desktop\stellar-spectra-ai\data\catalog\red_giants.csv
3.14165e+17,red_giant,169.08228,-0.93855461,-8.61e-06,279,51984,140,STAR,M0,C:\Users\Harshit\OneDrive\Desktop\stellar-spectra-ai\data\raw\red_giant\spec-0279-51984-0140.fits,C:\Users\Harshit\OneDrive\Desktop\stellar-spectra-ai\data\catalog\red_giants.csv
3.29915e+17,red_giant,194.8167,-0.87189473,0.000178533,293,51689,96,STAR,K3,C:\Users\Harshit\OneDrive\Desktop\stellar-spectra-ai\data\raw\red_giant\spec-0293-51689-0096.fits,C:\Users\Harshit\OneDrive\Desktop\stellar-spectra-ai\data\catalog\red_giants.csv
3.31168e+17,red_giant,197.49058,0.17661928,-6.79e-05,294,51986,559,STAR,K3,C:\Users\Harshit\OneDrive\Desktop\stellar-spectra-ai\data\raw\red_giant\spec-0294-51986-0559.fits,C:\Users\Harshit\OneDrive\Desktop\stellar-spectra-ai\data\catalog\red_giants.csv
3.31176e+17,red_giant,197.64075,0.51248077,-6.6e-05,294,51986,586,STAR,K1,C:\Users\Harshit\OneDrive\Desktop\stellar-spectra-ai\data\raw\red_giant\spec-0294-51986-0586.fits,C:\Users\Harshit\OneDrive\Desktop\stellar-spectra-ai\data\catalog\red_giants.csv
3.32144e+17,red_giant,199.06444,-0.95462398,-0.000139244,295,51985,14,STAR,M1,C:\Users\Harshit\OneDrive\Desktop\stellar-spectra-ai\data\raw\red_giant\spec-0295-51985-0014.fits,C:\Users\Harshit\OneDrive\Desktop\stellar-spectra-ai\data\catalog\red_giants.csv
3.32182e+17,red_giant,198.70139,-0.4127764,-6.06e-05,295,51985,151,STAR,K5,C:\Users\Harshit\OneDrive\Desktop\stellar-spectra-ai\data\raw\red_giant\spec-0295-51985-0151.fits,C:\Users\Harshit\OneDrive\Desktop\stellar-spectra-ai\data\catalog\red_giants.csv
3.36711e+17,red_giant,205.14807,-1.2480965,0.000404729,299,51671,244,STAR,M0V,C:\Users\Harshit\OneDrive\Desktop\stellar-spectra-ai\data\raw\red_giant\spec-0299-51671-0244.fits,C:\Users\Harshit\OneDrive\Desktop\stellar-spectra-ai\data\catalog\red_giants.csv
3.36719e+17,red_giant,204.55612,-1.1370208,0.000128209,299,51671,274,STAR,M5,C:\Users\Harshit\OneDrive\Desktop\stellar-spectra-ai\data\raw\red_giant\spec-0299-51671-0274.fits,C:\Users\Harshit\OneDrive\Desktop\stellar-spectra-ai\data\catalog\red_giants.csv
3.36748e+17,red_giant,204.97312,0.71527409,3.23e-05,299,51671,377,STAR,M7,C:\Users\Harshit\OneDrive\Desktop\stellar-spectra-ai\data\raw\red_giant\spec-0299-51671-0377.fits,C:\Users\Harshit\OneDrive\Desktop\stellar-spectra-ai\data\catalog\red_giants.csv
3.4017e+17,red_giant,212.24738,0.73724433,5.43e-05,302,51688,538,STAR,K3,C:\Users\Harshit\OneDrive\Desktop\stellar-spectra-ai\data\raw\red_giant\spec-0302-51688-0538.fits,C:\Users\Harshit\OneDrive\Desktop\stellar-spectra-ai\data\catalog\red_giants.csv
3.40183e+17,red_giant,212.97523,0.63017023,5.67e-05,302,51688,585,STAR,M1,C:\Users\Harshit\OneDrive\Desktop\stellar-spectra-ai\data\raw\red_giant\spec-0302-51688-0585.fits,C:\Users\Harshit\OneDrive\Desktop\stellar-spectra-ai\data\catalog\red_giants.csv
3.40187e+17,red_giant,212.93312,0.29608054,0.000150896,302,51688,600,STAR,K3,C:\Users\Harshit\OneDrive\Desktop\stellar-spectra-ai\data\raw\red_giant\spec-0302-51688-0600.fits,C:\Users\Harshit\OneDrive\Desktop\stellar-spectra-ai\data\catalog\red_giants.csv
3.41152e+17,red_giant,213.98874,-0.73789778,-8.77e-05,303,51615,17,STAR,M7,C:\Users\Harshit\OneDrive\Desktop\stellar-spectra-ai\data\raw\red_giant\spec-0303-51615-0017.fits,C:\Users\Harshit\OneDrive\Desktop\stellar-spectra-ai\data\catalog\red_giants.csv
3.41161e+17,red_giant,213.92335,-1.1871931,-4.78e-05,303,51615,48,STAR,M0,C:\Users\Harshit\OneDrive\Desktop\stellar-spectra-ai\data\raw\red_giant\spec-0303-51615-0048.fits,C:\Users\Harshit\OneDrive\Desktop\stellar-spectra-ai\data\catalog\red_giants.csv
3.41171e+17,red_giant,214.24123,-0.95861322,-0.000103039,303,51615,85,STAR,M2,C:\Users\Harshit\OneDrive\Desktop\stellar-spectra-ai\data\raw\red_giant\spec-0303-51615-0085.fits,C:\Users\Harshit\OneDrive\Desktop\stellar-spectra-ai\data\catalog\red_giants.csv
3.38904e+17,red_giant,210.82045,-0.41387968,7.32e-05,301,51942,30,STAR,K1,C:\Users\Harshit\OneDrive\Desktop\stellar-spectra-ai\data\raw\red_giant\spec-0301-51942-0030.fits,C:\Users\Harshit\OneDrive\Desktop\stellar-spectra-ai\data\catalog\red_giants.csv
3.38919e+17,red_giant,209.76214,-1.1437513,0.000208396,301,51942,85,STAR,M0,C:\Users\Harshit\OneDrive\Desktop\stellar-spectra-ai\data\raw\red_giant\spec-0301-51942-0085.fits,C:\Users\Harshit\OneDrive\Desktop\stellar-spectra-ai\data\catalog\red_giants.csv
3.38926e+17,red_giant,210.3372,-0.47444446,0.000163944,301,51942,108,STAR,K3,C:\Users\Harshit\OneDrive\Desktop\stellar-spectra-ai\data\raw\red_giant\spec-0301-51942-0108.fits,C:\Users\Harshit\OneDrive\Desktop\stellar-spectra-ai\data\catalog\red_giants.csv
3.38932e+17,red_giant,209.59141,-0.92894463,-0.000132486,301,51942,131,STAR,K5,C:\Users\Harshit\OneDrive\Desktop\stellar-spectra-ai\data\raw\red_giant\spec-0301-51942-0131.fits,C:\Users\Harshit\OneDrive\Desktop\stellar-spectra-ai\data\catalog\red_giants.csv
3.38934e+17,red_giant,209.43776,-1.1438056,0.000552436,301,51942,137,STAR,K5,C:\Users\Harshit\OneDrive\Desktop\stellar-spectra-ai\data\raw\red_giant\spec-0301-51942-0137.fits,C:\Users\Harshit\OneDrive\Desktop\stellar-spectra-ai\data\catalog\red_giants.csv
3.38943e+17,red_giant,209.39495,-0.65352811,-0.000419155,301,51942,173,STAR,M7,C:\Users\Harshit\OneDrive\Desktop\stellar-spectra-ai\data\raw\red_giant\spec-0301-51942-0173.fits,C:\Users\Harshit\OneDrive\Desktop\stellar-spectra-ai\data\catalog\red_giants.csv
3.38953e+17,red_giant,209.18675,-0.73073318,-0.000289768,301,51942,208,STAR,K3,C:\Users\Harshit\OneDrive\Desktop\stellar-spectra-ai\data\raw\red_giant\spec-0301-51942-0208.fits,C:\Users\Harshit\OneDrive\Desktop\stellar-spectra-ai\data\catalog\red_giants.csv
3.38971e+17,red_giant,208.87972,-0.41706445,6.09e-05,301,51942,272,STAR,K3,C:\Users\Harshit\OneDrive\Desktop\stellar-spectra-ai\data\raw\red_giant\spec-0301-51942-0272.fits,C:\Users\Harshit\OneDrive\Desktop\stellar-spectra-ai\data\catalog\red_giants.csv
3.38979e+17,red_giant,208.65342,-0.43574369,-1.66e-05,301,51942,303,STAR,M7,C:\Users\Harshit\OneDrive\Desktop\stellar-spectra-ai\data\raw\red_giant\spec-0301-51942-0303.fits,C:\Users\Harshit\OneDrive\Desktop\stellar-spectra-ai\data\catalog\red_giants.csv
3.64928e+17,red_giant,182.94375,0.2825218,-4.12e-05,324,51666,495,STAR,M1,C:\Users\Harshit\OneDrive\Desktop\stellar-spectra-ai\data\raw\red_giant\spec-0324-51666-0495.fits,C:\Users\Harshit\OneDrive\Desktop\stellar-spectra-ai\data\catalog\red_giants.csv
3.6493e+17,red_giant,183.51302,0.09785593,-6.26e-05,324,51666,502,STAR,K1,C:\Users\Harshit\OneDrive\Desktop\stellar-spectra-ai\data\raw\red_giant\spec-0324-51666-0502.fits,C:\Users\Harshit\OneDrive\Desktop\stellar-spectra-ai\data\catalog\red_giants.csv
3.64931e+17,red_giant,183.49727,0.11884308,-3.74e-05,324,51666,506,STAR,M2,C:\Users\Harshit\OneDrive\Desktop\stellar-spectra-ai\data\raw\red_giant\spec-0324-51666-0506.fits,C:\Users\Harshit\OneDrive\Desktop\stellar-spectra-ai\data\catalog\red_giants.csv
3.64932e+17,red_giant,183.34907,0.3891267,-4.06e-05,324,51666,509,STAR,K3,C:\Users\Harshit\OneDrive\Desktop\stellar-spectra-ai\data\raw\red_giant\spec-0324-51666-0509.fits,C:\Users\Harshit\OneDrive\Desktop\stellar-spectra-ai\data\catalog\red_giants.csv
3.64934e+17,red_giant,183.43683,0.5145609,-0.000128979,324,51666,518,STAR,K7,C:\Users\Harshit\OneDrive\Desktop\stellar-spectra-ai\data\raw\red_giant\spec-0324-51666-0518.fits,C:\Users\Harshit\OneDrive\Desktop\stellar-spectra-ai\data\catalog\red_giants.csv
3.64935e+17,red_giant,183.33187,1.0309549,0.000160058,324,51666,521,STAR,K3,C:\Users\Harshit\OneDrive\Desktop\stellar-spectra-ai\data\raw\red_giant\spec-0324-51666-0521.fits,C:\Users\Harshit\OneDrive\Desktop\stellar-spectra-ai\data\catalog\red_giants.csv
3.64936e+17,red_giant,183.2333,0.99024192,8.84e-05,324,51666,525,STAR,K3,C:\Users\Harshit\OneDrive\Desktop\stellar-spectra-ai\data\raw\red_giant\spec-0324-51666-0525.fits,C:\Users\Harshit\OneDrive\Desktop\stellar-spectra-ai\data\catalog\red_giants.csv
3.64937e+17,red_giant,183.24916,0.85468626,0.000235198,324,51666,528,STAR,K5,C:\Users\Harshit\OneDrive\Desktop\stellar-spectra-ai\data\raw\red_giant\spec-0324-51666-0528.fits,C:\Users\Harshit\OneDrive\Desktop\stellar-spectra-ai\data\catalog\red_giants.csv
3.64938e+17,red_giant,183.32809,0.69922934,-5.36e-05,324,51666,531,STAR,K3,C:\Users\Harshit\OneDrive\Desktop\stellar-spectra-ai\data\raw\red_giant\spec-0324-51666-0531.fits,C:\Users\Harshit\OneDrive\Desktop\stellar-spectra-ai\data\catalog\red_giants.csv
3.64939e+17,red_giant,183.32179,0.75376804,2.27e-05,324,51666,535,STAR,K5,C:\Users\Harshit\OneDrive\Desktop\stellar-spectra-ai\data\raw\red_giant\spec-0324-51666-0535.fits,C:\Users\Harshit\OneDrive\Desktop\stellar-spectra-ai\data\catalog\red_giants.csv
3.6494e+17,red_giant,183.39388,0.95942773,-7.33e-05,324,51666,539,STAR,M1,C:\Users\Harshit\OneDrive\Desktop\stellar-spectra-ai\data\raw\red_giant\spec-0324-51666-0539.fits,C:\Users\Harshit\OneDrive\Desktop\stellar-spectra-ai\data\catalog\red_giants.csv
3.64941e+17,red_giant,183.72045,0.06823957,8.01e-05,324,51666,542,STAR,M4,C:\Users\Harshit\OneDrive\Desktop\stellar-spectra-ai\data\raw\red_giant\spec-0324-51666-0542.fits,C:\Users\Harshit\OneDrive\Desktop\stellar-spectra-ai\data\catalog\red_giants.csv
3.64942e+17,red_giant,183.79337,0.56186894,3.39e-06,324,51666,546,STAR,M0,C:\Users\Harshit\OneDrive\Desktop\stellar-spectra-ai\data\raw\red_giant\spec-0324-51666-0546.fits,C:\Users\Harshit\OneDrive\Desktop\stellar-spectra-ai\data\catalog\red_giants.csv
3.64944e+17,red_giant,183.77319,0.27477266,7.79e-05,324,51666,553,STAR,M4,C:\Users\Harshit\OneDrive\Desktop\stellar-spectra-ai\data\raw\red_giant\spec-0324-51666-0553.fits,C:\Users\Harshit\OneDrive\Desktop\stellar-spectra-ai\data\catalog\red_giants.csv
3.64945e+17,red_giant,183.68042,0.28796248,0.000113928,324,51666,557,STAR,K5,C:\Users\Harshit\OneDrive\Desktop\stellar-spectra-ai\data\raw\red_giant\spec-0324-51666-0557.fits,C:\Users\Harshit\OneDrive\Desktop\stellar-spectra-ai\data\catalog\red_giants.csv
3.64946e+17,red_giant,183.74639,0.12013487,9.16e-05,324,51666,560,STAR,K5,C:\Users\Harshit\OneDrive\Desktop\stellar-spectra-ai\data\raw\red_giant\spec-0324-51666-0560.fits,C:\Users\Harshit\OneDrive\Desktop\stellar-spectra-ai\data\catalog\red_giants.csv
3.64947e+17,red_giant,183.49877,0.74636391,-4.34e-05,324,51666,564,STAR,M4,C:\Users\Harshit\OneDrive\Desktop\stellar-spectra-ai\data\raw\red_giant\spec-0324-51666-0564.fits,C:\Users\Harshit\OneDrive\Desktop\stellar-spectra-ai\data\catalog\red_giants.csv
3.64949e+17,red_giant,183.4967,0.79555539,2.22e-05,324,51666,571,STAR,K3,C:\Users\Harshit\OneDrive\Desktop\stellar-spectra-ai\data\raw\red_giant\spec-0324-51666-0571.fits,C:\Users\Harshit\OneDrive\Desktop\stellar-spectra-ai\data\catalog\red_giants.csv
3.64951e+17,red_giant,183.64853,0.82311626,9.11e-05,324,51666,579,STAR,M3,C:\Users\Harshit\OneDrive\Desktop\stellar-spectra-ai\data\raw\red_giant\spec-0324-51666-0579.fits,C:\Users\Harshit\OneDrive\Desktop\stellar-spectra-ai\data\catalog\red_giants.csv
3.64952e+17,red_giant,183.93309,0.48852109,-4.04e-06,324,51666,582,STAR,M0,C:\Users\Harshit\OneDrive\Desktop\stellar-spectra-ai\data\raw\red_giant\spec-0324-51666-0582.fits,C:\Users\Harshit\OneDrive\Desktop\stellar-spectra-ai\data\catalog\red_giants.csv
3.64953e+17,red_giant,183.81999,0.21682154,0.000327584,324,51666,588,STAR,K7,C:\Users\Harshit\OneDrive\Desktop\stellar-spectra-ai\data\raw\red_giant\spec-0324-51666-0588.fits,C:\Users\Harshit\OneDrive\Desktop\stellar-spectra-ai\data\catalog\red_giants.csv
3.64954e+17,red_giant,183.96739,0.33241689,-4.63e-05,324,51666,590,STAR,K5,C:\Users\Harshit\OneDrive\Desktop\stellar-spectra-ai\data\raw\red_giant\spec-0324-51666-0590.fits,C:\Users\Harshit\OneDrive\Desktop\stellar-spectra-ai\data\catalog\red_giants.csv
3.64955e+17,red_giant,183.89718,0.27424869,5.83e-05,324,51666,593,STAR,K5,C:\Users\Harshit\OneDrive\Desktop\stellar-spectra-ai\data\raw\red_giant\spec-0324-51666-0593.fits,C:\Users\Harshit\OneDrive\Desktop\stellar-spectra-ai\data\catalog\red_giants.csv
3.64956e+17,red_giant,184.08333,0.27239108,8.78e-06,324,51666,598,STAR,M2,C:\Users\Harshit\OneDrive\Desktop\stellar-spectra-ai\data\raw\red_giant\spec-0324-51666-0598.fits,C:\Users\Harshit\OneDrive\Desktop\stellar-spectra-ai\data\catalog\red_giants.csv
3.64957e+17,red_giant,184.11838,0.40137024,0.000266905,324,51666,600,STAR,M2,C:\Users\Harshit\OneDrive\Desktop\stellar-spectra-ai\data\raw\red_giant\spec-0324-51666-0600.fits,C:\Users\Harshit\OneDrive\Desktop\stellar-spectra-ai\data\catalog\red_giants.csv
3.64958e+17,red_giant,183.91605,1.1352417,2.57e-05,324,51666,604,STAR,M2,C:\Users\Harshit\OneDrive\Desktop\stellar-spectra-ai\data\raw\red_giant\spec-0324-51666-0604.fits,C:\Users\Harshit\OneDrive\Desktop\stellar-spectra-ai\data\catalog\red_giants.csv
3.64959e+17,red_giant,184.14971,0.89343391,9.19e-05,324,51666,608,STAR,K3,C:\Users\Harshit\OneDrive\Desktop\stellar-spectra-ai\data\raw\red_giant\spec-0324-51666-0608.fits,C:\Users\Harshit\OneDrive\Desktop\stellar-spectra-ai\data\catalog\red_giants.csv
3.6496e+17,red_giant,183.96427,0.96218173,0.000100574,324,51666,612,STAR,M2,C:\Users\Harshit\OneDrive\Desktop\stellar-spectra-ai\data\raw\red_giant\spec-0324-51666-0612.fits,C:\Users\Harshit\OneDrive\Desktop\stellar-spectra-ai\data\catalog\red_giants.csv
3.64961e+17,red_giant,183.84237,0.70011228,0.000148606,324,51666,615,STAR,M3,C:\Users\Harshit\OneDrive\Desktop\stellar-spectra-ai\data\raw\red_giant\spec-0324-51666-0615.fits,C:\Users\Harshit\OneDrive\Desktop\stellar-spectra-ai\data\catalog\red_giants.csv
3.64963e+17,red_giant,184.19429,0.17759393,0.000152367,324,51666,622,STAR,K7,C:\Users\Harshit\OneDrive\Desktop\stellar-spectra-ai\data\raw\red_giant\spec-0324-51666-0622.fits,C:\Users\Harshit\OneDrive\Desktop\stellar-spectra-ai\data\catalog\red_giants.csv
3.64964e+17,red_giant,184.27232,0.4063659,-0.000117446,324,51666,627,STAR,K7,C:\Users\Harshit\OneDrive\Desktop\stellar-spectra-ai\data\raw\red_giant\spec-0324-51666-0627.fits,C:\Users\Harshit\OneDrive\Desktop\stellar-spectra-ai\data\catalog\red_giants.csv
3.64965e+17,red_giant,184.24394,0.51533437,-3.09e-05,324,51666,631,STAR,K1,C:\Users\Harshit\OneDrive\Desktop\stellar-spectra-ai\data\raw\red_giant\spec-0324-51666-0631.fits,C:\Users\Harshit\OneDrive\Desktop\stellar-spectra-ai\data\catalog\red_giants.csv
3.64966e+17,red_giant,184.28091,0.4797337,0.000267225,324,51666,633,STAR,K1,C:\Users\Harshit\OneDrive\Desktop\stellar-spectra-ai\data\raw\red_giant\spec-0324-51666-0633.fits,C:\Users\Harshit\OneDrive\Desktop\stellar-spectra-ai\data\catalog\red_giants.csv
3.6707e+17,red_giant,171.92148,-3.1418366,-0.000127892,326,52375,97,STAR,M7,C:\Users\Harshit\OneDrive\Desktop\stellar-spectra-ai\data\raw\red_giant\spec-0326-52375-0097.fits,C:\Users\Harshit\OneDrive\Desktop\stellar-spectra-ai\data\catalog\red_giants.csv
3.67081e+17,red_giant,171.61148,-3.3584792,0.000131263,326,52375,135,STAR,K5,C:\Users\Harshit\OneDrive\Desktop\stellar-spectra-ai\data\raw\red_giant\spec-0326-52375-0135.fits,C:\Users\Harshit\OneDrive\Desktop\stellar-spectra-ai\data\catalog\red_giants.csv
3.67086e+17,red_giant,172.0388,-2.7072075,1.59e-05,326,52375,154,STAR,M7,C:\Users\Harshit\OneDrive\Desktop\stellar-spectra-ai\data\raw\red_giant\spec-0326-52375-0154.fits,C:\Users\Harshit\OneDrive\Desktop\stellar-spectra-ai\data\catalog\red_giants.csv
3.67096e+17,red_giant,171.74485,-2.6430978,-0.000140476,326,52375,191,STAR,M5,C:\Users\Harshit\OneDrive\Desktop\stellar-spectra-ai\data\raw\red_giant\spec-0326-52375-0191.fits,C:\Users\Harshit\OneDrive\Desktop\stellar-spectra-ai\data\catalog\red_giants.csv
3.67098e+17,red_giant,171.74079,-2.676385,0.000405676,326,52375,200,STAR,M0,C:\Users\Harshit\OneDrive\Desktop\stellar-spectra-ai\data\raw\red_giant\spec-0326-52375-0200.fits,C:\Users\Harshit\OneDrive\Desktop\stellar-spectra-ai\data\catalog\red_giants.csv
3.67101e+17,red_giant,171.52301,-3.1783542,-0.000125378,326,52375,208,STAR,M8,C:\Users\Harshit\OneDrive\Desktop\stellar-spectra-ai\data\raw\red_giant\spec-0326-52375-0208.fits,C:\Users\Harshit\OneDrive\Desktop\stellar-spectra-ai\data\catalog\red_giants.csv
3.67102e+17,red_giant,171.37589,-3.1982762,0.000180901,326,52375,214,STAR,M4,C:\Users\Harshit\OneDrive\Desktop\stellar-spectra-ai\data\raw\red_giant\spec-0326-52375-0214.fits,C:\Users\Harshit\OneDrive\Desktop\stellar-spectra-ai\data\catalog\red_giants.csv
3.67121e+17,red_giant,170.97698,-3.3279705,0.000224146,326,52375,283,STAR,M7,C:\Users\Harshit\OneDrive\Desktop\stellar-spectra-ai\data\raw\red_giant\spec-0326-52375-0283.fits,C:\Users\Harshit\OneDrive\Desktop\stellar-spectra-ai\data\catalog\red_giants.csv
3.67136e+17,red_giant,170.93752,-1.1735372,0.000217674,326,52375,336,STAR,K3,C:\Users\Harshit\OneDrive\Desktop\stellar-spectra-ai\data\raw\red_giant\spec-0326-52375-0336.fits,C:\Users\Harshit\OneDrive\Desktop\stellar-spectra-ai\data\catalog\red_giants.csv
3.67147e+17,red_giant,171.42978,-1.5090879,-0.000161228,326,52375,377,STAR,M7,C:\Users\Harshit\OneDrive\Desktop\stellar-spectra-ai\data\raw\red_giant\spec-0326-52375-0377.fits,C:\Users\Harshit\OneDrive\Desktop\stellar-spectra-ai\data\catalog\red_giants.csv
3.67186e+17,red_giant,172.03683,-2.2605497,0.000176535,326,52375,517,STAR,M3,C:\Users\Harshit\OneDrive\Desktop\stellar-spectra-ai\data\raw\red_giant\spec-0326-52375-0517.fits,C:\Users\Harshit\OneDrive\Desktop\stellar-spectra-ai\data\catalog\red_giants.csv
3.67188e+17,red_giant,172.03511,-1.2205426,4.21e-05,326,52375,525,STAR,K5,C:\Users\Harshit\OneDrive\Desktop\stellar-spectra-ai\data\raw\red_giant\spec-0326-52375-0525.fits,C:\Users\Harshit\OneDrive\Desktop\stellar-spectra-ai\data\catalog\red_giants.csv
3.67189e+17,red_giant,172.04358,-1.0565709,7.24e-05,326,52375,528,STAR,K3,C:\Users\Harshit\OneDrive\Desktop\stellar-spectra-ai\data\raw\red_giant\spec-0326-52375-0528.fits,C:\Users\Harshit\OneDrive\Desktop\stellar-spectra-ai\data\catalog\red_giants.csv
3.67192e+17,red_giant,172.17536,-1.3724601,-1.18e-05,326,52375,540,STAR,K3,C:\Users\Harshit\OneDrive\Desktop\stellar-spectra-ai\data\raw\red_giant\spec-0326-52375-0540.fits,C:\Users\Harshit\OneDrive\Desktop\stellar-spectra-ai\data\catalog\red_giants.csv
3.67208e+17,red_giant,172.86747,-2.0841629,7.79e-05,326,52375,598,STAR,M9,C:\Users\Harshit\OneDrive\Desktop\stellar-spectra-ai\data\raw\red_giant\spec-0326-52375-0598.fits,C:\Users\Harshit\OneDrive\Desktop\stellar-spectra-ai\data\catalog\red_giants.csv
3.67209e+17,red_giant,172.64191,-1.1969069,-4.13e-05,326,52375,601,STAR,K3,C:\Users\Harshit\OneDrive\Desktop\stellar-spectra-ai\data\raw\red_giant\spec-0326-52375-0601.fits,C:\Users\Harshit\OneDrive\Desktop\stellar-spectra-ai\data\catalog\red_giants.csv
3.6721e+17,red_giant,172.56347,-1.2345707,0.000129521,326,52375,605,STAR,K7,C:\Users\Harshit\OneDrive\Desktop\stellar-spectra-ai\data\raw\red_giant\spec-0326-52375-0605.fits,C:\Users\Harshit\OneDrive\Desktop\stellar-spectra-ai\data\catalog\red_giants.csv
3.67211e+17,red_giant,172.65489,-1.387261,2.1e-05,326,52375,611,STAR,K5,C:\Users\Harshit\OneDrive\Desktop\stellar-spectra-ai\data\raw\red_giant\spec-0326-52375-0611.fits,C:\Users\Harshit\OneDrive\Desktop\stellar-spectra-ai\data\catalog\red_giants.csv
3.68173e+17,red_giant,174.9246,-3.1678189,4.22e-05,327,52294,15,STAR,M9,C:\Users\Harshit\OneDrive\Desktop\stellar-spectra-ai\data\raw\red_giant\spec-0327-52294-0015.fits,C:\Users\Harshit\OneDrive\Desktop\stellar-spectra-ai\data\catalog\red_giants.csv
3.68177e+17,red_giant,174.64717,-2.8052732,0.000180022,327,52294,28,STAR,K3,C:\Users\Harshit\OneDrive\Desktop\stellar-spectra-ai\data\raw\red_giant\spec-0327-52294-0028.fits,C:\Users\Harshit\OneDrive\Desktop\stellar-spectra-ai\data\catalog\red_giants.csv
3.25471e+17,red_giant,185.27082,-0.12168517,0.000177843,289,51990,313,STAR,M5,C:\Users\Harshit\OneDrive\Desktop\stellar-spectra-ai\data\raw\red_giant\spec-0289-51990-0313.fits,C:\Users\Harshit\OneDrive\Desktop\stellar-spectra-ai\data\catalog\red_giants.csv
3.25519e+17,red_giant,186.95158,0.09568207,-2.31e-05,289,51990,488,STAR,M8,C:\Users\Harshit\OneDrive\Desktop\stellar-spectra-ai\data\raw\red_giant\spec-0289-51990-0488.fits,C:\Users\Harshit\OneDrive\Desktop\stellar-spectra-ai\data\catalog\red_giants.csv
3.25529e+17,red_giant,187.26039,1.1538004,0.000135929,289,51990,525,STAR,K5,C:\Users\Harshit\OneDrive\Desktop\stellar-spectra-ai\data\raw\red_giant\spec-0289-51990-0525.fits,C:\Users\Harshit\OneDrive\Desktop\stellar-spectra-ai\data\catalog\red_giants.csv
3.25532e+17,red_giant,187.23075,0.84556974,0.000158021,289,51990,536,STAR,M9,C:\Users\Harshit\OneDrive\Desktop\stellar-spectra-ai\data\raw\red_giant\spec-0289-51990-0536.fits,C:\Users\Harshit\OneDrive\Desktop\stellar-spectra-ai\data\catalog\red_giants.csv
3.26515e+17,red_giant,189.70375,-0.78917966,-5.77e-05,290,51941,14,STAR,M8,C:\Users\Harshit\OneDrive\Desktop\stellar-spectra-ai\data\raw\red_giant\spec-0290-51941-0014.fits,C:\Users\Harshit\OneDrive\Desktop\stellar-spectra-ai\data\catalog\red_giants.csv
3.2653e+17,red_giant,189.83982,-0.48587142,8.69e-05,290,51941,68,STAR,M4,C:\Users\Harshit\OneDrive\Desktop\stellar-spectra-ai\data\raw\red_giant\spec-0290-51941-0068.fits,C:\Users\Harshit\OneDrive\Desktop\stellar-spectra-ai\data\catalog\red_giants.csv
3.26548e+17,red_giant,189.08931,-1.2343862,1.82e-05,290,51941,135,STAR,M8,C:\Users\Harshit\OneDrive\Desktop\stellar-spectra-ai\data\raw\red_giant\spec-0290-51941-0135.fits,C:\Users\Harshit\OneDrive\Desktop\stellar-spectra-ai\data\catalog\red_giants.csv
3.26557e+17,red_giant,189.24765,-0.3661572,0.000309362,290,51941,167,STAR,M2V,C:\Users\Harshit\OneDrive\Desktop\stellar-spectra-ai\data\raw\red_giant\spec-0290-51941-0167.fits,C:\Users\Harshit\OneDrive\Desktop\stellar-spectra-ai\data\catalog\red_giants.csv
3.26584e+17,red_giant,188.29573,-0.47672035,9.64e-05,290,51941,265,STAR,M0,C:\Users\Harshit\OneDrive\Desktop\stellar-spectra-ai\data\raw\red_giant\spec-0290-51941-0265.fits,C:\Users\Harshit\OneDrive\Desktop\stellar-spectra-ai\data\catalog\red_giants.csv
3.26603e+17,red_giant,187.87754,0.73453285,-0.000134397,290,51941,333,STAR,K3,C:\Users\Harshit\OneDrive\Desktop\stellar-spectra-ai\data\raw\red_giant\spec-0290-51941-0333.fits,C:\Users\Harshit\OneDrive\Desktop\stellar-spectra-ai\data\catalog\red_giants.csv
3.26629e+17,red_giant,188.52417,0.3665318,0.000215974,290,51941,431,STAR,M3,C:\Users\Harshit\OneDrive\Desktop\stellar-spectra-ai\data\raw\red_giant\spec-0290-51941-0431.fits,C:\Users\Harshit\OneDrive\Desktop\stellar-spectra-ai\data\catalog\red_giants.csv
3.2663e+17,red_giant,188.5757,0.1433299,-9.69e-05,290,51941,434,STAR,M7,C:\Users\Harshit\OneDrive\Desktop\stellar-spectra-ai\data\raw\red_giant\spec-0290-51941-0434.fits,C:\Users\Harshit\OneDrive\Desktop\stellar-spectra-ai\data\catalog\red_giants.csv
3.20948e+17,red_giant,179.18272,-1.1438425,7.98e-05,285,51930,242,STAR,M1,C:\Users\Harshit\OneDrive\Desktop\stellar-spectra-ai\data\raw\red_giant\spec-0285-51930-0242.fits,C:\Users\Harshit\OneDrive\Desktop\stellar-spectra-ai\data\catalog\red_giants.csv
3.20949e+17,red_giant,179.19199,-1.0921583,0.00018363,285,51930,247,STAR,K5,C:\Users\Harshit\OneDrive\Desktop\stellar-spectra-ai\data\raw\red_giant\spec-0285-51930-0247.fits,C:\Users\Harshit\OneDrive\Desktop\stellar-spectra-ai\data\catalog\red_giants.csv
3.2095e+17,red_giant,179.25713,-1.256554,0.000115914,285,51930,248,STAR,K1,C:\Users\Harshit\OneDrive\Desktop\stellar-spectra-ai\data\raw\red_giant\spec-0285-51930-0248.fits,C:\Users\Harshit\OneDrive\Desktop\stellar-spectra-ai\data\catalog\red_giants.csv
3.20951e+17,red_giant,179.25861,-1.1233247,-7.89e-06,285,51930,251,STAR,K7,C:\Users\Harshit\OneDrive\Desktop\stellar-spectra-ai\data\raw\red_giant\spec-0285-51930-0251.fits,C:\Users\Harshit\OneDrive\Desktop\stellar-spectra-ai\data\catalog\red_giants.csv
3.20952e+17,red_giant,179.2149,-1.1159868,-8.67e-05,285,51930,258,STAR,K5,C:\Users\Harshit\OneDrive\Desktop\stellar-spectra-ai\data\raw\red_giant\spec-0285-51930-0258.fits,C:\Users\Harshit\OneDrive\Desktop\stellar-spectra-ai\data\catalog\red_giants.csv
3.20955e+17,red_giant,179.48483,-0.67160503,-9.84e-05,285,51930,267,STAR,K1,C:\Users\Harshit\OneDrive\Desktop\stellar-spectra-ai\data\raw\red_giant\spec-0285-51930-0267.fits,C:\Users\Harshit\OneDrive\Desktop\stellar-spectra-ai\data\catalog\red_giants.csv
3.2096e+17,red_giant,179.12244,-1.1151116,0.000186408,285,51930,284,STAR,K1,C:\Users\Harshit\OneDrive\Desktop\stellar-spectra-ai\data\raw\red_giant\spec-0285-51930-0284.fits,C:\Users\Harshit\OneDrive\Desktop\stellar-spectra-ai\data\catalog\red_giants.csv
3.20962e+17,red_giant,179.1134,-1.0628748,0.000140572,285,51930,292,STAR,K3,C:\Users\Harshit\OneDrive\Desktop\stellar-spectra-ai\data\raw\red_giant\spec-0285-51930-0292.fits,C:\Users\Harshit\OneDrive\Desktop\stellar-spectra-ai\data\catalog\red_giants.csv
3.20966e+17,red_giant,178.77935,-0.40560845,3.33e-05,285,51930,308,STAR,K7,C:\Users\Harshit\OneDrive\Desktop\stellar-spectra-ai\data\raw\red_giant\spec-0285-51930-0308.fits,C:\Users\Harshit\OneDrive\Desktop\stellar-spectra-ai\data\catalog\red_giants.csv
3.20969e+17,red_giant,178.52602,-0.17167647,0.000297303,285,51930,319,STAR,K5,C:\Users\Harshit\OneDrive\Desktop\stellar-spectra-ai\data\raw\red_giant\spec-0285-51930-0319.fits,C:\Users\Harshit\OneDrive\Desktop\stellar-spectra-ai\data\catalog\red_giants.csv
3.20972e+17,red_giant,179.11676,1.0367662,-3.9e-05,285,51930,331,STAR,M3,C:\Users\Harshit\OneDrive\Desktop\stellar-spectra-ai\data\raw\red_giant\spec-0285-51930-0331.fits,C:\Users\Harshit\OneDrive\Desktop\stellar-spectra-ai\data\catalog\red_giants.csv
3.20982e+17,red_giant,179.31456,1.0613902,0.000183784,285,51930,366,STAR,M1,C:\Users\Harshit\OneDrive\Desktop\stellar-spectra-ai\data\raw\red_giant\spec-0285-51930-0366.fits,C:\Users\Harshit\OneDrive\Desktop\stellar-spectra-ai\data\catalog\red_giants.csv
3.21005e+17,red_giant,179.70276,1.0461396,-7.67e-05,285,51930,451,STAR,K5,C:\Users\Harshit\OneDrive\Desktop\stellar-spectra-ai\data\raw\red_giant\spec-0285-51930-0451.fits,C:\Users\Harshit\OneDrive\Desktop\stellar-spectra-ai\data\catalog\red_giants.csv
3.2101e+17,red_giant,179.7129,0.59955266,0.000154766,285,51930,469,STAR,K5,C:\Users\Harshit\OneDrive\Desktop\stellar-spectra-ai\data\raw\red_giant\spec-0285-51930-0469.fits,C:\Users\Harshit\OneDrive\Desktop\stellar-spectra-ai\data\catalog\red_giants.csv
3.21023e+17,red_giant,179.98749,0.44920168,-1.22e-05,285,51930,513,STAR,M1,C:\Users\Harshit\OneDrive\Desktop\stellar-spectra-ai\data\raw\red_giant\spec-0285-51930-0513.fits,C:\Users\Harshit\OneDrive\Desktop\stellar-spectra-ai\data\catalog\red_giants.csv
3.21029e+17,red_giant,180.03456,1.1468552,4.38e-05,285,51930,536,STAR,M1,C:\Users\Harshit\OneDrive\Desktop\stellar-spectra-ai\data\raw\red_giant\spec-0285-51930-0536.fits,C:\Users\Harshit\OneDrive\Desktop\stellar-spectra-ai\data\catalog\red_giants.csv
3.10762e+17,red_giant,163.86121,-0.84138528,-3.1e-05,276,51909,50,STAR,M6,C:\Users\Harshit\OneDrive\Desktop\stellar-spectra-ai\data\raw\red_giant\spec-0276-51909-0050.fits,C:\Users\Harshit\OneDrive\Desktop\stellar-spectra-ai\data\catalog\red_giants.csv
3.10773e+17,red_giant,163.59294,-0.90622619,-2.91e-06,276,51909,90,STAR,K3,C:\Users\Harshit\OneDrive\Desktop\stellar-spectra-ai\data\raw\red_giant\spec-0276-51909-0090.fits,C:\Users\Harshit\OneDrive\Desktop\stellar-spectra-ai\data\catalog\red_giants.csv
3.10782e+17,red_giant,163.26918,-1.137142,9.07e-06,276,51909,123,STAR,M1,C:\Users\Harshit\OneDrive\Desktop\stellar-spectra-ai\data\raw\red_giant\spec-0276-51909-0123.fits,C:\Users\Harshit\OneDrive\Desktop\stellar-spectra-ai\data\catalog\red_giants.csv
3.10796e+17,red_giant,163.27656,-0.34693483,6.72e-05,276,51909,173,STAR,K5,C:\Users\Harshit\OneDrive\Desktop\stellar-spectra-ai\data\raw\red_giant\spec-0276-51909-0173.fits,C:\Users\Harshit\OneDrive\Desktop\stellar-spectra-ai\data\catalog\red_giants.csv
3.10802e+17,red_giant,163.19587,-0.17149766,3.78e-05,276,51909,196,STAR,M8,C:\Users\Harshit\OneDrive\Desktop\stellar-spectra-ai\data\raw\red_giant\spec-0276-51909-0196.fits,C:\Users\Harshit\OneDrive\Desktop\stellar-spectra-ai\data\catalog\red_giants.csv
3.10805e+17,red_giant,163.05513,-1.0785515,2.77e-05,276,51909,205,STAR,K3,C:\Users\Harshit\OneDrive\Desktop\stellar-spectra-ai\data\raw\red_giant\spec-0276-51909-0205.fits,C:\Users\Harshit\OneDrive\Desktop\stellar-spectra-ai\data\catalog\red_giants.csv
3.10813e+17,red_giant,162.90778,-0.49890247,-1.5e-05,276,51909,234,STAR,K7,C:\Users\Harshit\OneDrive\Desktop\stellar-spectra-ai\data\raw\red_giant\spec-0276-51909-0234.fits,C:\Users\Harshit\OneDrive\Desktop\stellar-spectra-ai\data\catalog\red_giants.csv
3.10841e+17,red_giant,162.40941,0.87976137,-0.000122927,276,51909,338,STAR,K5,C:\Users\Harshit\OneDrive\Desktop\stellar-spectra-ai\data\raw\red_giant\spec-0276-51909-0338.fits,C:\Users\Harshit\OneDrive\Desktop\stellar-spectra-ai\data\catalog\red_giants.csv
3.10859e+17,red_giant,163.02668,0.90937862,2.59e-05,276,51909,402,STAR,M0,C:\Users\Harshit\OneDrive\Desktop\stellar-spectra-ai\data\raw\red_giant\spec-0276-51909-0402.fits,C:\Users\Harshit\OneDrive\Desktop\stellar-spectra-ai\data\catalog\red_giants.csv
3.1086e+17,red_giant,162.99228,0.88793376,-0.000111254,276,51909,406,STAR,M3,C:\Users\Harshit\OneDrive\Desktop\stellar-spectra-ai\data\raw\red_giant\spec-0276-51909-0406.fits,C:\Users\Harshit\OneDrive\Desktop\stellar-spectra-ai\data\catalog\red_giants.csv
3.10861e+17,red_giant,162.97825,0.86590657,-5.96e-05,276,51909,408,STAR,K5,C:\Users\Harshit\OneDrive\Desktop\stellar-spectra-ai\data\raw\red_giant\spec-0276-51909-0408.fits,C:\Users\Harshit\OneDrive\Desktop\stellar-spectra-ai\data\catalog\red_giants.csv
3.10863e+17,red_giant,163.01556,0.97625529,0.000167368,276,51909,416,STAR,M0,C:\Users\Harshit\OneDrive\Desktop\stellar-spectra-ai\data\raw\red_giant\spec-0276-51909-0416.fits,C:\Users\Harshit\OneDrive\Desktop\stellar-spectra-ai\data\catalog\red_giants.csv
3.1087e+17,red_giant,163.06506,1.0703926,-0.000231358,276,51909,443,STAR,M2,C:\Users\Harshit\OneDrive\Desktop\stellar-spectra-ai\data\raw\red_giant\spec-0276-51909-0443.fits,C:\Users\Harshit\OneDrive\Desktop\stellar-spectra-ai\data\catalog\red_giants.csv
3.10874e+17,red_giant,163.08935,0.94213278,0.000185866,276,51909,458,STAR,K1,C:\Users\Harshit\OneDrive\Desktop\stellar-spectra-ai\data\raw\red_giant\spec-0276-51909-0458.fits,C:\Users\Harshit\OneDrive\Desktop\stellar-spectra-ai\data\catalog\red_giants.csv
3.10879e+17,red_giant,163.00934,0.54048627,0.000438194,276,51909,476,STAR,M0,C:\Users\Harshit\OneDrive\Desktop\stellar-spectra-ai\data\raw\red_giant\spec-0276-51909-0476.fits,C:\Users\Harshit\OneDrive\Desktop\stellar-spectra-ai\data\catalog\red_giants.csv
3.10891e+17,red_giant,163.5229,0.058820917,0.000643102,276,51909,517,STAR,K1,C:\Users\Harshit\OneDrive\Desktop\stellar-spectra-ai\data\raw\red_giant\spec-0276-51909-0517.fits,C:\Users\Harshit\OneDrive\Desktop\stellar-spectra-ai\data\catalog\red_giants.csv
3.10903e+17,red_giant,164.02345,0.85701494,8.91e-05,276,51909,561,STAR,M3,C:\Users\Harshit\OneDrive\Desktop\stellar-spectra-ai\data\raw\red_giant\spec-0276-51909-0561.fits,C:\Users\Harshit\OneDrive\Desktop\stellar-spectra-ai\data\catalog\red_giants.csv
3.11877e+17,red_giant,165.97221,-1.2120107,0.000116206,277,51908,10,STAR,M0,C:\Users\Harshit\OneDrive\Desktop\stellar-spectra-ai\data\raw\red_giant\spec-0277-51908-0010.fits,C:\Users\Harshit\OneDrive\Desktop\stellar-spectra-ai\data\catalog\red_giants.csv
3.11894e+17,red_giant,166.29229,-0.29198888,0.000217752,277,51908,71,STAR,M2,C:\Users\Harshit\OneDrive\Desktop\stellar-spectra-ai\data\raw\red_giant\spec-0277-51908-0071.fits,C:\Users\Harshit\OneDrive\Desktop\stellar-spectra-ai\data\catalog\red_giants.csv
3.119e+17,red_giant,165.50963,-0.80991027,0.000258894,277,51908,95,STAR,K7,C:\Users\Harshit\OneDrive\Desktop\stellar-spectra-ai\data\raw\red_giant\spec-0277-51908-0095.fits,C:\Users\Harshit\OneDrive\Desktop\stellar-spectra-ai\data\catalog\red_giants.csv
3.11914e+17,red_giant,165.81359,-0.65640289,-2.62e-05,277,51908,144,STAR,M3,C:\Users\Harshit\OneDrive\Desktop\stellar-spectra-ai\data\raw\red_giant\spec-0277-51908-0144.fits,C:\Users\Harshit\OneDrive\Desktop\stellar-spectra-ai\data\catalog\red_giants.csv
2.99641e+17,red_giant,146.7187,0.12311831,0.0003283,266,51630,552,STAR,M4,C:\Users\Harshit\OneDrive\Desktop\stellar-spectra-ai\data\raw\red_giant\spec-0266-51630-0552.fits,C:\Users\Harshit\OneDrive\Desktop\stellar-spectra-ai\data\catalog\red_giants.csv
3.00618e+17,red_giant,148.96675,-0.77607839,0.000100678,267,51608,10,STAR,K7,C:\Users\Harshit\OneDrive\Desktop\stellar-spectra-ai\data\raw\red_giant\spec-0267-51608-0010.fits,C:\Users\Harshit\OneDrive\Desktop\stellar-spectra-ai\data\catalog\red_giants.csv
3.00672e+17,red_giant,147.85068,-1.0771943,6.84e-05,267,51608,206,STAR,K7,C:\Users\Harshit\OneDrive\Desktop\stellar-spectra-ai\data\raw\red_giant\spec-0267-51608-0206.fits,C:\Users\Harshit\OneDrive\Desktop\stellar-spectra-ai\data\catalog\red_giants.csv
3.00682e+17,red_giant,147.47546,-1.1815886,0.00012582,267,51608,243,STAR,M1,C:\Users\Harshit\OneDrive\Desktop\stellar-spectra-ai\data\raw\red_giant\spec-0267-51608-0243.fits,C:\Users\Harshit\OneDrive\Desktop\stellar-spectra-ai\data\catalog\red_giants.csv
3.00695e+17,red_giant,147.08272,-1.2156437,0.000118672,267,51608,290,STAR,M0,C:\Users\Harshit\OneDrive\Desktop\stellar-spectra-ai\data\raw\red_giant\spec-0267-51608-0290.fits,C:\Users\Harshit\OneDrive\Desktop\stellar-spectra-ai\data\catalog\red_giants.csv
3.00718e+17,red_giant,147.50014,1.0065357,0.000180897,267,51608,375,STAR,K7,C:\Users\Harshit\OneDrive\Desktop\stellar-spectra-ai\data\raw\red_giant\spec-0267-51608-0375.fits,C:\Users\Harshit\OneDrive\Desktop\stellar-spectra-ai\data\catalog\red_giants.csv
3.00749e+17,red_giant,148.16678,0.72642294,7.04e-05,267,51608,487,STAR,K7,C:\Users\Harshit\OneDrive\Desktop\stellar-spectra-ai\data\raw\red_giant\spec-0267-51608-0487.fits,C:\Users\Harshit\OneDrive\Desktop\stellar-spectra-ai\data\catalog\red_giants.csv
3.00753e+17,red_giant,148.36464,0.62225381,-4.18e-05,267,51608,501,STAR,M1,C:\Users\Harshit\OneDrive\Desktop\stellar-spectra-ai\data\raw\red_giant\spec-0267-51608-0501.fits,C:\Users\Harshit\OneDrive\Desktop\stellar-spectra-ai\data\catalog\red_giants.csv
3.01752e+17,red_giant,149.81852,-0.82974198,-0.000155716,268,51633,41,STAR,M2,C:\Users\Harshit\OneDrive\Desktop\stellar-spectra-ai\data\raw\red_giant\spec-0268-51633-0041.fits,C:\Users\Harshit\OneDrive\Desktop\stellar-spectra-ai\data\catalog\red_giants.csv
3.19908e+17,red_giant,178.82984,0.11983821,0.000246298,284,51943,555,STAR,M0,C:\Users\Harshit\OneDrive\Desktop\stellar-spectra-ai\data\raw\red_giant\spec-0284-51943-0555.fits,C:\Users\Harshit\OneDrive\Desktop\stellar-spectra-ai\data\catalog\red_giants.csv
3.19913e+17,red_giant,178.54609,0.58636237,-1.88e-05,284,51943,573,STAR,M1,C:\Users\Harshit\OneDrive\Desktop\stellar-spectra-ai\data\raw\red_giant\spec-0284-51943-0573.fits,C:\Users\Harshit\OneDrive\Desktop\stellar-spectra-ai\data\catalog\red_giants.csv
3.209e+17,red_giant,180.4777,-0.69478968,9.39e-06,285,51930,67,STAR,M0V,C:\Users\Harshit\OneDrive\Desktop\stellar-spectra-ai\data\raw\red_giant\spec-0285-51930-0067.fits,C:\Users\Harshit\OneDrive\Desktop\stellar-spectra-ai\data\catalog\red_giants.csv
3.89697e+17,red_giant,244.44265,0.74471572,-0.00018548,346,51693,495,STAR,K7,C:\Users\Harshit\OneDrive\Desktop\stellar-spectra-ai\data\raw\red_giant\spec-0346-51693-0495.fits,C:\Users\Harshit\OneDrive\Desktop\stellar-spectra-ai\data\catalog\red_giants.csv
3.89699e+17,red_giant,244.23288,0.27962008,-0.000329306,346,51693,499,STAR,K3,C:\Users\Harshit\OneDrive\Desktop\stellar-spectra-ai\data\raw\red_giant\spec-0346-51693-0499.fits,C:\Users\Harshit\OneDrive\Desktop\stellar-spectra-ai\data\catalog\red_giants.csv
3.89703e+17,red_giant,244.50448,0.23869387,-0.000135565,346,51693,515,STAR,M0,C:\Users\Harshit\OneDrive\Desktop\stellar-spectra-ai\data\raw\red_giant\spec-0346-51693-0515.fits,C:\Users\Harshit\OneDrive\Desktop\stellar-spectra-ai\data\catalog\red_giants.csv
3.89708e+17,red_giant,244.53051,0.8089999,-0.000130313,346,51693,533,STAR,K7,C:\Users\Harshit\OneDrive\Desktop\stellar-spectra-ai\data\raw\red_giant\spec-0346-51693-0533.fits,C:\Users\Harshit\OneDrive\Desktop\stellar-spectra-ai\data\catalog\red_giants.csv
3.89713e+17,red_giant,244.93446,0.53807824,-8.5e-05,346,51693,550,STAR,M3,C:\Users\Harshit\OneDrive\Desktop\stellar-spectra-ai\data\raw\red_giant\spec-0346-51693-0550.fits,C:\Users\Harshit\OneDrive\Desktop\stellar-spectra-ai\data\catalog\red_giants.csv
3.89715e+17,red_giant,244.89644,0.22549361,-4.9e-05,346,51693,557,STAR,K1,C:\Users\Harshit\OneDrive\Desktop\stellar-spectra-ai\data\raw\red_giant\spec-0346-51693-0557.fits,C:\Users\Harshit\OneDrive\Desktop\stellar-spectra-ai\data\catalog\red_giants.csv
3.89717e+17,red_giant,244.91651,1.2270637,0.000128745,346,51693,567,STAR,M7,C:\Users\Harshit\OneDrive\Desktop\stellar-spectra-ai\data\raw\red_giant\spec-0346-51693-0567.fits,C:\Users\Harshit\OneDrive\Desktop\stellar-spectra-ai\data\catalog\red_giants.csv
3.89719e+17,red_giant,244.82079,1.1503811,-0.000214784,346,51693,572,STAR,M3,C:\Users\Harshit\OneDrive\Desktop\stellar-spectra-ai\data\raw\red_giant\spec-0346-51693-0572.fits,C:\Users\Harshit\OneDrive\Desktop\stellar-spectra-ai\data\catalog\red_giants.csv
3.89723e+17,red_giant,245.09626,0.65425652,2.38e-05,346,51693,588,STAR,K1,C:\Users\Harshit\OneDrive\Desktop\stellar-spectra-ai\data\raw\red_giant\spec-0346-51693-0588.fits,C:\Users\Harshit\OneDrive\Desktop\stellar-spectra-ai\data\catalog\red_giants.csv
3.89724e+17,red_giant,245.22693,0.47919618,-0.000235103,346,51693,593,STAR,M1,C:\Users\Harshit\OneDrive\Desktop\stellar-spectra-ai\data\raw\red_giant\spec-0346-51693-0593.fits,C:\Users\Harshit\OneDrive\Desktop\stellar-spectra-ai\data\catalog\red_giants.csv
3.89725e+17,red_giant,245.09127,0.33689342,1.89e-05,346,51693,596,STAR,M4,C:\Users\Harshit\OneDrive\Desktop\stellar-spectra-ai\data\raw\red_giant\spec-0346-51693-0596.fits,C:\Users\Harshit\OneDrive\Desktop\stellar-spectra-ai\data\catalog\red_giants.csv
3.9182e+17,red_giant,249.97778,-0.54459256,-0.000132936,348,51671,23,STAR,M3,C:\Users\Harshit\OneDrive\Desktop\stellar-spectra-ai\data\raw\red_giant\spec-0348-51671-0023.fits,C:\Users\Harshit\OneDrive\Desktop\stellar-spectra-ai\data\catalog\red_giants.csv
3.91822e+17,red_giant,249.76043,-0.13420547,0.00016567,348,51671,31,STAR,K3,C:\Users\Harshit\OneDrive\Desktop\stellar-spectra-ai\data\raw\red_giant\spec-0348-51671-0031.fits,C:\Users\Harshit\OneDrive\Desktop\stellar-spectra-ai\data\catalog\red_giants.csv
3.91824e+17,red_giant,249.78526,-0.26822942,-0.000240933,348,51671,38,STAR,K5,C:\Users\Harshit\OneDrive\Desktop\stellar-spectra-ai\data\raw\red_giant\spec-0348-51671-0038.fits,C:\Users\Harshit\OneDrive\Desktop\stellar-spectra-ai\data\catalog\red_giants.csv
3.91826e+17,red_giant,249.07569,-1.0505474,7.4e-05,348,51671,47,STAR,K7,C:\Users\Harshit\OneDrive\Desktop\stellar-spectra-ai\data\raw\red_giant\spec-0348-51671-0047.fits,C:\Users\Harshit\OneDrive\Desktop\stellar-spectra-ai\data\catalog\red_giants.csv
3.91827e+17,red_giant,249.1055,-0.90462353,-4.43e-05,348,51671,51,STAR,M6,C:\Users\Harshit\OneDrive\Desktop\stellar-spectra-ai\data\raw\red_giant\spec-0348-51671-0051.fits,C:\Users\Harshit\OneDrive\Desktop\stellar-spectra-ai\data\catalog\red_giants.csv
3.91829e+17,red_giant,249.2384,-0.85760278,-1.8e-05,348,51671,56,STAR,M4,C:\Users\Harshit\OneDrive\Desktop\stellar-spectra-ai\data\raw\red_giant\spec-0348-51671-0056.fits,C:\Users\Harshit\OneDrive\Desktop\stellar-spectra-ai\data\catalog\red_giants.csv
3.91831e+17,red_giant,249.67732,-0.48732964,-5.14e-05,348,51671,64,STAR,M7,C:\Users\Harshit\OneDrive\Desktop\stellar-spectra-ai\data\raw\red_giant\spec-0348-51671-0064.fits,C:\Users\Harshit\OneDrive\Desktop\stellar-spectra-ai\data\catalog\red_giants.csv
3.91832e+17,red_giant,249.53639,-0.049932972,-0.000224448,348,51671,67,STAR,K3,C:\Users\Harshit\OneDrive\Desktop\stellar-spectra-ai\data\raw\red_giant\spec-0348-51671-0067.fits,C:\Users\Harshit\OneDrive\Desktop\stellar-spectra-ai\data\catalog\red_giants.csv
3.91834e+17,red_giant,249.66528,-0.3367927,-9.28e-05,348,51671,76,STAR,K1,C:\Users\Harshit\OneDrive\Desktop\stellar-spectra-ai\data\raw\red_giant\spec-0348-51671-0076.fits,C:\Users\Harshit\OneDrive\Desktop\stellar-spectra-ai\data\catalog\red_giants.csv
3.91835e+17,red_giant,249.62972,-0.12159776,6.43e-06,348,51671,79,STAR,K5,C:\Users\Harshit\OneDrive\Desktop\stellar-spectra-ai\data\raw\red_giant\spec-0348-51671-0079.fits,C:\Users\Harshit\OneDrive\Desktop\stellar-spectra-ai\data\catalog\red_giants.csv
3.91837e+17,red_giant,248.88687,-1.0296195,-0.000517595,348,51671,87,STAR,M0,C:\Users\Harshit\OneDrive\Desktop\stellar-spectra-ai\data\raw\red_giant\spec-0348-51671-0087.fits,C:\Users\Harshit\OneDrive\Desktop\stellar-spectra-ai\data\catalog\red_giants.csv
3.91846e+17,red_giant,249.42979,-0.069862492,-0.000757904,348,51671,119,STAR,K3,C:\Users\Harshit\OneDrive\Desktop\stellar-spectra-ai\data\raw\red_giant\spec-0348-51671-0119.fits,C:\Users\Harshit\OneDrive\Desktop\stellar-spectra-ai\data\catalog\red_giants.csv
3.91847e+17,red_giant,248.69363,-1.131094,0.000128825,348,51671,124,STAR,K1,C:\Users\Harshit\OneDrive\Desktop\stellar-spectra-ai\data\raw\red_giant\spec-0348-51671-0124.fits,C:\Users\Harshit\OneDrive\Desktop\stellar-spectra-ai\data\catalog\red_giants.csv
3.9185e+17,red_giant,248.57969,-0.82200645,-3.5e-05,348,51671,135,STAR,M8,C:\Users\Harshit\OneDrive\Desktop\stellar-spectra-ai\data\raw\red_giant\spec-0348-51671-0135.fits,C:\Users\Harshit\OneDrive\Desktop\stellar-spectra-ai\data\catalog\red_giants.csv
3.91855e+17,red_giant,249.19292,-0.030418776,-0.000127989,348,51671,151,STAR,K3,C:\Users\Harshit\OneDrive\Desktop\stellar-spectra-ai\data\raw\red_giant\spec-0348-51671-0151.fits,C:\Users\Harshit\OneDrive\Desktop\stellar-spectra-ai\data\catalog\red_giants.csv
3.30062e+17,red_giant,195.68456,0.66341355,4.17e-05,293,51689,629,STAR,K1,C:\Users\Harshit\OneDrive\Desktop\stellar-spectra-ai\data\raw\red_giant\spec-0293-51689-0629.fits,C:\Users\Harshit\OneDrive\Desktop\stellar-spectra-ai\data\catalog\red_giants.csv
3.31016e+17,red_giant,197.39251,-0.763418,-4.96e-05,294,51986,6,STAR,M6,C:\Users\Harshit\OneDrive\Desktop\stellar-spectra-ai\data\raw\red_giant\spec-0294-51986-0006.fits,C:\Users\Harshit\OneDrive\Desktop\stellar-spectra-ai\data\catalog\red_giants.csv
3.31078e+17,red_giant,196.42962,-0.080175539,0.000118214,294,51986,232,STAR,M3,C:\Users\Harshit\OneDrive\Desktop\stellar-spectra-ai\data\raw\red_giant\spec-0294-51986-0232.fits,C:\Users\Harshit\OneDrive\Desktop\stellar-spectra-ai\data\catalog\red_giants.csv
3.7835e+17,red_giant,191.60866,-2.5677975,7.8e-05,336,51999,174,STAR,M1,C:\Users\Harshit\OneDrive\Desktop\stellar-spectra-ai\data\raw\red_giant\spec-0336-51999-0174.fits,C:\Users\Harshit\OneDrive\Desktop\stellar-spectra-ai\data\catalog\red_giants.csv
3.78351e+17,red_giant,191.46608,-2.673874,-0.000116269,336,51999,177,STAR,M3,C:\Users\Harshit\OneDrive\Desktop\stellar-spectra-ai\data\raw\red_giant\spec-0336-51999-0177.fits,C:\Users\Harshit\OneDrive\Desktop\stellar-spectra-ai\data\catalog\red_giants.csv
3.78361e+17,red_giant,191.1472,-3.1994565,8.24e-05,336,51999,214,STAR,M0,C:\Users\Harshit\OneDrive\Desktop\stellar-spectra-ai\data\raw\red_giant\spec-0336-51999-0214.fits,C:\Users\Harshit\OneDrive\Desktop\stellar-spectra-ai\data\catalog\red_giants.csv
3.78363e+17,red_giant,190.83415,-2.4879876,-0.000137648,336,51999,222,STAR,M3,C:\Users\Harshit\OneDrive\Desktop\stellar-spectra-ai\data\raw\red_giant\spec-0336-51999-0222.fits,C:\Users\Harshit\OneDrive\Desktop\stellar-spectra-ai\data\catalog\red_giants.csv
3.78367e+17,red_giant,190.90324,-2.3945264,-0.000430804,336,51999,235,STAR,M6,C:\Users\Harshit\OneDrive\Desktop\stellar-spectra-ai\data\raw\red_giant\spec-0336-51999-0235.fits,C:\Users\Harshit\OneDrive\Desktop\stellar-spectra-ai\data\catalog\red_giants.csv
3.78368e+17,red_giant,190.99625,-2.5044129,3.4e-05,336,51999,238,STAR,M2,C:\Users\Harshit\OneDrive\Desktop\stellar-spectra-ai\data\raw\red_giant\spec-0336-51999-0238.fits,C:\Users\Harshit\OneDrive\Desktop\stellar-spectra-ai\data\catalog\red_giants.csv
3.7837e+17,red_giant,190.90182,-3.6775545,5.23e-05,336,51999,246,STAR,M8,C:\Users\Harshit\OneDrive\Desktop\stellar-spectra-ai\data\raw\red_giant\spec-0336-51999-0246.fits,C:\Users\Harshit\OneDrive\Desktop\stellar-spectra-ai\data\catalog\red_giants.csv
3.78377e+17,red_giant,190.58818,-2.5845451,0.000222311,336,51999,272,STAR,M9,C:\Users\Harshit\OneDrive\Desktop\stellar-spectra-ai\data\raw\red_giant\spec-0336-51999-0272.fits,C:\Users\Harshit\OneDrive\Desktop\stellar-spectra-ai\data\catalog\red_giants.csv
3.78379e+17,red_giant,190.43946,-2.4348026,0.000254832,336,51999,279,STAR,M7,C:\Users\Harshit\OneDrive\Desktop\stellar-spectra-ai\data\raw\red_giant\spec-0336-51999-0279.fits,C:\Users\Harshit\OneDrive\Desktop\stellar-spectra-ai\data\catalog\red_giants.csv
3.78393e+17,red_giant,190.4152,-1.2734892,2.93e-05,336,51999,328,STAR,M2,C:\Users\Harshit\OneDrive\Desktop\stellar-spectra-ai\data\raw\red_giant\spec-0336-51999-0328.fits,C:\Users\Harshit\OneDrive\Desktop\stellar-spectra-ai\data\catalog\red_giants.csv
3.78402e+17,red_giant,190.75236,-1.6275058,-0.000119992,336,51999,361,STAR,M3,C:\Users\Harshit\OneDrive\Desktop\stellar-spectra-ai\data\raw\red_giant\spec-0336-51999-0361.fits,C:\Users\Harshit\OneDrive\Desktop\stellar-spectra-ai\data\catalog\red_giants.csv
3.78426e+17,red_giant,191.29525,-1.5419315,1.78e-05,336,51999,448,STAR,M9,C:\Users\Harshit\OneDrive\Desktop\stellar-spectra-ai\data\raw\red_giant\spec-0336-51999-0448.fits,C:\Users\Harshit\OneDrive\Desktop\stellar-spectra-ai\data\catalog\red_giants.csv
3.14232e+17,red_giant,168.49382,0.43146476,5.74e-05,279,51984,386,STAR,K5,C:\Users\Harshit\OneDrive\Desktop\stellar-spectra-ai\data\raw\red_giant\spec-0279-51984-0386.fits,C:\Users\Harshit\OneDrive\Desktop\stellar-spectra-ai\data\catalog\red_giants.csv
3.14273e+17,red_giant,169.45894,0.7350324,-2.42e-05,279,51984,533,STAR,K5,C:\Users\Harshit\OneDrive\Desktop\stellar-spectra-ai\data\raw\red_giant\spec-0279-51984-0533.fits,C:\Users\Harshit\OneDrive\Desktop\stellar-spectra-ai\data\catalog\red_giants.csv
3.14286e+17,red_giant,169.96743,0.50275204,0.000127111,279,51984,583,STAR,K3,C:\Users\Harshit\OneDrive\Desktop\stellar-spectra-ai\data\raw\red_giant\spec-0279-51984-0583.fits,C:\Users\Harshit\OneDrive\Desktop\stellar-spectra-ai\data\catalog\red_giants.csv
3.15261e+17,red_giant,171.79165,0.18904344,0.000256073,280,51612,31,STAR,K3,C:\Users\Harshit\OneDrive\Desktop\stellar-spectra-ai\data\raw\red_giant\spec-0280-51612-0031.fits,C:\Users\Harshit\OneDrive\Desktop\stellar-spectra-ai\data\catalog\red_giants.csv
3.15262e+17,red_giant,171.78892,0.020349801,0.000297161,280,51612,36,STAR,K1,C:\Users\Harshit\OneDrive\Desktop\stellar-spectra-ai\data\raw\red_giant\spec-0280-51612-0036.fits,C:\Users\Harshit\OneDrive\Desktop\stellar-spectra-ai\data\catalog\red_giants.csv
3.32218e+17,red_giant,196.80799,-0.60702369,0.00021936,295,51985,282,STAR,M2,C:\Users\Harshit\OneDrive\Desktop\stellar-spectra-ai\data\raw\red_giant\spec-0295-51985-0282.fits,C:\Users\Harshit\OneDrive\Desktop\stellar-spectra-ai\data\catalog\red_giants.csv
3.32232e+17,red_giant,197.59307,0.99069251,0.000251318,295,51985,334,STAR,M0V,C:\Users\Harshit\OneDrive\Desktop\stellar-spectra-ai\data\raw\red_giant\spec-0295-51985-0334.fits,C:\Users\Harshit\OneDrive\Desktop\stellar-spectra-ai\data\catalog\red_giants.csv
3.3226e+17,red_giant,198.17972,0.22411987,-1.37e-05,295,51985,436,STAR,M0,C:\Users\Harshit\OneDrive\Desktop\stellar-spectra-ai\data\raw\red_giant\spec-0295-51985-0436.fits,C:\Users\Harshit\OneDrive\Desktop\stellar-spectra-ai\data\catalog\red_giants.csv
3.32264e+17,red_giant,198.2654,1.0358269,-5.97e-05,295,51985,449,STAR,K3,C:\Users\Harshit\OneDrive\Desktop\stellar-spectra-ai\data\raw\red_giant\spec-0295-51985-0449.fits,C:\Users\Harshit\OneDrive\Desktop\stellar-spectra-ai\data\catalog\red_giants.csv
3.32305e+17,red_giant,199.20249,0.5233269,0.00037529,295,51985,597,STAR,K3,C:\Users\Harshit\OneDrive\Desktop\stellar-spectra-ai\data\raw\red_giant\spec-0295-51985-0597.fits,C:\Users\Harshit\OneDrive\Desktop\stellar-spectra-ai\data\catalog\red_giants.csv
3.32308e+17,red_giant,198.93705,1.0042037,7.98e-05,295,51985,610,STAR,M3,C:\Users\Harshit\OneDrive\Desktop\stellar-spectra-ai\data\raw\red_giant\spec-0295-51985-0610.fits,C:\Users\Harshit\OneDrive\Desktop\stellar-spectra-ai\data\catalog\red_giants.csv
4.03079e+17,red_giant,265.55497,56.149182,-0.000170191,358,51818,24,STAR,M3,C:\Users\Harshit\OneDrive\Desktop\stellar-spectra-ai\data\raw\red_giant\spec-0358-51818-0024.fits,C:\Users\Harshit\OneDrive\Desktop\stellar-spectra-ai\data\catalog\red_giants.csv
4.03082e+17,red_giant,265.57011,56.185599,-0.000270884,358,51818,34,STAR,M8,C:\Users\Harshit\OneDrive\Desktop\stellar-spectra-ai\data\raw\red_giant\spec-0358-51818-0034.fits,C:\Users\Harshit\OneDrive\Desktop\stellar-spectra-ai\data\catalog\red_giants.csv
4.03083e+17,red_giant,264.96256,56.534885,-2.69e-05,358,51818,38,STAR,M8,C:\Users\Harshit\OneDrive\Desktop\stellar-spectra-ai\data\raw\red_giant\spec-0358-51818-0038.fits,C:\Users\Harshit\OneDrive\Desktop\stellar-spectra-ai\data\catalog\red_giants.csv
4.0309e+17,red_giant,264.45777,56.283351,-5.87e-05,358,51818,63,STAR,M8,C:\Users\Harshit\OneDrive\Desktop\stellar-spectra-ai\data\raw\red_giant\spec-0358-51818-0063.fits,C:\Users\Harshit\OneDrive\Desktop\stellar-spectra-ai\data\catalog\red_giants.csv
4.03092e+17,red_giant,264.71194,56.560043,1.16e-06,358,51818,71,STAR,K1,C:\Users\Harshit\OneDrive\Desktop\stellar-spectra-ai\data\raw\red_giant\spec-0358-51818-0071.fits,C:\Users\Harshit\OneDrive\Desktop\stellar-spectra-ai\data\catalog\red_giants.csv
4.03093e+17,red_giant,264.56794,56.589385,-0.000282495,358,51818,74,STAR,K7,C:\Users\Harshit\OneDrive\Desktop\stellar-spectra-ai\data\raw\red_giant\spec-0358-51818-0074.fits,C:\Users\Harshit\OneDrive\Desktop\stellar-spectra-ai\data\catalog\red_giants.csv
4.03095e+17,red_giant,264.07982,55.310301,-8.03e-05,358,51818,82,STAR,M0,C:\Users\Harshit\OneDrive\Desktop\stellar-spectra-ai\data\raw\red_giant\spec-0358-51818-0082.fits,C:\Users\Harshit\OneDrive\Desktop\stellar-spectra-ai\data\catalog\red_giants.csv
4.03098e+17,red_giant,263.88527,55.676164,-0.00021924,358,51818,95,STAR,M7,C:\Users\Harshit\OneDrive\Desktop\stellar-spectra-ai\data\raw\red_giant\spec-0358-51818-0095.fits,C:\Users\Harshit\OneDrive\Desktop\stellar-spectra-ai\data\catalog\red_giants.csv
4.03099e+17,red_giant,264.17016,55.512836,9.21e-05,358,51818,99,STAR,M9,C:\Users\Harshit\OneDrive\Desktop\stellar-spectra-ai\data\raw\red_giant\spec-0358-51818-0099.fits,C:\Users\Harshit\OneDrive\Desktop\stellar-spectra-ai\data\catalog\red_giants.csv
4.03102e+17,red_giant,263.88258,56.323967,-4.49e-05,358,51818,108,STAR,M7,C:\Users\Harshit\OneDrive\Desktop\stellar-spectra-ai\data\raw\red_giant\spec-0358-51818-0108.fits,C:\Users\Harshit\OneDrive\Desktop\stellar-spectra-ai\data\catalog\red_giants.csv
4.03103e+17,red_giant,264.3836,56.610233,-0.000226764,358,51818,112,STAR,K7,C:\Users\Harshit\OneDrive\Desktop\stellar-spectra-ai\data\raw\red_giant\spec-0358-51818-0112.fits,C:\Users\Harshit\OneDrive\Desktop\stellar-spectra-ai\data\catalog\red_giants.csv
4.03105e+17,red_giant,264.21061,56.633474,-4.15e-05,358,51818,120,STAR,M0V,C:\Users\Harshit\OneDrive\Desktop\stellar-spectra-ai\data\raw\red_giant\spec-0358-51818-0120.fits,C:\Users\Harshit\OneDrive\Desktop\stellar-spectra-ai\data\catalog\red_giants.csv
4.03117e+17,red_giant,263.11432,56.631416,4.73e-05,358,51818,164,STAR,M6,C:\Users\Harshit\OneDrive\Desktop\stellar-spectra-ai\data\raw\red_giant\spec-0358-51818-0164.fits,C:\Users\Harshit\OneDrive\Desktop\stellar-spectra-ai\data\catalog\red_giants.csv
4.03118e+17,red_giant,263.38136,56.168509,-6.19e-05,358,51818,165,STAR,M7,C:\Users\Harshit\OneDrive\Desktop\stellar-spectra-ai\data\raw\red_giant\spec-0358-51818-0165.fits,C:\Users\Harshit\OneDrive\Desktop\stellar-spectra-ai\data\catalog\red_giants.csv
3.39015e+17,red_giant,209.03459,0.087124602,0.000252365,301,51942,434,STAR,M0,C:\Users\Harshit\OneDrive\Desktop\stellar-spectra-ai\data\raw\red_giant\spec-0301-51942-0434.fits,C:\Users\Harshit\OneDrive\Desktop\stellar-spectra-ai\data\catalog\red_giants.csv
3.39016e+17,red_giant,208.97746,0.57039953,-7.84e-05,301,51942,437,STAR,K5,C:\Users\Harshit\OneDrive\Desktop\stellar-spectra-ai\data\raw\red_giant\spec-0301-51942-0437.fits,C:\Users\Harshit\OneDrive\Desktop\stellar-spectra-ai\data\catalog\red_giants.csv
3.39017e+17,red_giant,208.87081,0.19793285,-7.05e-05,301,51942,440,STAR,M0,C:\Users\Harshit\OneDrive\Desktop\stellar-spectra-ai\data\raw\red_giant\spec-0301-51942-0440.fits,C:\Users\Harshit\OneDrive\Desktop\stellar-spectra-ai\data\catalog\red_giants.csv
3.39025e+17,red_giant,209.20384,0.45519117,-0.000316403,301,51942,470,STAR,K1,C:\Users\Harshit\OneDrive\Desktop\stellar-spectra-ai\data\raw\red_giant\spec-0301-51942-0470.fits,C:\Users\Harshit\OneDrive\Desktop\stellar-spectra-ai\data\catalog\red_giants.csv
3.39027e+17,red_giant,209.3213,0.007592817,-0.000338415,301,51942,476,STAR,K3,C:\Users\Harshit\OneDrive\Desktop\stellar-spectra-ai\data\raw\red_giant\spec-0301-51942-0476.fits,C:\Users\Harshit\OneDrive\Desktop\stellar-spectra-ai\data\catalog\red_giants.csv
3.39047e+17,red_giant,210.10442,0.41090163,2.84e-05,301,51942,548,STAR,K1,C:\Users\Harshit\OneDrive\Desktop\stellar-spectra-ai\data\raw\red_giant\spec-0301-51942-0548.fits,C:\Users\Harshit\OneDrive\Desktop\stellar-spectra-ai\data\catalog\red_giants.csv
3.39064e+17,red_giant,210.87487,0.57339146,9.44e-05,301,51942,613,STAR,M2,C:\Users\Harshit\OneDrive\Desktop\stellar-spectra-ai\data\raw\red_giant\spec-0301-51942-0613.fits,C:\Users\Harshit\OneDrive\Desktop\stellar-spectra-ai\data\catalog\red_giants.csv
3.40025e+17,red_giant,212.58116,-0.90759404,2.31e-05,302,51688,12,STAR,M5,C:\Users\Harshit\OneDrive\Desktop\stellar-spectra-ai\data\raw\red_giant\spec-0302-51688-0012.fits,C:\Users\Harshit\OneDrive\Desktop\stellar-spectra-ai\data\catalog\red_giants.csv
3.40029e+17,red_giant,213.04624,-0.30161646,-0.000304849,302,51688,28,STAR,M1,C:\Users\Harshit\OneDrive\Desktop\stellar-spectra-ai\data\raw\red_giant\spec-0302-51688-0028.fits,C:\Users\Harshit\OneDrive\Desktop\stellar-spectra-ai\data\catalog\red_giants.csv
3.4004e+17,red_giant,212.89912,-0.43151276,-0.000103364,302,51688,65,STAR,M8,C:\Users\Harshit\OneDrive\Desktop\stellar-spectra-ai\data\raw\red_giant\spec-0302-51688-0065.fits,C:\Users\Harshit\OneDrive\Desktop\stellar-spectra-ai\data\catalog\red_giants.csv
3.4005e+17,red_giant,212.53204,-0.63738086,-4.78e-05,302,51688,101,STAR,M3,C:\Users\Harshit\OneDrive\Desktop\stellar-spectra-ai\data\raw\red_giant\spec-0302-51688-0101.fits,C:\Users\Harshit\OneDrive\Desktop\stellar-spectra-ai\data\catalog\red_giants.csv
3.68192e+17,red_giant,174.08949,-3.2229046,-8.23e-07,327,52294,82,STAR,M3,C:\Users\Harshit\OneDrive\Desktop\stellar-spectra-ai\data\raw\red_giant\spec-0327-52294-0082.fits,C:\Users\Harshit\OneDrive\Desktop\stellar-spectra-ai\data\catalog\red_giants.csv
3.68197e+17,red_giant,173.8839,-3.2679717,-0.000103496,327,52294,100,STAR,M1,C:\Users\Harshit\OneDrive\Desktop\stellar-spectra-ai\data\raw\red_giant\spec-0327-52294-0100.fits,C:\Users\Harshit\OneDrive\Desktop\stellar-spectra-ai\data\catalog\red_giants.csv
3.68211e+17,red_giant,174.06687,-2.693648,2.12e-05,327,52294,152,STAR,M0,C:\Users\Harshit\OneDrive\Desktop\stellar-spectra-ai\data\raw\red_giant\spec-0327-52294-0152.fits,C:\Users\Harshit\OneDrive\Desktop\stellar-spectra-ai\data\catalog\red_giants.csv
3.68217e+17,red_giant,173.6947,-2.6253995,3.36e-05,327,52294,173,STAR,M1,C:\Users\Harshit\OneDrive\Desktop\stellar-spectra-ai\data\raw\red_giant\spec-0327-52294-0173.fits,C:\Users\Harshit\OneDrive\Desktop\stellar-spectra-ai\data\catalog\red_giants.csv
3.68235e+17,red_giant,173.30148,-2.9307161,-6.64e-05,327,52294,238,STAR,K1,C:\Users\Harshit\OneDrive\Desktop\stellar-spectra-ai\data\raw\red_giant\spec-0327-52294-0238.fits,C:\Users\Harshit\OneDrive\Desktop\stellar-spectra-ai\data\catalog\red_giants.csv
3.68244e+17,red_giant,172.90167,-3.0452792,5.26e-05,327,52294,270,STAR,M7,C:\Users\Harshit\OneDrive\Desktop\stellar-spectra-ai\data\raw\red_giant\spec-0327-52294-0270.fits,C:\Users\Harshit\OneDrive\Desktop\stellar-spectra-ai\data\catalog\red_giants.csv
3.68245e+17,red_giant,172.98975,-2.6077053,0.00020251,327,52294,277,STAR,M7,C:\Users\Harshit\OneDrive\Desktop\stellar-spectra-ai\data\raw\red_giant\spec-0327-52294-0277.fits,C:\Users\Harshit\OneDrive\Desktop\stellar-spectra-ai\data\catalog\red_giants.csv
3.68247e+17,red_giant,172.99079,-3.4902277,-2.23e-05,327,52294,283,STAR,K7,C:\Users\Harshit\OneDrive\Desktop\stellar-spectra-ai\data\raw\red_giant\spec-0327-52294-0283.fits,C:\Users\Harshit\OneDrive\Desktop\stellar-spectra-ai\data\catalog\red_giants.csv
3.68249e+17,red_giant,173.04306,-3.4970992,-7.22e-06,327,52294,289,STAR,M3,C:\Users\Harshit\OneDrive\Desktop\stellar-spectra-ai\data\raw\red_giant\spec-0327-52294-0289.fits,C:\Users\Harshit\OneDrive\Desktop\stellar-spectra-ai\data\catalog\red_giants.csv
3.68253e+17,red_giant,172.57782,-3.0851071,-3.97e-05,327,52294,305,STAR,M2,C:\Users\Harshit\OneDrive\Desktop\stellar-spectra-ai\data\raw\red_giant\spec-0327-52294-0305.fits,C:\Users\Harshit\OneDrive\Desktop\stellar-spectra-ai\data\catalog\red_giants.csv
3.68254e+17,red_giant,172.67026,-2.5887227,0.000180108,327,52294,309,STAR,M7,C:\Users\Harshit\OneDrive\Desktop\stellar-spectra-ai\data\raw\red_giant\spec-0327-52294-0309.fits,C:\Users\Harshit\OneDrive\Desktop\stellar-spectra-ai\data\catalog\red_giants.csv
3.68259e+17,red_giant,172.95136,-1.2114909,0.000219463,327,52294,327,STAR,K1,C:\Users\Harshit\OneDrive\Desktop\stellar-spectra-ai\data\raw\red_giant\spec-0327-52294-0327.fits,C:\Users\Harshit\OneDrive\Desktop\stellar-spectra-ai\data\catalog\red_giants.csv
3.68264e+17,red_giant,172.62271,-1.7741616,-3.56e-05,327,52294,346,STAR,M9,C:\Users\Harshit\OneDrive\Desktop\stellar-spectra-ai\data\raw\red_giant\spec-0327-52294-0346.fits,C:\Users\Harshit\OneDrive\Desktop\stellar-spectra-ai\data\catalog\red_giants.csv
3.68267e+17,red_giant,172.20384,-2.3400434,2.42e-06,327,52294,355,STAR,M0,C:\Users\Harshit\OneDrive\Desktop\stellar-spectra-ai\data\raw\red_giant\spec-0327-52294-0355.fits,C:\Users\Harshit\OneDrive\Desktop\stellar-spectra-ai\data\catalog\red_giants.csv
3.68273e+17,red_giant,173.01559,-1.5033957,-2.43e-05,327,52294,378,STAR,M8,C:\Users\Harshit\OneDrive\Desktop\stellar-spectra-ai\data\raw\red_giant\spec-0327-52294-0378.fits,C:\Users\Harshit\OneDrive\Desktop\stellar-spectra-ai\data\catalog\red_giants.csv
3.68276e+17,red_giant,172.93137,-1.9202263,0.000303296,327,52294,387,STAR,M3,C:\Users\Harshit\OneDrive\Desktop\stellar-spectra-ai\data\raw\red_giant\spec-0327-52294-0387.fits,C:\Users\Harshit\OneDrive\Desktop\stellar-spectra-ai\data\catalog\red_giants.csv
3.6828e+17,red_giant,173.21012,-1.1346903,-5.24e-05,327,52294,403,STAR,K3,C:\Users\Harshit\OneDrive\Desktop\stellar-spectra-ai\data\raw\red_giant\spec-0327-52294-0403.fits,C:\Users\Harshit\OneDrive\Desktop\stellar-spectra-ai\data\catalog\red_giants.csv
3.68286e+17,red_giant,173.24891,-1.8077771,-6.76e-05,327,52294,425,STAR,K7,C:\Users\Harshit\OneDrive\Desktop\stellar-spectra-ai\data\raw\red_giant\spec-0327-52294-0425.fits,C:\Users\Harshit\OneDrive\Desktop\stellar-spectra-ai\data\catalog\red_giants.csv
3.68295e+17,red_giant,173.49155,-1.5238136,0.000211975,327,52294,457,STAR,M7,C:\Users\Harshit\OneDrive\Desktop\stellar-spectra-ai\data\raw\red_giant\spec-0327-52294-0457.fits,C:\Users\Harshit\OneDrive\Desktop\stellar-spectra-ai\data\catalog\red_giants.csv
3.68296e+17,red_giant,173.46959,-1.8947043,0.000142529,327,52294,461,STAR,M4,C:\Users\Harshit\OneDrive\Desktop\stellar-spectra-ai\data\raw\red_giant\spec-0327-52294-0461.fits,C:\Users\Harshit\OneDrive\Desktop\stellar-spectra-ai\data\catalog\red_giants.csv
3.68297e+17,red_giant,173.42052,-2.0911506,-6.22e-05,327,52294,463,STAR,M8,C:\Users\Harshit\OneDrive\Desktop\stellar-spectra-ai\data\raw\red_giant\spec-0327-52294-0463.fits,C:\Users\Harshit\OneDrive\Desktop\stellar-spectra-ai\data\catalog\red_giants.csv
3.68301e+17,red_giant,173.62298,-2.4050553,9.98e-06,327,52294,479,STAR,M9,C:\Users\Harshit\OneDrive\Desktop\stellar-spectra-ai\data\raw\red_giant\spec-0327-52294-0479.fits,C:\Users\Harshit\OneDrive\Desktop\stellar-spectra-ai\data\catalog\red_giants.csv
3.68302e+17,red_giant,173.90013,-2.1745675,9.78e-05,327,52294,484,STAR,K3,C:\Users\Harshit\OneDrive\Desktop\stellar-spectra-ai\data\raw\red_giant\spec-0327-52294-0484.fits,C:\Users\Harshit\OneDrive\Desktop\stellar-spectra-ai\data\catalog\red_giants.csv
3.68303e+17,red_giant,173.8732,-1.9500385,-1.15e-05,327,52294,485,STAR,K7,C:\Users\Harshit\OneDrive\Desktop\stellar-spectra-ai\data\raw\red_giant\spec-0327-52294-0485.fits,C:\Users\Harshit\OneDrive\Desktop\stellar-spectra-ai\data\catalog\red_giants.csv
3.68313e+17,red_giant,173.90866,-1.2594574,-8.39e-05,327,52294,521,STAR,K3,C:\Users\Harshit\OneDrive\Desktop\stellar-spectra-ai\data\raw\red_giant\spec-0327-52294-0521.fits,C:\Users\Harshit\OneDrive\Desktop\stellar-spectra-ai\data\catalog\red_giants.csv
3.68327e+17,red_giant,174.19127,-1.3286525,0.000167895,327,52294,572,STAR,K1,C:\Users\Harshit\OneDrive\Desktop\stellar-spectra-ai\data\raw\red_giant\spec-0327-52294-0572.fits,C:\Users\Harshit\OneDrive\Desktop\stellar-spectra-ai\data\catalog\red_giants.csv
3.68334e+17,red_giant,174.62889,-2.4591457,0.000322485,327,52294,598,STAR,K3,C:\Users\Harshit\OneDrive\Desktop\stellar-spectra-ai\data\raw\red_giant\spec-0327-52294-0598.fits,C:\Users\Harshit\OneDrive\Desktop\stellar-spectra-ai\data\catalog\red_giants.csv
3.68335e+17,red_giant,174.90132,-1.6745703,-2.95e-06,327,52294,604,STAR,M2V,C:\Users\Harshit\OneDrive\Desktop\stellar-spectra-ai\data\raw\red_giant\spec-0327-52294-0604.fits,C:\Users\Harshit\OneDrive\Desktop\stellar-spectra-ai\data\catalog\red_giants.csv
3.69297e+17,red_giant,176.10821,-3.6204891,0.000101844,328,52282,7,STAR,K5,C:\Users\Harshit\OneDrive\Desktop\stellar-spectra-ai\data\raw\red_giant\spec-0328-52282-0007.fits,C:\Users\Harshit\OneDrive\Desktop\stellar-spectra-ai\data\catalog\red_giants.csv
3.693e+17,red_giant,176.21944,-3.2389697,0.000160747,328,52282,17,STAR,M2V,C:\Users\Harshit\OneDrive\Desktop\stellar-spectra-ai\data\raw\red_giant\spec-0328-52282-0017.fits,C:\Users\Harshit\OneDrive\Desktop\stellar-spectra-ai\data\catalog\red_giants.csv
3.69324e+17,red_giant,176.07805,-3.024734,0.000120835,328,52282,103,STAR,M0,C:\Users\Harshit\OneDrive\Desktop\stellar-spectra-ai\data\raw\red_giant\spec-0328-52282-0103.fits,C:\Users\Harshit\OneDrive\Desktop\stellar-spectra-ai\data\catalog\red_giants.csv
3.69336e+17,red_giant,175.70939,-3.1574838,5.42e-05,328,52282,148,STAR,M7,C:\Users\Harshit\OneDrive\Desktop\stellar-spectra-ai\data\raw\red_giant\spec-0328-52282-0148.fits,C:\Users\Harshit\OneDrive\Desktop\stellar-spectra-ai\data\catalog\red_giants.csv
3.69345e+17,red_giant,175.41492,-2.6355773,1.72e-05,328,52282,180,STAR,M0,C:\Users\Harshit\OneDrive\Desktop\stellar-spectra-ai\data\raw\red_giant\spec-0328-52282-0180.fits,C:\Users\Harshit\OneDrive\Desktop\stellar-spectra-ai\data\catalog\red_giants.csv
3.69364e+17,red_giant,174.94312,-3.614273,0.000209044,328,52282,249,STAR,K7,C:\Users\Harshit\OneDrive\Desktop\stellar-spectra-ai\data\raw\red_giant\spec-0328-52282-0249.fits,C:\Users\Harshit\OneDrive\Desktop\stellar-spectra-ai\data\catalog\red_giants.csv
3.69365e+17,red_giant,174.80995,-3.1600897,0.000130814,328,52282,254,STAR,M7,C:\Users\Harshit\OneDrive\Desktop\stellar-spectra-ai\data\raw\red_giant\spec-0328-52282-0254.fits,C:\Users\Harshit\OneDrive\Desktop\stellar-spectra-ai\data\catalog\red_giants.csv
3.69371e+17,red_giant,174.7949,-2.5042714,8.34e-05,328,52282,277,STAR,M9,C:\Users\Harshit\OneDrive\Desktop\stellar-spectra-ai\data\raw\red_giant\spec-0328-52282-0277.fits,C:\Users\Harshit\OneDrive\Desktop\stellar-spectra-ai\data\catalog\red_giants.csv
3.69372e+17,red_giant,174.39103,-2.8798606,-6.22e-05,328,52282,278,STAR,M8,C:\Users\Harshit\OneDrive\Desktop\stellar-spectra-ai\data\raw\red_giant\spec-0328-52282-0278.fits,C:\Users\Harshit\OneDrive\Desktop\stellar-spectra-ai\data\catalog\red_giants.csv
3.69377e+17,red_giant,174.32931,-3.1692163,0.000112786,328,52282,299,STAR,M7,C:\Users\Harshit\OneDrive\Desktop\stellar-spectra-ai\data\raw\red_giant\spec-0328-52282-0299.fits,C:\Users\Harshit\OneDrive\Desktop\stellar-spectra-ai\data\catalog\red_giants.csv
3.69382e+17,red_giant,173.84511,-3.0540544,0.000251255,328,52282,316,STAR,M7,C:\Users\Harshit\OneDrive\Desktop\stellar-spectra-ai\data\raw\red_giant\spec-0328-52282-0316.fits,C:\Users\Harshit\OneDrive\Desktop\stellar-spectra-ai\data\catalog\red_giants.csv
3.69389e+17,red_giant,174.61735,-1.6861268,-4.49e-05,328,52282,340,STAR,M9,C:\Users\Harshit\OneDrive\Desktop\stellar-spectra-ai\data\raw\red_giant\spec-0328-52282-0340.fits,C:\Users\Harshit\OneDrive\Desktop\stellar-spectra-ai\data\catalog\red_giants.csv
3.27674e+17,red_giant,190.84184,-1.1614088,0.000206256,291,51928,136,STAR,M0,C:\Users\Harshit\OneDrive\Desktop\stellar-spectra-ai\data\raw\red_giant\spec-0291-51928-0136.fits,C:\Users\Harshit\OneDrive\Desktop\stellar-spectra-ai\data\catalog\red_giants.csv
3.27736e+17,red_giant,189.58651,0.17003817,-0.000248134,291,51928,360,STAR,K3,C:\Users\Harshit\OneDrive\Desktop\stellar-spectra-ai\data\raw\red_giant\spec-0291-51928-0360.fits,C:\Users\Harshit\OneDrive\Desktop\stellar-spectra-ai\data\catalog\red_giants.csv
3.21056e+17,red_giant,180.84666,0.031474275,-1.42e-05,285,51930,636,STAR,K1,C:\Users\Harshit\OneDrive\Desktop\stellar-spectra-ai\data\raw\red_giant\spec-0285-51930-0636.fits,C:\Users\Harshit\OneDrive\Desktop\stellar-spectra-ai\data\catalog\red_giants.csv
3.22033e+17,red_giant,181.78994,-0.93283991,0.000110172,286,51999,94,STAR,M1,C:\Users\Harshit\OneDrive\Desktop\stellar-spectra-ai\data\raw\red_giant\spec-0286-51999-0094.fits,C:\Users\Harshit\OneDrive\Desktop\stellar-spectra-ai\data\catalog\red_giants.csv
3.22081e+17,red_giant,180.61378,-0.17279421,7.75e-05,286,51999,268,STAR,M8,C:\Users\Harshit\OneDrive\Desktop\stellar-spectra-ai\data\raw\red_giant\spec-0286-51999-0268.fits,C:\Users\Harshit\OneDrive\Desktop\stellar-spectra-ai\data\catalog\red_giants.csv
3.22087e+17,red_giant,180.43375,-1.0744364,0.000222278,286,51999,290,STAR,K3,C:\Users\Harshit\OneDrive\Desktop\stellar-spectra-ai\data\raw\red_giant\spec-0286-51999-0290.fits,C:\Users\Harshit\OneDrive\Desktop\stellar-spectra-ai\data\catalog\red_giants.csv
3.22114e+17,red_giant,180.95682,0.28258638,-0.000110668,286,51999,387,STAR,M8,C:\Users\Harshit\OneDrive\Desktop\stellar-spectra-ai\data\raw\red_giant\spec-0286-51999-0387.fits,C:\Users\Harshit\OneDrive\Desktop\stellar-spectra-ai\data\catalog\red_giants.csv
3.22119e+17,red_giant,181.02002,0.96908195,1.96e-05,286,51999,406,STAR,K1,C:\Users\Harshit\OneDrive\Desktop\stellar-spectra-ai\data\raw\red_giant\spec-0286-51999-0406.fits,C:\Users\Harshit\OneDrive\Desktop\stellar-spectra-ai\data\catalog\red_giants.csv
3.22134e+17,red_giant,181.39389,0.17220572,6.52e-05,286,51999,462,STAR,M9,C:\Users\Harshit\OneDrive\Desktop\stellar-spectra-ai\data\raw\red_giant\spec-0286-51999-0462.fits,C:\Users\Harshit\OneDrive\Desktop\stellar-spectra-ai\data\catalog\red_giants.csv
3.22137e+17,red_giant,181.27912,0.60060034,8.07e-05,286,51999,470,STAR,M0,C:\Users\Harshit\OneDrive\Desktop\stellar-spectra-ai\data\raw\red_giant\spec-0286-51999-0470.fits,C:\Users\Harshit\OneDrive\Desktop\stellar-spectra-ai\data\catalog\red_giants.csv
3.22142e+17,red_giant,181.43469,0.000865482,0.000200245,286,51999,489,STAR,K1,C:\Users\Harshit\OneDrive\Desktop\stellar-spectra-ai\data\raw\red_giant\spec-0286-51999-0489.fits,C:\Users\Harshit\OneDrive\Desktop\stellar-spectra-ai\data\catalog\red_giants.csv
3.22152e+17,red_giant,181.58733,1.0422913,0.000286969,286,51999,527,STAR,K5,C:\Users\Harshit\OneDrive\Desktop\stellar-spectra-ai\data\raw\red_giant\spec-0286-51999-0527.fits,C:\Users\Harshit\OneDrive\Desktop\stellar-spectra-ai\data\catalog\red_giants.csv
3.22173e+17,red_giant,182.20504,1.1671449,5.58e-05,286,51999,604,STAR,M5,C:\Users\Harshit\OneDrive\Desktop\stellar-spectra-ai\data\raw\red_giant\spec-0286-51999-0604.fits,C:\Users\Harshit\OneDrive\Desktop\stellar-spectra-ai\data\catalog\red_giants.csv
3.23165e+17,red_giant,183.95586,-0.61073815,0.000102344,287,52023,115,STAR,M8,C:\Users\Harshit\OneDrive\Desktop\stellar-spectra-ai\data\raw\red_giant\spec-0287-52023-0115.fits,C:\Users\Harshit\OneDrive\Desktop\stellar-spectra-ai\data\catalog\red_giants.csv
3.23179e+17,red_giant,183.36986,-0.57927139,-0.000108522,287,52023,166,STAR,M6,C:\Users\Harshit\OneDrive\Desktop\stellar-spectra-ai\data\raw\red_giant\spec-0287-52023-0166.fits,C:\Users\Harshit\OneDrive\Desktop\stellar-spectra-ai\data\catalog\red_giants.csv
3.2319e+17,red_giant,183.05103,-1.1902397,3.6e-05,287,52023,207,STAR,M3,C:\Users\Harshit\OneDrive\Desktop\stellar-spectra-ai\data\raw\red_giant\spec-0287-52023-0207.fits,C:\Users\Harshit\OneDrive\Desktop\stellar-spectra-ai\data\catalog\red_giants.csv
3.23191e+17,red_giant,183.1047,-1.242804,-0.000107567,287,52023,209,STAR,K5,C:\Users\Harshit\OneDrive\Desktop\stellar-spectra-ai\data\raw\red_giant\spec-0287-52023-0209.fits,C:\Users\Harshit\OneDrive\Desktop\stellar-spectra-ai\data\catalog\red_giants.csv
3.11971e+17,red_giant,164.45638,0.64895465,-0.000128709,277,51908,350,STAR,K5,C:\Users\Harshit\OneDrive\Desktop\stellar-spectra-ai\data\raw\red_giant\spec-0277-51908-0350.fits,C:\Users\Harshit\OneDrive\Desktop\stellar-spectra-ai\data\catalog\red_giants.csv
3.11977e+17,red_giant,164.7233,0.93571595,0.00024323,277,51908,372,STAR,M0,C:\Users\Harshit\OneDrive\Desktop\stellar-spectra-ai\data\raw\red_giant\spec-0277-51908-0372.fits,C:\Users\Harshit\OneDrive\Desktop\stellar-spectra-ai\data\catalog\red_giants.csv
3.11988e+17,red_giant,165.03915,1.1923328,-0.000181195,277,51908,412,STAR,M6,C:\Users\Harshit\OneDrive\Desktop\stellar-spectra-ai\data\raw\red_giant\spec-0277-51908-0412.fits,C:\Users\Harshit\OneDrive\Desktop\stellar-spectra-ai\data\catalog\red_giants.csv
3.12003e+17,red_giant,165.34665,0.26976511,-9.46e-05,277,51908,470,STAR,M4,C:\Users\Harshit\OneDrive\Desktop\stellar-spectra-ai\data\raw\red_giant\spec-0277-51908-0470.fits,C:\Users\Harshit\OneDrive\Desktop\stellar-spectra-ai\data\catalog\red_giants.csv
3.12011e+17,red_giant,165.6997,0.51099629,-3.5e-05,277,51908,496,STAR,M8,C:\Users\Harshit\OneDrive\Desktop\stellar-spectra-ai\data\raw\red_giant\spec-0277-51908-0496.fits,C:\Users\Harshit\OneDrive\Desktop\stellar-spectra-ai\data\catalog\red_giants.csv
3.12035e+17,red_giant,166.23054,0.51746113,9.26e-05,277,51908,586,STAR,M3,C:\Users\Harshit\OneDrive\Desktop\stellar-spectra-ai\data\raw\red_giant\spec-0277-51908-0586.fits,C:\Users\Harshit\OneDrive\Desktop\stellar-spectra-ai\data\catalog\red_giants.csv
3.13008e+17,red_giant,168.43887,-0.2508339,0.000246823,278,51900,30,STAR,M1,C:\Users\Harshit\OneDrive\Desktop\stellar-spectra-ai\data\raw\red_giant\spec-0278-51900-0030.fits,C:\Users\Harshit\OneDrive\Desktop\stellar-spectra-ai\data\catalog\red_giants.csv
3.41228e+17,red_giant,212.97277,-0.71591837,0.000157809,303,51615,291,STAR,M4,C:\Users\Harshit\OneDrive\Desktop\stellar-spectra-ai\data\raw\red_giant\spec-0303-51615-0291.fits,C:\Users\Harshit\OneDrive\Desktop\stellar-spectra-ai\data\catalog\red_giants.csv
3.41276e+17,red_giant,213.70068,0.52442379,-2.97e-05,303,51615,468,STAR,K5,C:\Users\Harshit\OneDrive\Desktop\stellar-spectra-ai\data\raw\red_giant\spec-0303-51615-0468.fits,C:\Users\Harshit\OneDrive\Desktop\stellar-spectra-ai\data\catalog\red_giants.csv
3.41297e+17,red_giant,214.44633,0.43684342,0.00019815,303,51615,543,STAR,K5,C:\Users\Harshit\OneDrive\Desktop\stellar-spectra-ai\data\raw\red_giant\spec-0303-51615-0543.fits,C:\Users\Harshit\OneDrive\Desktop\stellar-spectra-ai\data\catalog\red_giants.csv
3.41303e+17,red_giant,214.43075,0.84617226,-9.36e-05,303,51615,564,STAR,M0,C:\Users\Harshit\OneDrive\Desktop\stellar-spectra-ai\data\raw\red_giant\spec-0303-51615-0564.fits,C:\Users\Harshit\OneDrive\Desktop\stellar-spectra-ai\data\catalog\red_giants.csv
3.41319e+17,red_giant,214.83553,0.42640368,-0.000131705,303,51615,622,STAR,K1,C:\Users\Harshit\OneDrive\Desktop\stellar-spectra-ai\data\raw\red_giant\spec-0303-51615-0622.fits,C:\Users\Harshit\OneDrive\Desktop\stellar-spectra-ai\data\catalog\red_giants.csv
3.41323e+17,red_giant,214.71243,0.065472072,8.77e-05,303,51615,637,STAR,K3,C:\Users\Harshit\OneDrive\Desktop\stellar-spectra-ai\data\raw\red_giant\spec-0303-51615-0637.fits,C:\Users\Harshit\OneDrive\Desktop\stellar-spectra-ai\data\catalog\red_giants.csv
3.42275e+17,red_giant,215.78549,-0.35181382,-0.000183339,304,51609,4,STAR,K7,C:\Users\Harshit\OneDrive\Desktop\stellar-spectra-ai\data\raw\red_giant\spec-0304-51609-0004.fits,C:\Users\Harshit\OneDrive\Desktop\stellar-spectra-ai\data\catalog\red_giants.csv
3.4228e+17,red_giant,215.72609,-0.72107429,-0.000101666,304,51609,23,STAR,K5,C:\Users\Harshit\OneDrive\Desktop\stellar-spectra-ai\data\raw\red_giant\spec-0304-51609-0023.fits,C:\Users\Harshit\OneDrive\Desktop\stellar-spectra-ai\data\catalog\red_giants.csv
3.42282e+17,red_giant,215.72928,-0.74407599,-1.16e-05,304,51609,30,STAR,K5,C:\Users\Harshit\OneDrive\Desktop\stellar-spectra-ai\data\raw\red_giant\spec-0304-51609-0030.fits,C:\Users\Harshit\OneDrive\Desktop\stellar-spectra-ai\data\catalog\red_giants.csv
3.42283e+17,red_giant,215.72201,-0.65287707,4.41e-05,304,51609,35,STAR,K1,C:\Users\Harshit\OneDrive\Desktop\stellar-spectra-ai\data\raw\red_giant\spec-0304-51609-0035.fits,C:\Users\Harshit\OneDrive\Desktop\stellar-spectra-ai\data\catalog\red_giants.csv
3.42284e+17,red_giant,215.71068,-0.81747385,-4.43e-05,304,51609,38,STAR,M0,C:\Users\Harshit\OneDrive\Desktop\stellar-spectra-ai\data\raw\red_giant\spec-0304-51609-0038.fits,C:\Users\Harshit\OneDrive\Desktop\stellar-spectra-ai\data\catalog\red_giants.csv
3.42286e+17,red_giant,215.68631,-0.23147739,-3.04e-05,304,51609,44,STAR,K1,C:\Users\Harshit\OneDrive\Desktop\stellar-spectra-ai\data\raw\red_giant\spec-0304-51609-0044.fits,C:\Users\Harshit\OneDrive\Desktop\stellar-spectra-ai\data\catalog\red_giants.csv
3.42287e+17,red_giant,215.74537,-0.4187615,-0.000118183,304,51609,47,STAR,K3,C:\Users\Harshit\OneDrive\Desktop\stellar-spectra-ai\data\raw\red_giant\spec-0304-51609-0047.fits,C:\Users\Harshit\OneDrive\Desktop\stellar-spectra-ai\data\catalog\red_giants.csv
3.42288e+17,red_giant,215.74117,-0.23909752,3.46e-06,304,51609,54,STAR,K5,C:\Users\Harshit\OneDrive\Desktop\stellar-spectra-ai\data\raw\red_giant\spec-0304-51609-0054.fits,C:\Users\Harshit\OneDrive\Desktop\stellar-spectra-ai\data\catalog\red_giants.csv
3.4229e+17,red_giant,215.68945,-0.36599308,1.13e-05,304,51609,60,STAR,M0,C:\Users\Harshit\OneDrive\Desktop\stellar-spectra-ai\data\raw\red_giant\spec-0304-51609-0060.fits,C:\Users\Harshit\OneDrive\Desktop\stellar-spectra-ai\data\catalog\red_giants.csv
3.42303e+17,red_giant,215.13879,-0.90283,3.62e-05,304,51609,107,STAR,M3,C:\Users\Harshit\OneDrive\Desktop\stellar-spectra-ai\data\raw\red_giant\spec-0304-51609-0107.fits,C:\Users\Harshit\OneDrive\Desktop\stellar-spectra-ai\data\catalog\red_giants.csv
3.01755e+17,red_giant,149.93783,-0.81879212,1.19e-05,268,51633,52,STAR,K5,C:\Users\Harshit\OneDrive\Desktop\stellar-spectra-ai\data\raw\red_giant\spec-0268-51633-0052.fits,C:\Users\Harshit\OneDrive\Desktop\stellar-spectra-ai\data\catalog\red_giants.csv
3.01792e+17,red_giant,149.65236,-0.38533516,-2.55e-05,268,51633,186,STAR,M3,C:\Users\Harshit\OneDrive\Desktop\stellar-spectra-ai\data\raw\red_giant\spec-0268-51633-0186.fits,C:\Users\Harshit\OneDrive\Desktop\stellar-spectra-ai\data\catalog\red_giants.csv
3.01821e+17,red_giant,148.34904,-1.0635568,0.000116609,268,51633,290,STAR,M1,C:\Users\Harshit\OneDrive\Desktop\stellar-spectra-ai\data\raw\red_giant\spec-0268-51633-0290.fits,C:\Users\Harshit\OneDrive\Desktop\stellar-spectra-ai\data\catalog\red_giants.csv
3.01822e+17,red_giant,148.72993,-0.76054033,0.000503541,268,51633,295,STAR,K1,C:\Users\Harshit\OneDrive\Desktop\stellar-spectra-ai\data\raw\red_giant\spec-0268-51633-0295.fits,C:\Users\Harshit\OneDrive\Desktop\stellar-spectra-ai\data\catalog\red_giants.csv
3.0183e+17,red_giant,148.77811,1.1167403,0.000101337,268,51633,324,STAR,K3,C:\Users\Harshit\OneDrive\Desktop\stellar-spectra-ai\data\raw\red_giant\spec-0268-51633-0324.fits,C:\Users\Harshit\OneDrive\Desktop\stellar-spectra-ai\data\catalog\red_giants.csv
3.01837e+17,red_giant,147.94903,0.60333151,3.27e-05,268,51633,349,STAR,M2,C:\Users\Harshit\OneDrive\Desktop\stellar-spectra-ai\data\raw\red_giant\spec-0268-51633-0349.fits,C:\Users\Harshit\OneDrive\Desktop\stellar-spectra-ai\data\catalog\red_giants.csv
3.01862e+17,red_giant,149.24111,0.14031858,3.39e-05,268,51633,439,STAR,M7,C:\Users\Harshit\OneDrive\Desktop\stellar-spectra-ai\data\raw\red_giant\spec-0268-51633-0439.fits,C:\Users\Harshit\OneDrive\Desktop\stellar-spectra-ai\data\catalog\red_giants.csv
3.0187e+17,red_giant,149.41611,0.40912052,0.000179076,268,51633,467,STAR,M1,C:\Users\Harshit\OneDrive\Desktop\stellar-spectra-ai\data\raw\red_giant\spec-0268-51633-0467.fits,C:\Users\Harshit\OneDrive\Desktop\stellar-spectra-ai\data\catalog\red_giants.csv
3.01881e+17,red_giant,149.99838,0.63627988,0.000327543,268,51633,507,STAR,K3,C:\Users\Harshit\OneDrive\Desktop\stellar-spectra-ai\data\raw\red_giant\spec-0268-51633-0507.fits,C:\Users\Harshit\OneDrive\Desktop\stellar-spectra-ai\data\catalog\red_giants.csv
3.01886e+17,red_giant,149.66589,1.0547394,0.000177554,268,51633,528,STAR,K7,C:\Users\Harshit\OneDrive\Desktop\stellar-spectra-ai\data\raw\red_giant\spec-0268-51633-0528.fits,C:\Users\Harshit\OneDrive\Desktop\stellar-spectra-ai\data\catalog\red_giants.csv
3.01893e+17,red_giant,150.10747,0.19635549,8.62e-05,268,51633,553,STAR,K3,C:\Users\Harshit\OneDrive\Desktop\stellar-spectra-ai\data\raw\red_giant\spec-0268-51633-0553.fits,C:\Users\Harshit\OneDrive\Desktop\stellar-spectra-ai\data\catalog\red_giants.csv
3.01894e+17,red_giant,150.12601,0.40909457,-3.48e-05,268,51633,556,STAR,M4,C:\Users\Harshit\OneDrive\Desktop\stellar-spectra-ai\data\raw\red_giant\spec-0268-51633-0556.fits,C:\Users\Harshit\OneDrive\Desktop\stellar-spectra-ai\data\catalog\red_giants.csv
3.0191e+17,red_giant,150.0278,0.9245107,1.74e-05,268,51633,613,STAR,M0,C:\Users\Harshit\OneDrive\Desktop\stellar-spectra-ai\data\raw\red_giant\spec-0268-51633-0613.fits,C:\Users\Harshit\OneDrive\Desktop\stellar-spectra-ai\data\catalog\red_giants.csv
3.02878e+17,red_giant,151.28348,-1.2585743,0.000107412,269,51910,41,STAR,K5,C:\Users\Harshit\OneDrive\Desktop\stellar-spectra-ai\data\raw\red_giant\spec-0269-51910-0041.fits,C:\Users\Harshit\OneDrive\Desktop\stellar-spectra-ai\data\catalog\red_giants.csv
3.0288e+17,red_giant,151.29969,-1.2486452,-4.15e-05,269,51910,46,STAR,M0,C:\Users\Harshit\OneDrive\Desktop\stellar-spectra-ai\data\raw\red_giant\spec-0269-51910-0046.fits,C:\Users\Harshit\OneDrive\Desktop\stellar-spectra-ai\data\catalog\red_giants.csv
3.02881e+17,red_giant,151.34413,-1.146497,0.000176206,269,51910,49,STAR,K1,C:\Users\Harshit\OneDrive\Desktop\stellar-spectra-ai\data\raw\red_giant\spec-0269-51910-0049.fits,C:\Users\Harshit\OneDrive\Desktop\stellar-spectra-ai\data\catalog\red_giants.csv
3.0289e+17,red_giant,151.08873,-1.1110137,0.000347448,269,51910,85,STAR,M0,C:\Users\Harshit\OneDrive\Desktop\stellar-spectra-ai\data\raw\red_giant\spec-0269-51910-0085.fits,C:\Users\Harshit\OneDrive\Desktop\stellar-spectra-ai\data\catalog\red_giants.csv
3.02901e+17,red_giant,150.66008,-1.1994978,0.000121686,269,51910,123,STAR,M0,C:\Users\Harshit\OneDrive\Desktop\stellar-spectra-ai\data\raw\red_giant\spec-0269-51910-0123.fits,C:\Users\Harshit\OneDrive\Desktop\stellar-spectra-ai\data\catalog\red_giants.csv
3.02903e+17,red_giant,150.61191,-1.2451664,0.000125596,269,51910,129,STAR,K7,C:\Users\Harshit\OneDrive\Desktop\stellar-spectra-ai\data\raw\red_giant\spec-0269-51910-0129.fits,C:\Users\Harshit\OneDrive\Desktop\stellar-spectra-ai\data\catalog\red_giants.csv
3.02906e+17,red_giant,150.64445,-1.163734,-4.25e-05,269,51910,140,STAR,M1,C:\Users\Harshit\OneDrive\Desktop\stellar-spectra-ai\data\raw\red_giant\spec-0269-51910-0140.fits,C:\Users\Harshit\OneDrive\Desktop\stellar-spectra-ai\data\catalog\red_giants.csv
3.02922e+17,red_giant,150.55252,-1.1922472,-0.000111021,269,51910,201,STAR,K5,C:\Users\Harshit\OneDrive\Desktop\stellar-spectra-ai\data\raw\red_giant\spec-0269-51910-0201.fits,C:\Users\Harshit\OneDrive\Desktop\stellar-spectra-ai\data\catalog\red_giants.csv
4.26872e+17,red_giant,343.95163,1.0686477,-0.000291625,379,51789,568,STAR,M0,C:\Users\Harshit\OneDrive\Desktop\stellar-spectra-ai\data\raw\red_giant\spec-0379-51789-0568.fits,C:\Users\Harshit\OneDrive\Desktop\stellar-spectra-ai\data\catalog\red_giants.csv
4.27846e+17,red_giant,346.05569,-1.0022747,-3.81e-05,380,51792,14,STAR,M3,C:\Users\Harshit\OneDrive\Desktop\stellar-spectra-ai\data\raw\red_giant\spec-0380-51792-0014.fits,C:\Users\Harshit\OneDrive\Desktop\stellar-spectra-ai\data\catalog\red_giants.csv
4.27849e+17,red_giant,346.19126,-0.4542016,-4.17e-05,380,51792,25,STAR,K7,C:\Users\Harshit\OneDrive\Desktop\stellar-spectra-ai\data\raw\red_giant\spec-0380-51792-0025.fits,C:\Users\Harshit\OneDrive\Desktop\stellar-spectra-ai\data\catalog\red_giants.csv
4.27866e+17,red_giant,345.76455,-1.1157473,3.23e-05,380,51792,86,STAR,M2,C:\Users\Harshit\OneDrive\Desktop\stellar-spectra-ai\data\raw\red_giant\spec-0380-51792-0086.fits,C:\Users\Harshit\OneDrive\Desktop\stellar-spectra-ai\data\catalog\red_giants.csv
4.27868e+17,red_giant,345.52812,-1.1774349,-0.00046686,380,51792,94,STAR,M2,C:\Users\Harshit\OneDrive\Desktop\stellar-spectra-ai\data\raw\red_giant\spec-0380-51792-0094.fits,C:\Users\Harshit\OneDrive\Desktop\stellar-spectra-ai\data\catalog\red_giants.csv
4.27873e+17,red_giant,345.84355,-0.50454182,7.63e-06,380,51792,114,STAR,K3,C:\Users\Harshit\OneDrive\Desktop\stellar-spectra-ai\data\raw\red_giant\spec-0380-51792-0114.fits,C:\Users\Harshit\OneDrive\Desktop\stellar-spectra-ai\data\catalog\red_giants.csv
4.27876e+17,red_giant,345.48793,-1.2588486,6.09e-05,380,51792,122,STAR,M4,C:\Users\Harshit\OneDrive\Desktop\stellar-spectra-ai\data\raw\red_giant\spec-0380-51792-0122.fits,C:\Users\Harshit\OneDrive\Desktop\stellar-spectra-ai\data\catalog\red_giants.csv
4.27886e+17,red_giant,345.04525,-0.47835892,-0.00018305,380,51792,161,STAR,M4,C:\Users\Harshit\OneDrive\Desktop\stellar-spectra-ai\data\raw\red_giant\spec-0380-51792-0161.fits,C:\Users\Harshit\OneDrive\Desktop\stellar-spectra-ai\data\catalog\red_giants.csv
4.2789e+17,red_giant,345.1342,0.015780425,0.000109686,380,51792,175,STAR,M5,C:\Users\Harshit\OneDrive\Desktop\stellar-spectra-ai\data\raw\red_giant\spec-0380-51792-0175.fits,C:\Users\Harshit\OneDrive\Desktop\stellar-spectra-ai\data\catalog\red_giants.csv
4.27891e+17,red_giant,345.14748,-0.052489703,-4.51e-05,380,51792,179,STAR,M3,C:\Users\Harshit\OneDrive\Desktop\stellar-spectra-ai\data\raw\red_giant\spec-0380-51792-0179.fits,C:\Users\Harshit\OneDrive\Desktop\stellar-spectra-ai\data\catalog\red_giants.csv
4.27892e+17,red_giant,345.01448,-0.53853733,-7.06e-05,380,51792,182,STAR,M5,C:\Users\Harshit\OneDrive\Desktop\stellar-spectra-ai\data\raw\red_giant\spec-0380-51792-0182.fits,C:\Users\Harshit\OneDrive\Desktop\stellar-spectra-ai\data\catalog\red_giants.csv
4.27898e+17,red_giant,344.95428,-1.1680681,-0.000302394,380,51792,203,STAR,K1,C:\Users\Harshit\OneDrive\Desktop\stellar-spectra-ai\data\raw\red_giant\spec-0380-51792-0203.fits,C:\Users\Harshit\OneDrive\Desktop\stellar-spectra-ai\data\catalog\red_giants.csv
4.27901e+17,red_giant,344.97765,-0.72430679,-2.78e-05,380,51792,216,STAR,M8,C:\Users\Harshit\OneDrive\Desktop\stellar-spectra-ai\data\raw\red_giant\spec-0380-51792-0216.fits,C:\Users\Harshit\OneDrive\Desktop\stellar-spectra-ai\data\catalog\red_giants.csv
4.27907e+17,red_giant,344.63438,0.008317457,-0.000294568,380,51792,238,STAR,M7,C:\Users\Harshit\OneDrive\Desktop\stellar-spectra-ai\data\raw\red_giant\spec-0380-51792-0238.fits,C:\Users\Harshit\OneDrive\Desktop\stellar-spectra-ai\data\catalog\red_giants.csv
4.27929e+17,red_giant,343.96066,0.041273929,6.69e-05,380,51792,316,STAR,K5,C:\Users\Harshit\OneDrive\Desktop\stellar-spectra-ai\data\raw\red_giant\spec-0380-51792-0316.fits,C:\Users\Harshit\OneDrive\Desktop\stellar-spectra-ai\data\catalog\red_giants.csv
4.2794e+17,red_giant,343.99271,0.48136008,-0.000134324,380,51792,357,STAR,M6,C:\Users\Harshit\OneDrive\Desktop\stellar-spectra-ai\data\raw\red_giant\spec-0380-51792-0357.fits,C:\Users\Harshit\OneDrive\Desktop\stellar-spectra-ai\data\catalog\red_giants.csv
4.27943e+17,red_giant,344.75678,1.2026228,-7.42e-05,380,51792,369,STAR,M8,C:\Users\Harshit\OneDrive\Desktop\stellar-spectra-ai\data\raw\red_giant\spec-0380-51792-0369.fits,C:\Users\Harshit\OneDrive\Desktop\stellar-spectra-ai\data\catalog\red_giants.csv
4.27945e+17,red_giant,344.64025,0.93917872,-7.47e-05,380,51792,375,STAR,M6,C:\Users\Harshit\OneDrive\Desktop\stellar-spectra-ai\data\raw\red_giant\spec-0380-51792-0375.fits,C:\Users\Harshit\OneDrive\Desktop\stellar-spectra-ai\data\catalog\red_giants.csv
4.27948e+17,red_giant,344.57763,0.72639809,-3.74e-05,380,51792,387,STAR,M1,C:\Users\Harshit\OneDrive\Desktop\stellar-spectra-ai\data\raw\red_giant\spec-0380-51792-0387.fits,C:\Users\Harshit\OneDrive\Desktop\stellar-spectra-ai\data\catalog\red_giants.csv
4.27958e+17,red_giant,344.83795,0.40923691,-4.74e-05,380,51792,421,STAR,M3,C:\Users\Harshit\OneDrive\Desktop\stellar-spectra-ai\data\raw\red_giant\spec-0380-51792-0421.fits,C:\Users\Harshit\OneDrive\Desktop\stellar-spectra-ai\data\catalog\red_giants.csv
4.27959e+17,red_giant,344.73278,0.58220592,0.000167805,380,51792,425,STAR,M0,C:\Users\Harshit\OneDrive\Desktop\stellar-spectra-ai\data\raw\red_giant\spec-0380-51792-0425.fits,C:\Users\Harshit\OneDrive\Desktop\stellar-spectra-ai\data\catalog\red_giants.csv
4.27961e+17,red_giant,344.69743,0.6493677,3.53e-05,380,51792,434,STAR,M7,C:\Users\Harshit\OneDrive\Desktop\stellar-spectra-ai\data\raw\red_giant\spec-0380-51792-0434.fits,C:\Users\Harshit\OneDrive\Desktop\stellar-spectra-ai\data\catalog\red_giants.csv
4.27963e+17,red_giant,344.77935,0.26496349,4.24e-05,380,51792,439,STAR,M2,C:\Users\Harshit\OneDrive\Desktop\stellar-spectra-ai\data\raw\red_giant\spec-0380-51792-0439.fits,C:\Users\Harshit\OneDrive\Desktop\stellar-spectra-ai\data\catalog\red_giants.csv
4.43762e+17,red_giant,13.56127,0.68097871,-6.17e-05,394,51913,572,STAR,M5,C:\Users\Harshit\OneDrive\Desktop\stellar-spectra-ai\data\raw\red_giant\spec-0394-51913-0572.fits,C:\Users\Harshit\OneDrive\Desktop\stellar-spectra-ai\data\catalog\red_giants.csv
3.78459e+17,red_giant,191.98305,-1.4705755,-3.03e-05,336,51999,569,STAR,K1,C:\Users\Harshit\OneDrive\Desktop\stellar-spectra-ai\data\raw\red_giant\spec-0336-51999-0569.fits,C:\Users\Harshit\OneDrive\Desktop\stellar-spectra-ai\data\catalog\red_giants.csv
3.78477e+17,red_giant,192.30272,-1.8632883,-6.07e-05,336,51999,636,STAR,M0,C:\Users\Harshit\OneDrive\Desktop\stellar-spectra-ai\data\raw\red_giant\spec-0336-51999-0636.fits,C:\Users\Harshit\OneDrive\Desktop\stellar-spectra-ai\data\catalog\red_giants.csv
3.79429e+17,red_giant,193.87164,-3.515495,-0.000112716,337,51997,2,STAR,M0V,C:\Users\Harshit\OneDrive\Desktop\stellar-spectra-ai\data\raw\red_giant\spec-0337-51997-0002.fits,C:\Users\Harshit\OneDrive\Desktop\stellar-spectra-ai\data\catalog\red_giants.csv
3.79435e+17,red_giant,194.05855,-2.7600672,3.67e-05,337,51997,26,STAR,K5,C:\Users\Harshit\OneDrive\Desktop\stellar-spectra-ai\data\raw\red_giant\spec-0337-51997-0026.fits,C:\Users\Harshit\OneDrive\Desktop\stellar-spectra-ai\data\catalog\red_giants.csv
3.7945e+17,red_giant,193.96163,-2.6861287,-8.73e-06,337,51997,80,STAR,K3,C:\Users\Harshit\OneDrive\Desktop\stellar-spectra-ai\data\raw\red_giant\spec-0337-51997-0080.fits,C:\Users\Harshit\OneDrive\Desktop\stellar-spectra-ai\data\catalog\red_giants.csv
3.79455e+17,red_giant,193.27417,-3.5071846,0.00013271,337,51997,98,STAR,M3,C:\Users\Harshit\OneDrive\Desktop\stellar-spectra-ai\data\raw\red_giant\spec-0337-51997-0098.fits,C:\Users\Harshit\OneDrive\Desktop\stellar-spectra-ai\data\catalog\red_giants.csv
3.79464e+17,red_giant,192.9164,-3.334982,-0.000114576,337,51997,129,STAR,K5,C:\Users\Harshit\OneDrive\Desktop\stellar-spectra-ai\data\raw\red_giant\spec-0337-51997-0129.fits,C:\Users\Harshit\OneDrive\Desktop\stellar-spectra-ai\data\catalog\red_giants.csv
3.79475e+17,red_giant,193.1505,-2.8269678,-2.66e-05,337,51997,170,STAR,K7,C:\Users\Harshit\OneDrive\Desktop\stellar-spectra-ai\data\raw\red_giant\spec-0337-51997-0170.fits,C:\Users\Harshit\OneDrive\Desktop\stellar-spectra-ai\data\catalog\red_giants.csv
3.79479e+17,red_giant,193.01936,-3.0069395,0.000273642,337,51997,184,STAR,M8,C:\Users\Harshit\OneDrive\Desktop\stellar-spectra-ai\data\raw\red_giant\spec-0337-51997-0184.fits,C:\Users\Harshit\OneDrive\Desktop\stellar-spectra-ai\data\catalog\red_giants.csv
3.7948e+17,red_giant,192.82525,-2.8957885,2.7e-05,337,51997,189,STAR,K5,C:\Users\Harshit\OneDrive\Desktop\stellar-spectra-ai\data\raw\red_giant\spec-0337-51997-0189.fits,C:\Users\Harshit\OneDrive\Desktop\stellar-spectra-ai\data\catalog\red_giants.csv
3.79482e+17,red_giant,192.96766,-2.594157,0.00015643,337,51997,197,STAR,M6,C:\Users\Harshit\OneDrive\Desktop\stellar-spectra-ai\data\raw\red_giant\spec-0337-51997-0197.fits,C:\Users\Harshit\OneDrive\Desktop\stellar-spectra-ai\data\catalog\red_giants.csv
3.79484e+17,red_giant,192.49757,-3.2576949,3.79e-05,337,51997,203,STAR,M7,C:\Users\Harshit\OneDrive\Desktop\stellar-spectra-ai\data\raw\red_giant\spec-0337-51997-0203.fits,C:\Users\Harshit\OneDrive\Desktop\stellar-spectra-ai\data\catalog\red_giants.csv
3.79492e+17,red_giant,192.68231,-3.1461724,-0.000164567,337,51997,232,STAR,M2,C:\Users\Harshit\OneDrive\Desktop\stellar-spectra-ai\data\raw\red_giant\spec-0337-51997-0232.fits,C:\Users\Harshit\OneDrive\Desktop\stellar-spectra-ai\data\catalog\red_giants.csv
3.79493e+17,red_giant,192.76688,-2.5446916,3.57e-05,337,51997,235,STAR,M7,C:\Users\Harshit\OneDrive\Desktop\stellar-spectra-ai\data\raw\red_giant\spec-0337-51997-0235.fits,C:\Users\Harshit\OneDrive\Desktop\stellar-spectra-ai\data\catalog\red_giants.csv
